{
"type": "FeatureCollection",
"name": "nta_environmental_snapshot",
"crs": { "type": "name", "properties": { "name": "urn:ogc:def:crs:OGC:1.3:CRS84" } },
"features": [
{ "type": "Feature", "properties": { "nta_code": "BK09", "nta_name": "Brooklyn Heights-Cobble Hill", "boro_name": "Brooklyn", "trees_2015": 1767, "trees_2005": 2079, "area_km2": 0.95, "density_2005": 2188.4, "density_2015": 1860.0, "tree_change": -312, "pct_change": -15.0, "data_mode": "official", "generated_at": "2026-08-11T04:47:12.996138+00:00", "tree_source_year": 2015, "geography_vintage": 2010, "dataset_geography": "NTA2010", "tree_2005_unassigned_count": 24027, "tree_2005_mapping_coverage_pct": 95.9 }, "geometry": { "type": "Polygon", "coordinates": [ [ [ -73.989473, 40.692296 ], [ -73.988966, 40.692099 ], [ -73.989328, 40.691002 ], [ -73.989737, 40.69036 ], [ -73.990166, 40.689729 ], [ -73.990648, 40.68913 ], [ -73.992364, 40.68969 ], [ -73.994361, 40.690239 ], [ -73.996233, 40.690758 ], [ -73.997793, 40.691188 ], [ -74.000495, 40.691938 ], [ -74.001881, 40.692476 ], [ -74.001546, 40.693147 ], [ -74.001425, 40.693217 ], [ -74.000688, 40.693645 ], [ -74.000625, 40.693991 ], [ -74.000621, 40.694012 ], [ -74.000446, 40.694947 ], [ -74.000424, 40.694995 ], [ -73.999946, 40.696047 ], [ -73.999651, 40.696479 ], [ -73.999608, 40.696575 ], [ -73.999246, 40.697148 ], [ -73.999187, 40.697278 ], [ -73.998846, 40.698046 ], [ -73.998789, 40.698149 ], [ -73.998409, 40.698834 ], [ -73.998346, 40.698946 ], [ -73.997945, 40.69955 ], [ -73.99793, 40.699581 ], [ -73.997641, 40.700156 ], [ -73.995657, 40.702851 ], [ -73.995627, 40.702891 ], [ -73.995523, 40.703258 ], [ -73.994908, 40.703047 ], [ -73.994709, 40.702994 ], [ -73.99444, 40.702909 ], [ -73.994177, 40.702825 ], [ -73.993267, 40.702435 ], [ -73.992612, 40.702061 ], [ -73.992221, 40.701778 ], [ -73.99129, 40.701049 ], [ -73.990935, 40.700767 ], [ -73.991031, 40.699845 ], [ -73.991365, 40.69701 ], [ -73.991298, 40.696579 ], [ -73.990746, 40.695034 ], [ -73.990663, 40.694561 ], [ -73.990447, 40.693735 ], [ -73.990728, 40.693048 ], [ -73.990972, 40.692549 ], [ -73.989473, 40.692296 ] ] ] } },
{ "type": "Feature", "properties": { "nta_code": "BK17", "nta_name": "Sheepshead Bay-Gerritsen Beach-Manhattan Beach", "boro_name": "Brooklyn", "trees_2015": 5321, "trees_2005": 5275, "area_km2": 5.91, "density_2005": 892.6, "density_2015": 900.3, "tree_change": 46, "pct_change": 0.9, "data_mode": "official", "generated_at": "2026-08-11T04:47:12.996138+00:00", "tree_source_year": 2015, "geography_vintage": 2010, "dataset_geography": "NTA2010", "tree_2005_unassigned_count": 24027, "tree_2005_mapping_coverage_pct": 95.9 }, "geometry": { "type": "Polygon", "coordinates": [ [ [ -73.953737, 40.581352 ], [ -73.953838, 40.581745 ], [ -73.954032, 40.582517 ], [ -73.954143, 40.583105 ], [ -73.955174, 40.582916 ], [ -73.956041, 40.582736 ], [ -73.956536, 40.582659 ], [ -73.956763, 40.582829 ], [ -73.960031, 40.583284 ], [ -73.960087, 40.583486 ], [ -73.960235, 40.584522 ], [ -73.960231, 40.584676 ], [ -73.960257, 40.584839 ], [ -73.960296, 40.586505 ], [ -73.96035, 40.587307 ], [ -73.958195, 40.587544 ], [ -73.957126, 40.587661 ], [ -73.956193, 40.587762 ], [ -73.956588, 40.589884 ], [ -73.956657, 40.590125 ], [ -73.957003, 40.592002 ], [ -73.956077, 40.592101 ], [ -73.956556, 40.594648 ], [ -73.956928, 40.596612 ], [ -73.956001, 40.596714 ], [ -73.955076, 40.596816 ], [ -73.95315, 40.597028 ], [ -73.952204, 40.597131 ], [ -73.951006, 40.597262 ], [ -73.949973, 40.597377 ], [ -73.949047, 40.597479 ], [ -73.947192, 40.597682 ], [ -73.94623, 40.597789 ], [ -73.945265, 40.597894 ], [ -73.943411, 40.598098 ], [ -73.942484, 40.598201 ], [ -73.942889, 40.600318 ], [ -73.941891, 40.600427 ], [ -73.939967, 40.60064 ], [ -73.939042, 40.600742 ], [ -73.938113, 40.600844 ], [ -73.93715, 40.600949 ], [ -73.936197, 40.601055 ], [ -73.935259, 40.601142 ], [ -73.934471, 40.601231 ], [ -73.935032, 40.601734 ], [ -73.934263, 40.60223 ], [ -73.933551, 40.602687 ], [ -73.931734, 40.601062 ], [ -73.928131, 40.597778 ], [ -73.929569, 40.59682 ], [ -73.926533, 40.594104 ], [ -73.925472, 40.593149 ], [ -73.923638, 40.591497 ], [ -73.922308, 40.590308 ], [ -73.92096, 40.589095 ], [ -73.917709, 40.586269 ], [ -73.918283, 40.585592 ], [ -73.920338, 40.584607 ], [ -73.926104, 40.584825 ], [ -73.927207, 40.584802 ], [ -73.928169, 40.585167 ], [ -73.928397, 40.585268 ], [ -73.928367, 40.585162 ], [ -73.931369, 40.586071 ], [ -73.931078, 40.584388 ], [ -73.932042, 40.584234 ], [ -73.931842, 40.58292 ], [ -73.931946, 40.582022 ], [ -73.929387, 40.572613 ], [ -73.946549, 40.57083 ], [ -73.947001003135895, 40.570783074080396 ], [ -73.950050063627884, 40.573363045895498 ], [ -73.952170123809495, 40.5732083614595 ], [ -73.952325, 40.574134 ], [ -73.952426, 40.574559 ], [ -73.952874, 40.576882 ], [ -73.953342, 40.579267 ], [ -73.953737, 40.581352 ] ] ] } },
{ "type": "Feature", "properties": { "nta_code": "BK19", "nta_name": "Brighton Beach", "boro_name": "Brooklyn", "trees_2015": 1281, "trees_2005": 1055, "area_km2": 1.59, "density_2005": 663.5, "density_2015": 805.7, "tree_change": 226, "pct_change": 21.4, "data_mode": "official", "generated_at": "2026-08-11T04:47:12.996138+00:00", "tree_source_year": 2015, "geography_vintage": 2010, "dataset_geography": "NTA2010", "tree_2005_unassigned_count": 24027, "tree_2005_mapping_coverage_pct": 95.9 }, "geometry": { "type": "Polygon", "coordinates": [ [ [ -73.959395, 40.574077 ], [ -73.959414, 40.575158 ], [ -73.961034, 40.575076 ], [ -73.962881, 40.574983 ], [ -73.964711, 40.574782 ], [ -73.966754, 40.574833 ], [ -73.967567, 40.574882 ], [ -73.968791, 40.575211 ], [ -73.968535, 40.576291 ], [ -73.968525, 40.576341 ], [ -73.968074, 40.578313 ], [ -73.967602, 40.580362 ], [ -73.967332, 40.581531 ], [ -73.966894, 40.583348 ], [ -73.966762, 40.583977 ], [ -73.966709, 40.58424 ], [ -73.966614, 40.584575 ], [ -73.96633, 40.585896 ], [ -73.96615, 40.586669 ], [ -73.965975, 40.587432 ], [ -73.965814, 40.588133 ], [ -73.965641, 40.588888 ], [ -73.965302, 40.590358 ], [ -73.965129, 40.591108 ], [ -73.962838, 40.59136 ], [ -73.96068, 40.591598 ], [ -73.960517, 40.589453 ], [ -73.96035, 40.587307 ], [ -73.960296, 40.586505 ], [ -73.960257, 40.584839 ], [ -73.960231, 40.584676 ], [ -73.960235, 40.584522 ], [ -73.960087, 40.583486 ], [ -73.960031, 40.583284 ], [ -73.956763, 40.582829 ], [ -73.956536, 40.582659 ], [ -73.956041, 40.582736 ], [ -73.955174, 40.582916 ], [ -73.954143, 40.583105 ], [ -73.954032, 40.582517 ], [ -73.953838, 40.581745 ], [ -73.953737, 40.581352 ], [ -73.953342, 40.579267 ], [ -73.952874, 40.576882 ], [ -73.952426, 40.574559 ], [ -73.952325, 40.574134 ], [ -73.952170123809495, 40.5732083614595 ], [ -73.959380344524803, 40.5726822872778 ], [ -73.959395, 40.574077 ] ] ] } },
{ "type": "Feature", "properties": { "nta_code": "BK21", "nta_name": "Seagate-Coney Island", "boro_name": "Brooklyn", "trees_2015": 1454, "trees_2005": 1398, "area_km2": 3.45, "density_2005": 405.2, "density_2015": 421.4, "tree_change": 56, "pct_change": 4.0, "data_mode": "official", "generated_at": "2026-08-11T04:47:12.996138+00:00", "tree_source_year": 2015, "geography_vintage": 2010, "dataset_geography": "NTA2010", "tree_2005_unassigned_count": 24027, "tree_2005_mapping_coverage_pct": 95.9 }, "geometry": { "type": "Polygon", "coordinates": [ [ [ -73.980645, 40.575566 ], [ -73.979639, 40.575537 ], [ -73.978854, 40.575502 ], [ -73.97675, 40.575319 ], [ -73.976619, 40.575301 ], [ -73.973451, 40.574799 ], [ -73.973028, 40.57605 ], [ -73.970781, 40.575788 ], [ -73.96992, 40.575583 ], [ -73.968791, 40.575211 ], [ -73.967567, 40.574882 ], [ -73.966754, 40.574833 ], [ -73.964711, 40.574782 ], [ -73.962881, 40.574983 ], [ -73.961034, 40.575076 ], [ -73.959414, 40.575158 ], [ -73.959395, 40.574077 ], [ -73.959380344524803, 40.5726822872778 ], [ -73.975355636266002, 40.571516693482394 ], [ -73.975466635494001, 40.571508594725103 ], [ -73.977440780017005, 40.571364556629 ], [ -73.977941593769302, 40.571328016113 ], [ -73.990667, 40.570399541391794 ], [ -73.990751198422899, 40.570393398082395 ], [ -73.991346, 40.57035 ], [ -73.992687349041205, 40.570384191250099 ], [ -73.992830381209103, 40.570387837168099 ], [ -73.994907385909698, 40.570440780425095 ], [ -73.995042292204104, 40.570444219213002 ], [ -73.996952208566697, 40.5704929033556 ], [ -73.997130582548905, 40.570497450143399 ], [ -73.999220620136199, 40.570550725611298 ], [ -73.999284837605998, 40.570552362527202 ], [ -74.002051961675491, 40.5706228970623 ], [ -74.002056, 40.570623 ], [ -74.00903, 40.572846 ], [ -74.010555326894703, 40.573703486576498 ], [ -74.011883039882193, 40.574449881377603 ], [ -74.012022, 40.574528 ], [ -74.012043708075595, 40.574609148976492 ], [ -74.012322874750893, 40.575652727893001 ], [ -74.012587579482499, 40.576642245273 ], [ -74.012885350012198, 40.577755368988299 ], [ -74.012996, 40.578169 ], [ -74.012780931424487, 40.578373803939002 ], [ -74.012011889593296, 40.579106141501001 ], [ -74.01166155084141, 40.579439759539603 ], [ -74.007276, 40.583616 ], [ -74.007116653340702, 40.583814130905594 ], [ -74.004168, 40.583193 ], [ -73.990679, 40.58006 ], [ -73.988222, 40.580281 ], [ -73.989398, 40.580463 ], [ -73.989545, 40.581933 ], [ -73.987084, 40.584619 ], [ -73.986276, 40.58448 ], [ -73.984928, 40.584596 ], [ -73.980839, 40.583314 ], [ -73.974563, 40.583124 ], [ -73.974574, 40.582911 ], [ -73.974541, 40.582351 ], [ -73.974762, 40.579982 ], [ -73.976212, 40.579828 ], [ -73.977941, 40.579626 ], [ -73.979606, 40.579444 ], [ -73.981476, 40.579236 ], [ -73.981939, 40.5792 ], [ -73.981202, 40.575565 ], [ -73.980645, 40.575566 ] ] ] } },
{ "type": "Feature", "properties": { "nta_code": "BK23", "nta_name": "West Brighton", "boro_name": "Brooklyn", "trees_2015": 481, "trees_2005": 366, "area_km2": 0.81, "density_2005": 451.9, "density_2015": 593.8, "tree_change": 115, "pct_change": 31.4, "data_mode": "official", "generated_at": "2026-08-11T04:47:12.996138+00:00", "tree_source_year": 2015, "geography_vintage": 2010, "dataset_geography": "NTA2010", "tree_2005_unassigned_count": 24027, "tree_2005_mapping_coverage_pct": 95.9 }, "geometry": { "type": "Polygon", "coordinates": [ [ [ -73.976212, 40.579828 ], [ -73.974762, 40.579982 ], [ -73.974541, 40.582351 ], [ -73.974574, 40.582911 ], [ -73.974563, 40.583124 ], [ -73.973085, 40.58343 ], [ -73.971745, 40.583663 ], [ -73.970846, 40.58382 ], [ -73.969715, 40.583994 ], [ -73.969063, 40.584 ], [ -73.967815, 40.584539 ], [ -73.966614, 40.584575 ], [ -73.966709, 40.58424 ], [ -73.966762, 40.583977 ], [ -73.966894, 40.583348 ], [ -73.967332, 40.581531 ], [ -73.967602, 40.580362 ], [ -73.968074, 40.578313 ], [ -73.968525, 40.576341 ], [ -73.968535, 40.576291 ], [ -73.968791, 40.575211 ], [ -73.96992, 40.575583 ], [ -73.970781, 40.575788 ], [ -73.973028, 40.57605 ], [ -73.973451, 40.574799 ], [ -73.976619, 40.575301 ], [ -73.97675, 40.575319 ], [ -73.978854, 40.575502 ], [ -73.979639, 40.575537 ], [ -73.980645, 40.575566 ], [ -73.981202, 40.575565 ], [ -73.981939, 40.5792 ], [ -73.981476, 40.579236 ], [ -73.979606, 40.579444 ], [ -73.977941, 40.579626 ], [ -73.976212, 40.579828 ] ] ] } },
{ "type": "Feature", "properties": { "nta_code": "BK25", "nta_name": "Homecrest", "boro_name": "Brooklyn", "trees_2015": 4247, "trees_2005": 3165, "area_km2": 2.78, "density_2005": 1138.5, "density_2015": 1527.7, "tree_change": 1082, "pct_change": 34.2, "data_mode": "official", "generated_at": "2026-08-11T04:47:12.996138+00:00", "tree_source_year": 2015, "geography_vintage": 2010, "dataset_geography": "NTA2010", "tree_2005_unassigned_count": 24027, "tree_2005_mapping_coverage_pct": 95.9 }, "geometry": { "type": "Polygon", "coordinates": [ [ [ -73.968371, 40.59075 ], [ -73.970224, 40.59054 ], [ -73.971151, 40.590443 ], [ -73.971555, 40.59256 ], [ -73.971782, 40.593756 ], [ -73.971897, 40.594353 ], [ -73.971765, 40.595112 ], [ -73.971533, 40.596369 ], [ -73.971329, 40.596353 ], [ -73.971484, 40.597172 ], [ -73.971911, 40.599423 ], [ -73.972911, 40.599315 ], [ -73.972565, 40.601794 ], [ -73.972352, 40.603348 ], [ -73.972178, 40.604195 ], [ -73.97259, 40.606671 ], [ -73.972994, 40.608814 ], [ -73.971913, 40.608936 ], [ -73.96997, 40.60915 ], [ -73.969041, 40.609254 ], [ -73.967668, 40.609404 ], [ -73.965224, 40.609674 ], [ -73.964296, 40.609777 ], [ -73.964781, 40.612331 ], [ -73.963853, 40.612433 ], [ -73.96286, 40.61255 ], [ -73.96238, 40.609986 ], [ -73.960444, 40.610202 ], [ -73.95952, 40.610302 ], [ -73.958593, 40.610403 ], [ -73.95828, 40.608747 ], [ -73.957724, 40.6058 ], [ -73.957283, 40.60347 ], [ -73.95683, 40.601087 ], [ -73.957757, 40.600986 ], [ -73.957332, 40.598731 ], [ -73.956928, 40.596612 ], [ -73.956556, 40.594648 ], [ -73.956077, 40.592101 ], [ -73.957003, 40.592002 ], [ -73.956657, 40.590125 ], [ -73.956588, 40.589884 ], [ -73.956193, 40.587762 ], [ -73.957126, 40.587661 ], [ -73.958195, 40.587544 ], [ -73.96035, 40.587307 ], [ -73.960517, 40.589453 ], [ -73.96068, 40.591598 ], [ -73.962838, 40.59136 ], [ -73.965129, 40.591108 ], [ -73.966519, 40.590953 ], [ -73.967445, 40.590851 ], [ -73.968371, 40.59075 ] ] ] } },
{ "type": "Feature", "properties": { "nta_code": "BK26", "nta_name": "Gravesend", "boro_name": "Brooklyn", "trees_2015": 1412, "trees_2005": 1117, "area_km2": 2.96, "density_2005": 377.4, "density_2015": 477.0, "tree_change": 295, "pct_change": 26.4, "data_mode": "official", "generated_at": "2026-08-11T04:47:12.996138+00:00", "tree_source_year": 2015, "geography_vintage": 2010, "dataset_geography": "NTA2010", "tree_2005_unassigned_count": 24027, "tree_2005_mapping_coverage_pct": 95.9 }, "geometry": { "type": "Polygon", "coordinates": [ [ [ -73.993758, 40.590332 ], [ -73.992558, 40.589922 ], [ -73.991539, 40.590391 ], [ -73.990364, 40.591432 ], [ -73.989621, 40.590982 ], [ -73.987988, 40.592553 ], [ -73.986019, 40.594446 ], [ -73.984678, 40.593659 ], [ -73.98464, 40.593552 ], [ -73.98179, 40.593868 ], [ -73.980711, 40.593997 ], [ -73.979955, 40.594074 ], [ -73.980358, 40.596192 ], [ -73.977507, 40.596506 ], [ -73.975588, 40.596719 ], [ -73.97324, 40.596979 ], [ -73.971484, 40.597172 ], [ -73.971329, 40.596353 ], [ -73.971533, 40.596369 ], [ -73.971765, 40.595112 ], [ -73.971897, 40.594353 ], [ -73.971782, 40.593756 ], [ -73.971555, 40.59256 ], [ -73.971151, 40.590443 ], [ -73.970224, 40.59054 ], [ -73.968371, 40.59075 ], [ -73.967445, 40.590851 ], [ -73.966519, 40.590953 ], [ -73.965129, 40.591108 ], [ -73.965302, 40.590358 ], [ -73.965641, 40.588888 ], [ -73.965814, 40.588133 ], [ -73.965975, 40.587432 ], [ -73.96615, 40.586669 ], [ -73.96633, 40.585896 ], [ -73.966614, 40.584575 ], [ -73.967815, 40.584539 ], [ -73.969063, 40.584 ], [ -73.969715, 40.583994 ], [ -73.970846, 40.58382 ], [ -73.971745, 40.583663 ], [ -73.973085, 40.58343 ], [ -73.974563, 40.583124 ], [ -73.980839, 40.583314 ], [ -73.984928, 40.584596 ], [ -73.986276, 40.58448 ], [ -73.987084, 40.584619 ], [ -73.989545, 40.581933 ], [ -73.989398, 40.580463 ], [ -73.988222, 40.580281 ], [ -73.990679, 40.58006 ], [ -74.004168, 40.583193 ], [ -74.007116653340702, 40.583814130905594 ], [ -74.006350388503392, 40.584766901091292 ], [ -74.000484, 40.587377 ], [ -73.998031, 40.588466 ], [ -73.993758, 40.590332 ] ] ] } },
{ "type": "Feature", "properties": { "nta_code": "BK27", "nta_name": "Bath Beach", "boro_name": "Brooklyn", "trees_2015": 1818, "trees_2005": 1276, "area_km2": 1.95, "density_2005": 654.4, "density_2015": 932.3, "tree_change": 542, "pct_change": 42.5, "data_mode": "official", "generated_at": "2026-08-11T04:47:12.996138+00:00", "tree_source_year": 2015, "geography_vintage": 2010, "dataset_geography": "NTA2010", "tree_2005_unassigned_count": 24027, "tree_2005_mapping_coverage_pct": 95.9 }, "geometry": { "type": "Polygon", "coordinates": [ [ [ -74.011640077674699, 40.6009072640271 ], [ -74.012147748898101, 40.6009913434564 ], [ -74.015261613993388, 40.601507055176697 ], [ -74.020022139240098, 40.602295483252199 ], [ -74.01945, 40.602828 ], [ -74.019225, 40.60311 ], [ -74.018641, 40.603655 ], [ -74.018231, 40.604108 ], [ -74.017284, 40.605138 ], [ -74.015499, 40.606842 ], [ -74.017019, 40.607655 ], [ -74.015224, 40.609357 ], [ -74.013482, 40.611038 ], [ -74.011712, 40.612735 ], [ -74.010504, 40.613897 ], [ -74.008304, 40.612568 ], [ -74.006014, 40.611325 ], [ -74.003425, 40.609969 ], [ -74.002665, 40.60957 ], [ -74.001853, 40.609137 ], [ -74.000935, 40.608637 ], [ -74.001309, 40.608344 ], [ -74.001718, 40.608003 ], [ -74.00195, 40.607818 ], [ -74.002644, 40.607257 ], [ -74.004425, 40.605568 ], [ -74.004934, 40.605075 ], [ -74.00263, 40.603847 ], [ -74.001098, 40.603034 ], [ -74.000324, 40.60262 ], [ -74.000022, 40.602907 ], [ -73.998563, 40.602028 ], [ -73.997824, 40.601578 ], [ -73.996365, 40.600696 ], [ -73.995594, 40.600233 ], [ -73.99734, 40.598552 ], [ -73.998672, 40.597269 ], [ -73.999377, 40.59662 ], [ -74.000471, 40.595939 ], [ -74.000291, 40.595706 ], [ -74.001866, 40.594219 ], [ -74.002557691665501, 40.593583384490294 ], [ -74.003281201683009, 40.595753918047798 ], [ -74.004217050851395, 40.596370294970001 ], [ -74.004886750644204, 40.596811378331594 ], [ -74.005841586060484, 40.597440260137596 ], [ -74.007878322290097, 40.598781712639692 ], [ -74.009324907244789, 40.599734474700398 ], [ -74.010926, 40.600789 ], [ -74.011640077674699, 40.6009072640271 ] ] ] } },
{ "type": "Feature", "properties": { "nta_code": "BK28", "nta_name": "Bensonhurst West", "boro_name": "Brooklyn", "trees_2015": 4258, "trees_2005": 3751, "area_km2": 4.34, "density_2005": 864.3, "density_2015": 981.1, "tree_change": 507, "pct_change": 13.5, "data_mode": "official", "generated_at": "2026-08-11T04:47:12.996138+00:00", "tree_source_year": 2015, "geography_vintage": 2010, "dataset_geography": "NTA2010", "tree_2005_unassigned_count": 24027, "tree_2005_mapping_coverage_pct": 95.9 }, "geometry": { "type": "Polygon", "coordinates": [ [ [ -74.000291, 40.595706 ], [ -74.000471, 40.595939 ], [ -73.999377, 40.59662 ], [ -73.998672, 40.597269 ], [ -73.99734, 40.598552 ], [ -73.995594, 40.600233 ], [ -73.996365, 40.600696 ], [ -73.997824, 40.601578 ], [ -73.998563, 40.602028 ], [ -74.000022, 40.602907 ], [ -74.000324, 40.60262 ], [ -74.001098, 40.603034 ], [ -74.00263, 40.603847 ], [ -74.004934, 40.605075 ], [ -74.004425, 40.605568 ], [ -74.002644, 40.607257 ], [ -74.00195, 40.607818 ], [ -74.001718, 40.608003 ], [ -74.001309, 40.608344 ], [ -74.000935, 40.608637 ], [ -74.001853, 40.609137 ], [ -74.002665, 40.60957 ], [ -74.003425, 40.609969 ], [ -74.006014, 40.611325 ], [ -74.008304, 40.612568 ], [ -74.010504, 40.613897 ], [ -74.009924, 40.614457 ], [ -74.009341, 40.615015 ], [ -74.008177, 40.616133 ], [ -74.007599, 40.616695 ], [ -74.006434, 40.617814 ], [ -74.005227, 40.618973 ], [ -74.004019, 40.620136 ], [ -74.003436, 40.620696 ], [ -74.002857, 40.621253 ], [ -74.002276, 40.621815 ], [ -74.001202, 40.622843 ], [ -74.00053, 40.62349 ], [ -73.999946, 40.624051 ], [ -73.999321, 40.624656 ], [ -73.997713, 40.62368 ], [ -73.997484, 40.62452 ], [ -73.997241, 40.625289 ], [ -73.996788, 40.626826 ], [ -73.995079, 40.625807 ], [ -73.994649, 40.625698 ], [ -73.99255, 40.624274 ], [ -73.990094, 40.622789 ], [ -73.987851, 40.621435 ], [ -73.985693, 40.620131 ], [ -73.986275, 40.619567 ], [ -73.984068, 40.618241 ], [ -73.981868, 40.616912 ], [ -73.979638, 40.615565 ], [ -73.98022, 40.615005 ], [ -73.980805, 40.614447 ], [ -73.981438, 40.613838 ], [ -73.981748, 40.613554 ], [ -73.982107, 40.613273 ], [ -73.98266, 40.612693 ], [ -73.983222, 40.612122 ], [ -73.983351, 40.611992 ], [ -73.984162, 40.611218 ], [ -73.984383, 40.611005 ], [ -73.984963, 40.610448 ], [ -73.985356, 40.610072 ], [ -73.986129, 40.60933 ], [ -73.987339, 40.608168 ], [ -73.987378, 40.608128 ], [ -73.987965, 40.607566 ], [ -73.988423, 40.607119 ], [ -73.988551, 40.607002 ], [ -73.989132, 40.606456 ], [ -73.986847, 40.605097 ], [ -73.98748, 40.604539 ], [ -73.988643, 40.603421 ], [ -73.989808, 40.602303 ], [ -73.99039, 40.601743 ], [ -73.990972, 40.601185 ], [ -73.991599, 40.600581 ], [ -73.993363, 40.598889 ], [ -73.995225, 40.597093 ], [ -73.996747, 40.595643 ], [ -73.995499, 40.594594 ], [ -73.995308, 40.594428 ], [ -73.996194, 40.593992 ], [ -73.997368, 40.593974 ], [ -73.998289, 40.593573 ], [ -74.00095, 40.592514 ], [ -74.001894970980999, 40.591595219226001 ], [ -74.002557691665501, 40.593583384490294 ], [ -74.001866, 40.594219 ], [ -74.000291, 40.595706 ] ] ] } },
{ "type": "Feature", "properties": { "nta_code": "BK29", "nta_name": "Bensonhurst East", "boro_name": "Brooklyn", "trees_2015": 3348, "trees_2005": 2637, "area_km2": 3.32, "density_2005": 794.3, "density_2015": 1008.4, "tree_change": 711, "pct_change": 27.0, "data_mode": "official", "generated_at": "2026-08-11T04:47:12.996138+00:00", "tree_source_year": 2015, "geography_vintage": 2010, "dataset_geography": "NTA2010", "tree_2005_unassigned_count": 24027, "tree_2005_mapping_coverage_pct": 95.9 }, "geometry": { "type": "Polygon", "coordinates": [ [ [ -73.996194, 40.593992 ], [ -73.995308, 40.594428 ], [ -73.995499, 40.594594 ], [ -73.996747, 40.595643 ], [ -73.995225, 40.597093 ], [ -73.993363, 40.598889 ], [ -73.991599, 40.600581 ], [ -73.990972, 40.601185 ], [ -73.99039, 40.601743 ], [ -73.989808, 40.602303 ], [ -73.988643, 40.603421 ], [ -73.98748, 40.604539 ], [ -73.986847, 40.605097 ], [ -73.989132, 40.606456 ], [ -73.988551, 40.607002 ], [ -73.988423, 40.607119 ], [ -73.987965, 40.607566 ], [ -73.987378, 40.608128 ], [ -73.987339, 40.608168 ], [ -73.986129, 40.60933 ], [ -73.985356, 40.610072 ], [ -73.984963, 40.610448 ], [ -73.984383, 40.611005 ], [ -73.984162, 40.611218 ], [ -73.983351, 40.611992 ], [ -73.983222, 40.612122 ], [ -73.98266, 40.612693 ], [ -73.982107, 40.613273 ], [ -73.981748, 40.613554 ], [ -73.981438, 40.613838 ], [ -73.980805, 40.614447 ], [ -73.98022, 40.615005 ], [ -73.979638, 40.615565 ], [ -73.977408, 40.614218 ], [ -73.975208, 40.612885 ], [ -73.974777, 40.612638 ], [ -73.974515, 40.611257 ], [ -73.974391, 40.61058 ], [ -73.974184, 40.609463 ], [ -73.974031, 40.608702 ], [ -73.972994, 40.608814 ], [ -73.97259, 40.606671 ], [ -73.972178, 40.604195 ], [ -73.972352, 40.603348 ], [ -73.972565, 40.601794 ], [ -73.972911, 40.599315 ], [ -73.971911, 40.599423 ], [ -73.971484, 40.597172 ], [ -73.97324, 40.596979 ], [ -73.975588, 40.596719 ], [ -73.977507, 40.596506 ], [ -73.980358, 40.596192 ], [ -73.979955, 40.594074 ], [ -73.980711, 40.593997 ], [ -73.98179, 40.593868 ], [ -73.98464, 40.593552 ], [ -73.984678, 40.593659 ], [ -73.986019, 40.594446 ], [ -73.987988, 40.592553 ], [ -73.989621, 40.590982 ], [ -73.990364, 40.591432 ], [ -73.991539, 40.590391 ], [ -73.992558, 40.589922 ], [ -73.993758, 40.590332 ], [ -73.998031, 40.588466 ], [ -74.000484, 40.587377 ], [ -74.006350388503392, 40.584766901091292 ], [ -74.001591329482395, 40.590684293259294 ], [ -74.001894970980999, 40.591595219226001 ], [ -74.00095, 40.592514 ], [ -73.998289, 40.593573 ], [ -73.997368, 40.593974 ], [ -73.996194, 40.593992 ] ] ] } },
{ "type": "Feature", "properties": { "nta_code": "BK30", "nta_name": "Dyker Heights", "boro_name": "Brooklyn", "trees_2015": 3248, "trees_2005": 3608, "area_km2": 2.78, "density_2005": 1297.8, "density_2015": 1168.3, "tree_change": -360, "pct_change": -10.0, "data_mode": "official", "generated_at": "2026-08-11T04:47:12.996138+00:00", "tree_source_year": 2015, "geography_vintage": 2010, "dataset_geography": "NTA2010", "tree_2005_unassigned_count": 24027, "tree_2005_mapping_coverage_pct": 95.9 }, "geometry": { "type": "Polygon", "coordinates": [ [ [ -74.022876, 40.619466 ], [ -74.022269, 40.620109 ], [ -74.021729, 40.620679 ], [ -74.021178, 40.621252 ], [ -74.020623, 40.621806 ], [ -74.020087, 40.622421 ], [ -74.019705, 40.622185 ], [ -74.019387, 40.622892 ], [ -74.019075, 40.623615 ], [ -74.018847, 40.624149 ], [ -74.018751, 40.624318 ], [ -74.017842, 40.626591 ], [ -74.017223, 40.628101 ], [ -74.016643, 40.629576 ], [ -74.016343, 40.630286 ], [ -74.016048, 40.631033 ], [ -74.015424, 40.632513 ], [ -74.015139, 40.633217 ], [ -74.010004, 40.630113 ], [ -74.008456, 40.63115 ], [ -74.007739, 40.63163 ], [ -74.007023, 40.63211 ], [ -74.006339, 40.631694 ], [ -74.004137, 40.630364 ], [ -74.001931, 40.629033 ], [ -74.002515, 40.628475 ], [ -74.000314, 40.627145 ], [ -73.998117, 40.625816 ], [ -73.997241, 40.625289 ], [ -73.997484, 40.62452 ], [ -73.997713, 40.62368 ], [ -73.999321, 40.624656 ], [ -73.999946, 40.624051 ], [ -74.00053, 40.62349 ], [ -74.001202, 40.622843 ], [ -74.002276, 40.621815 ], [ -74.002857, 40.621253 ], [ -74.003436, 40.620696 ], [ -74.004019, 40.620136 ], [ -74.005227, 40.618973 ], [ -74.006434, 40.617814 ], [ -74.007599, 40.616695 ], [ -74.008177, 40.616133 ], [ -74.009341, 40.615015 ], [ -74.009924, 40.614457 ], [ -74.010504, 40.613897 ], [ -74.011712, 40.612735 ], [ -74.013926, 40.614064 ], [ -74.016118, 40.615384 ], [ -74.018316, 40.616722 ], [ -74.020526, 40.618058 ], [ -74.021216, 40.618472 ], [ -74.022161, 40.616169 ], [ -74.022789, 40.614596 ], [ -74.024694, 40.60996 ], [ -74.027106, 40.610244 ], [ -74.02755, 40.612925 ], [ -74.025729, 40.616049 ], [ -74.025243, 40.616672 ], [ -74.024624, 40.617389 ], [ -74.022876, 40.619466 ] ] ] } },
{ "type": "Feature", "properties": { "nta_code": "BK31", "nta_name": "Bay Ridge", "boro_name": "Brooklyn", "trees_2015": 7026, "trees_2005": 6386, "area_km2": 6.36, "density_2005": 1004.1, "density_2015": 1104.7, "tree_change": 640, "pct_change": 10.0, "data_mode": "official", "generated_at": "2026-08-11T04:47:12.996138+00:00", "tree_source_year": 2015, "geography_vintage": 2010, "dataset_geography": "NTA2010", "tree_2005_unassigned_count": 24027, "tree_2005_mapping_coverage_pct": 95.9 }, "geometry": { "type": "Polygon", "coordinates": [ [ [ -74.040247961324496, 40.615710585905902 ], [ -74.040564636524209, 40.617047653744102 ], [ -74.040973914265791, 40.618775708563298 ], [ -74.041421359340603, 40.620664913715395 ], [ -74.041840247418691, 40.622433545352301 ], [ -74.0424119629985, 40.624847446140492 ], [ -74.041994568583306, 40.626099627519594 ], [ -74.041043092403498, 40.628954051803902 ], [ -74.039392814354599, 40.633904878570704 ], [ -74.039185095760701, 40.634528033423493 ], [ -74.0388055371522, 40.6356667075517 ], [ -74.038336434810901, 40.637074012477797 ], [ -74.035868178258298, 40.640776392523499 ], [ -74.033732955701694, 40.643979222220601 ], [ -74.028923, 40.641451 ], [ -74.028941, 40.641273 ], [ -74.026953, 40.640377 ], [ -74.026591, 40.640281 ], [ -74.026187, 40.640156 ], [ -74.02627, 40.640089 ], [ -74.026442, 40.63994 ], [ -74.026544, 40.639776 ], [ -74.026653, 40.639673 ], [ -74.026845, 40.639476 ], [ -74.024754, 40.638121 ], [ -74.024522, 40.63834 ], [ -74.024131, 40.638753 ], [ -74.023958, 40.638916 ], [ -74.023541, 40.63939 ], [ -74.023105, 40.639996 ], [ -74.022426, 40.640592 ], [ -74.02173, 40.640983 ], [ -74.021101, 40.638181 ], [ -74.019939, 40.637178 ], [ -74.019184, 40.636631 ], [ -74.016862, 40.635297 ], [ -74.015976, 40.634745 ], [ -74.015946, 40.633567 ], [ -74.015139, 40.633217 ], [ -74.015424, 40.632513 ], [ -74.016048, 40.631033 ], [ -74.016343, 40.630286 ], [ -74.016643, 40.629576 ], [ -74.017223, 40.628101 ], [ -74.017842, 40.626591 ], [ -74.018751, 40.624318 ], [ -74.018847, 40.624149 ], [ -74.019075, 40.623615 ], [ -74.019387, 40.622892 ], [ -74.019705, 40.622185 ], [ -74.020087, 40.622421 ], [ -74.020623, 40.621806 ], [ -74.021178, 40.621252 ], [ -74.021729, 40.620679 ], [ -74.022269, 40.620109 ], [ -74.022876, 40.619466 ], [ -74.024624, 40.617389 ], [ -74.025243, 40.616672 ], [ -74.025729, 40.616049 ], [ -74.02755, 40.612925 ], [ -74.027106, 40.610244 ], [ -74.024694, 40.60996 ], [ -74.021502, 40.607828 ], [ -74.022477, 40.606674 ], [ -74.021161, 40.604467 ], [ -74.018641, 40.603655 ], [ -74.019225, 40.60311 ], [ -74.01945, 40.602828 ], [ -74.020022139240098, 40.602295483252199 ], [ -74.032856, 40.604421 ], [ -74.036432473506395, 40.608942223945498 ], [ -74.039590437876086, 40.612934386644795 ], [ -74.039593009467296, 40.612945244432005 ], [ -74.039803525208399, 40.613834085196899 ], [ -74.040247961324496, 40.615710585905902 ] ] ] } },
{ "type": "Feature", "properties": { "nta_code": "BK32", "nta_name": "Sunset Park West", "boro_name": "Brooklyn", "trees_2015": 3243, "trees_2005": 1635, "area_km2": 4.99, "density_2005": 327.7, "density_2015": 649.9, "tree_change": 1608, "pct_change": 98.3, "data_mode": "official", "generated_at": "2026-08-11T04:47:12.996138+00:00", "tree_source_year": 2015, "geography_vintage": 2010, "dataset_geography": "NTA2010", "tree_2005_unassigned_count": 24027, "tree_2005_mapping_coverage_pct": 95.9 }, "geometry": { "type": "Polygon", "coordinates": [ [ [ -74.016306, 40.635896 ], [ -74.016692, 40.635519 ], [ -74.016862, 40.635297 ], [ -74.019184, 40.636631 ], [ -74.019939, 40.637178 ], [ -74.021101, 40.638181 ], [ -74.02173, 40.640983 ], [ -74.022426, 40.640592 ], [ -74.023105, 40.639996 ], [ -74.023541, 40.63939 ], [ -74.023958, 40.638916 ], [ -74.024131, 40.638753 ], [ -74.024522, 40.63834 ], [ -74.024754, 40.638121 ], [ -74.026845, 40.639476 ], [ -74.026653, 40.639673 ], [ -74.026544, 40.639776 ], [ -74.026442, 40.63994 ], [ -74.02627, 40.640089 ], [ -74.026187, 40.640156 ], [ -74.026591, 40.640281 ], [ -74.026953, 40.640377 ], [ -74.028941, 40.641273 ], [ -74.028923, 40.641451 ], [ -74.033732955701694, 40.643979222220601 ], [ -74.033097948715891, 40.644931731468802 ], [ -74.032066395183804, 40.646479059767898 ], [ -74.026207629543606, 40.651805214337799 ], [ -74.024406225852502, 40.653442855283096 ], [ -74.018272325015005, 40.659019132946803 ], [ -74.018274215626008, 40.659036148445701 ], [ -74.018661191279094, 40.662518929323596 ], [ -74.002493, 40.667219 ], [ -74.000175, 40.668601 ], [ -73.999021, 40.671429 ], [ -73.998659, 40.671705 ], [ -73.998272, 40.671153 ], [ -73.997998, 40.670626 ], [ -73.997092, 40.669267 ], [ -73.99649, 40.6687 ], [ -73.995908, 40.667958 ], [ -73.995193, 40.667025 ], [ -73.994855, 40.666782 ], [ -73.995015, 40.666514 ], [ -73.995016, 40.666239 ], [ -73.995795, 40.665516 ], [ -73.996393, 40.664954 ], [ -73.997027, 40.664435 ], [ -73.995098, 40.663272 ], [ -73.992838, 40.661909 ], [ -73.990635, 40.660579 ], [ -73.990052, 40.661139 ], [ -73.98947, 40.661699 ], [ -73.988924, 40.662283 ], [ -73.988695, 40.662504 ], [ -73.987226, 40.660482 ], [ -73.987497, 40.660237 ], [ -73.98784, 40.659816 ], [ -73.988428, 40.65925 ], [ -73.990188, 40.657601 ], [ -73.992383, 40.658899 ], [ -73.992964, 40.658337 ], [ -73.995169, 40.659669 ], [ -73.998671, 40.656307 ], [ -74.000413, 40.654629 ], [ -74.002144, 40.652956 ], [ -74.002751, 40.652385 ], [ -74.003908, 40.651266 ], [ -74.00449, 40.650706 ], [ -74.005074, 40.650147 ], [ -74.005659, 40.649584 ], [ -74.006241, 40.649022 ], [ -74.006824, 40.648465 ], [ -74.007988, 40.647344 ], [ -74.009153, 40.646227 ], [ -74.009736, 40.645667 ], [ -74.010319, 40.645106 ], [ -74.010902, 40.644547 ], [ -74.011484, 40.643986 ], [ -74.012066, 40.643425 ], [ -74.012649, 40.642866 ], [ -74.013232, 40.642305 ], [ -74.013814, 40.641745 ], [ -74.01498, 40.640626 ], [ -74.015562, 40.640067 ], [ -74.016167, 40.639483 ], [ -74.013961, 40.638153 ], [ -74.014567, 40.637571 ], [ -74.015146, 40.637014 ], [ -74.01574, 40.636452 ], [ -74.016068, 40.636139 ], [ -74.016306, 40.635896 ] ] ] } },
{ "type": "Feature", "properties": { "nta_code": "BK33", "nta_name": "Carroll Gardens-Columbia Street-Red Hook", "boro_name": "Brooklyn", "trees_2015": 4346, "trees_2005": 3445, "area_km2": 4.21, "density_2005": 818.3, "density_2015": 1032.3, "tree_change": 901, "pct_change": 26.2, "data_mode": "official", "generated_at": "2026-08-11T04:47:12.996138+00:00", "tree_source_year": 2015, "geography_vintage": 2010, "dataset_geography": "NTA2010", "tree_2005_unassigned_count": 24027, "tree_2005_mapping_coverage_pct": 95.9 }, "geometry": { "type": "Polygon", "coordinates": [ [ [ -74.015476, 40.681914 ], [ -74.009363, 40.685497 ], [ -74.008117, 40.686615 ], [ -74.003946, 40.689047 ], [ -74.001881, 40.692476 ], [ -74.000495, 40.691938 ], [ -73.997793, 40.691188 ], [ -73.996233, 40.690758 ], [ -73.994361, 40.690239 ], [ -73.992364, 40.68969 ], [ -73.992686, 40.689033 ], [ -73.993005, 40.688364 ], [ -73.993269, 40.687825 ], [ -73.993338, 40.687679 ], [ -73.99393, 40.686453 ], [ -73.994091, 40.686114 ], [ -73.994254, 40.685778 ], [ -73.994408, 40.685453 ], [ -73.994901, 40.68443 ], [ -73.992623, 40.683544 ], [ -73.990424, 40.682694 ], [ -73.988272, 40.681863 ], [ -73.987279, 40.681467 ], [ -73.987668, 40.680818 ], [ -73.98808, 40.680172 ], [ -73.98856, 40.679559 ], [ -73.988973, 40.67885 ], [ -73.989388, 40.678285 ], [ -73.989435, 40.677459 ], [ -73.989914, 40.67685 ], [ -73.990426, 40.676249 ], [ -73.990802, 40.675783 ], [ -73.992566, 40.676106 ], [ -73.993978, 40.676171 ], [ -73.995275, 40.675778 ], [ -73.995578, 40.675137 ], [ -73.99664, 40.674134 ], [ -73.998404, 40.672008 ], [ -73.998659, 40.671705 ], [ -73.999021, 40.671429 ], [ -74.000175, 40.668601 ], [ -74.002493, 40.667219 ], [ -74.018661191279094, 40.662518929323596 ], [ -74.020466836454403, 40.678769735901092 ], [ -74.022911466700094, 40.681266548251401 ], [ -74.019399, 40.679573 ], [ -74.015974, 40.68066 ], [ -74.015476, 40.681914 ] ] ] } },
{ "type": "Feature", "properties": { "nta_code": "BK34", "nta_name": "Sunset Park East", "boro_name": "Brooklyn", "trees_2015": 3224, "trees_2005": 2140, "area_km2": 2.51, "density_2005": 852.6, "density_2015": 1284.5, "tree_change": 1084, "pct_change": 50.7, "data_mode": "official", "generated_at": "2026-08-11T04:47:12.996138+00:00", "tree_source_year": 2015, "geography_vintage": 2010, "dataset_geography": "NTA2010", "tree_2005_unassigned_count": 24027, "tree_2005_mapping_coverage_pct": 95.9 }, "geometry": { "type": "Polygon", "coordinates": [ [ [ -74.015946, 40.633567 ], [ -74.015976, 40.634745 ], [ -74.016862, 40.635297 ], [ -74.016692, 40.635519 ], [ -74.016306, 40.635896 ], [ -74.016068, 40.636139 ], [ -74.01574, 40.636452 ], [ -74.015146, 40.637014 ], [ -74.014567, 40.637571 ], [ -74.013961, 40.638153 ], [ -74.016167, 40.639483 ], [ -74.015562, 40.640067 ], [ -74.01498, 40.640626 ], [ -74.013814, 40.641745 ], [ -74.013232, 40.642305 ], [ -74.012649, 40.642866 ], [ -74.012066, 40.643425 ], [ -74.011484, 40.643986 ], [ -74.010902, 40.644547 ], [ -74.010319, 40.645106 ], [ -74.009736, 40.645667 ], [ -74.009153, 40.646227 ], [ -74.007988, 40.647344 ], [ -74.006824, 40.648465 ], [ -74.006241, 40.649022 ], [ -74.005659, 40.649584 ], [ -74.005074, 40.650147 ], [ -74.00449, 40.650706 ], [ -74.003908, 40.651266 ], [ -74.002751, 40.652385 ], [ -74.002144, 40.652956 ], [ -73.997818, 40.650282 ], [ -73.998276, 40.649734 ], [ -73.996088, 40.648307 ], [ -73.993985, 40.647101 ], [ -73.991808, 40.645784 ], [ -73.989059, 40.644119 ], [ -73.990497, 40.643164 ], [ -73.991213, 40.642686 ], [ -73.991929, 40.642205 ], [ -73.992644, 40.641728 ], [ -73.993363, 40.641248 ], [ -73.994077, 40.64077 ], [ -73.994331, 40.6406 ], [ -73.994795, 40.640288 ], [ -73.99551, 40.63981 ], [ -73.996974, 40.640694 ], [ -73.999176, 40.642026 ], [ -73.999757, 40.641467 ], [ -74.000341, 40.640905 ], [ -74.000925, 40.640346 ], [ -74.001508, 40.639785 ], [ -74.002091, 40.639225 ], [ -74.002672, 40.638667 ], [ -74.003253, 40.638104 ], [ -74.003838, 40.637546 ], [ -74.00442, 40.636985 ], [ -74.005003, 40.636425 ], [ -74.006169, 40.635303 ], [ -74.006751, 40.634745 ], [ -74.007356, 40.634164 ], [ -74.005564, 40.633084 ], [ -74.006307, 40.632584 ], [ -74.007023, 40.63211 ], [ -74.007739, 40.63163 ], [ -74.008456, 40.63115 ], [ -74.010004, 40.630113 ], [ -74.015139, 40.633217 ], [ -74.015946, 40.633567 ] ] ] } },
{ "type": "Feature", "properties": { "nta_code": "BK35", "nta_name": "Stuyvesant Heights", "boro_name": "Brooklyn", "trees_2015": 3879, "trees_2005": 2702, "area_km2": 2.92, "density_2005": 925.3, "density_2015": 1328.4, "tree_change": 1177, "pct_change": 43.6, "data_mode": "official", "generated_at": "2026-08-11T04:47:12.996138+00:00", "tree_source_year": 2015, "geography_vintage": 2010, "dataset_geography": "NTA2010", "tree_2005_unassigned_count": 24027, "tree_2005_mapping_coverage_pct": 95.9 }, "geometry": { "type": "Polygon", "coordinates": [ [ [ -73.934508, 40.680221 ], [ -73.934395, 40.679835 ], [ -73.934351, 40.679564 ], [ -73.937398, 40.67973 ], [ -73.938436, 40.679786 ], [ -73.940328, 40.67989 ], [ -73.940477, 40.680635 ], [ -73.94062, 40.68137 ], [ -73.940769, 40.6821 ], [ -73.940914, 40.682833 ], [ -73.941058, 40.683567 ], [ -73.941204, 40.6843 ], [ -73.941348, 40.685031 ], [ -73.941494, 40.685764 ], [ -73.94164, 40.686497 ], [ -73.941785, 40.687228 ], [ -73.941932, 40.687963 ], [ -73.942076, 40.688697 ], [ -73.942222, 40.689428 ], [ -73.942369, 40.69016 ], [ -73.942516, 40.690892 ], [ -73.942662, 40.691624 ], [ -73.942807, 40.692358 ], [ -73.942951, 40.693091 ], [ -73.9431, 40.693823 ], [ -73.943243, 40.694558 ], [ -73.943388, 40.695289 ], [ -73.943526, 40.696031 ], [ -73.943949, 40.698222 ], [ -73.94115, 40.698541 ], [ -73.938568, 40.698848 ], [ -73.938177, 40.698641 ], [ -73.93676, 40.697831 ], [ -73.936388, 40.697616 ], [ -73.936006, 40.697406 ], [ -73.935222, 40.696986 ], [ -73.933118, 40.695791 ], [ -73.931929, 40.695115 ], [ -73.931773, 40.695028 ], [ -73.931308, 40.694766 ], [ -73.931145, 40.694674 ], [ -73.929702, 40.693864 ], [ -73.928524, 40.693174 ], [ -73.927811, 40.692774 ], [ -73.927507, 40.692604 ], [ -73.927071, 40.692346 ], [ -73.926316, 40.691929 ], [ -73.92556, 40.691491 ], [ -73.925365, 40.691367 ], [ -73.924392, 40.690831 ], [ -73.923644, 40.690399 ], [ -73.922807, 40.689924 ], [ -73.922072, 40.68949 ], [ -73.921214, 40.689019 ], [ -73.920961, 40.688872 ], [ -73.92055, 40.688641 ], [ -73.91981, 40.688211 ], [ -73.918783, 40.687626 ], [ -73.918294, 40.687357 ], [ -73.918046, 40.687213 ], [ -73.917996, 40.686965 ], [ -73.917892, 40.686449 ], [ -73.91785, 40.686233 ], [ -73.917701, 40.6855 ], [ -73.917558, 40.684767 ], [ -73.917266, 40.683303 ], [ -73.917122, 40.682568 ], [ -73.916977, 40.681834 ], [ -73.916831, 40.681101 ], [ -73.916687, 40.680371 ], [ -73.91654, 40.679637 ], [ -73.916393, 40.678906 ], [ -73.916301, 40.678577 ], [ -73.91905, 40.678729 ], [ -73.921646, 40.67887 ], [ -73.921835, 40.678946 ], [ -73.921973, 40.679078 ], [ -73.922132, 40.679745 ], [ -73.922427, 40.681211 ], [ -73.922545, 40.681936 ], [ -73.92267, 40.682682 ], [ -73.922814, 40.683415 ], [ -73.926095, 40.683038 ], [ -73.929009, 40.682703 ], [ -73.929161, 40.683437 ], [ -73.932086, 40.6831 ], [ -73.935008, 40.682764 ], [ -73.934862, 40.682031 ], [ -73.934715, 40.681298 ], [ -73.934571, 40.680565 ], [ -73.934508, 40.680221 ] ] ] } },
{ "type": "Feature", "properties": { "nta_code": "BK37", "nta_name": "Park Slope-Gowanus", "boro_name": "Brooklyn", "trees_2015": 6314, "trees_2005": 5818, "area_km2": 3.89, "density_2005": 1495.6, "density_2015": 1623.1, "tree_change": 496, "pct_change": 8.5, "data_mode": "official", "generated_at": "2026-08-11T04:47:12.996138+00:00", "tree_source_year": 2015, "geography_vintage": 2010, "dataset_geography": "NTA2010", "tree_2005_unassigned_count": 24027, "tree_2005_mapping_coverage_pct": 95.9 }, "geometry": { "type": "Polygon", "coordinates": [ [ [ -73.98947, 40.661699 ], [ -73.990052, 40.661139 ], [ -73.990635, 40.660579 ], [ -73.992838, 40.661909 ], [ -73.995098, 40.663272 ], [ -73.997027, 40.664435 ], [ -73.996393, 40.664954 ], [ -73.995795, 40.665516 ], [ -73.995016, 40.666239 ], [ -73.995015, 40.666514 ], [ -73.994855, 40.666782 ], [ -73.995193, 40.667025 ], [ -73.995908, 40.667958 ], [ -73.99649, 40.6687 ], [ -73.997092, 40.669267 ], [ -73.997998, 40.670626 ], [ -73.998272, 40.671153 ], [ -73.998659, 40.671705 ], [ -73.998404, 40.672008 ], [ -73.99664, 40.674134 ], [ -73.995578, 40.675137 ], [ -73.995275, 40.675778 ], [ -73.993978, 40.676171 ], [ -73.992566, 40.676106 ], [ -73.990802, 40.675783 ], [ -73.990426, 40.676249 ], [ -73.989914, 40.67685 ], [ -73.989435, 40.677459 ], [ -73.989388, 40.678285 ], [ -73.988973, 40.67885 ], [ -73.98856, 40.679559 ], [ -73.98808, 40.680172 ], [ -73.987668, 40.680818 ], [ -73.986533, 40.680372 ], [ -73.986104, 40.681009 ], [ -73.984139, 40.680246 ], [ -73.981755, 40.679317 ], [ -73.981324, 40.679952 ], [ -73.980894, 40.680587 ], [ -73.980463, 40.681221 ], [ -73.980034, 40.681854 ], [ -73.979605, 40.682489 ], [ -73.979165, 40.683125 ], [ -73.978743, 40.68376 ], [ -73.978337, 40.684395 ], [ -73.978026, 40.684864 ], [ -73.977457, 40.684052 ], [ -73.975929, 40.683505 ], [ -73.97378, 40.683061 ], [ -73.973952, 40.682281 ], [ -73.974504, 40.680733 ], [ -73.974692, 40.680266 ], [ -73.974905, 40.679955 ], [ -73.975321, 40.679333 ], [ -73.975749, 40.6787 ], [ -73.97618, 40.678065 ], [ -73.973687, 40.677078 ], [ -73.971904, 40.676413 ], [ -73.969498, 40.675906 ], [ -73.969693, 40.67536 ], [ -73.968999, 40.674713 ], [ -73.968835, 40.674386 ], [ -73.968731, 40.673928 ], [ -73.968924, 40.672938 ], [ -73.969247, 40.672743 ], [ -73.969347, 40.672674 ], [ -73.969654, 40.672736 ], [ -73.970039, 40.67268 ], [ -73.970419, 40.672511 ], [ -73.970855, 40.671865 ], [ -73.971325, 40.671248 ], [ -73.972317, 40.670029 ], [ -73.97282, 40.669427 ], [ -73.973323, 40.668825 ], [ -73.974331, 40.667621 ], [ -73.974834, 40.667022 ], [ -73.975337, 40.666419 ], [ -73.975831, 40.665815 ], [ -73.976334, 40.665214 ], [ -73.976846, 40.664607 ], [ -73.977343, 40.664012 ], [ -73.978349, 40.662799 ], [ -73.978854, 40.662202 ], [ -73.979654, 40.661241 ], [ -73.979809, 40.661279 ], [ -73.980051, 40.661238 ], [ -73.980171, 40.661155 ], [ -73.982231, 40.662142 ], [ -73.982732, 40.661539 ], [ -73.983237, 40.660937 ], [ -73.983918, 40.660137 ], [ -73.98448, 40.659598 ], [ -73.985071, 40.659029 ], [ -73.987226, 40.660482 ], [ -73.988695, 40.662504 ], [ -73.988924, 40.662283 ], [ -73.98947, 40.661699 ] ] ] } },
{ "type": "Feature", "properties": { "nta_code": "BK38", "nta_name": "DUMBO-Vinegar Hill-Downtown Brooklyn-Boerum Hill", "boro_name": "Brooklyn", "trees_2015": 2937, "trees_2005": 3094, "area_km2": 2.61, "density_2005": 1185.4, "density_2015": 1125.3, "tree_change": -157, "pct_change": -5.1, "data_mode": "official", "generated_at": "2026-08-11T04:47:12.996138+00:00", "tree_source_year": 2015, "geography_vintage": 2010, "dataset_geography": "NTA2010", "tree_2005_unassigned_count": 24027, "tree_2005_mapping_coverage_pct": 95.9 }, "geometry": { "type": "Polygon", "coordinates": [ [ [ -73.986533, 40.680372 ], [ -73.987668, 40.680818 ], [ -73.987279, 40.681467 ], [ -73.988272, 40.681863 ], [ -73.990424, 40.682694 ], [ -73.992623, 40.683544 ], [ -73.994901, 40.68443 ], [ -73.994408, 40.685453 ], [ -73.994254, 40.685778 ], [ -73.994091, 40.686114 ], [ -73.99393, 40.686453 ], [ -73.993338, 40.687679 ], [ -73.993269, 40.687825 ], [ -73.993005, 40.688364 ], [ -73.992686, 40.689033 ], [ -73.992364, 40.68969 ], [ -73.990648, 40.68913 ], [ -73.990166, 40.689729 ], [ -73.989737, 40.69036 ], [ -73.989328, 40.691002 ], [ -73.988966, 40.692099 ], [ -73.989473, 40.692296 ], [ -73.990972, 40.692549 ], [ -73.990728, 40.693048 ], [ -73.990447, 40.693735 ], [ -73.990663, 40.694561 ], [ -73.990746, 40.695034 ], [ -73.991298, 40.696579 ], [ -73.991365, 40.69701 ], [ -73.991031, 40.699845 ], [ -73.990935, 40.700767 ], [ -73.99129, 40.701049 ], [ -73.992221, 40.701778 ], [ -73.992612, 40.702061 ], [ -73.993267, 40.702435 ], [ -73.994177, 40.702825 ], [ -73.99444, 40.702909 ], [ -73.994709, 40.702994 ], [ -73.994908, 40.703047 ], [ -73.995523, 40.703258 ], [ -73.994648, 40.704135 ], [ -73.994588, 40.704194 ], [ -73.993655, 40.704702 ], [ -73.989519, 40.705118 ], [ -73.987546, 40.704747 ], [ -73.986191, 40.704812 ], [ -73.98404, 40.704892 ], [ -73.979233, 40.705769 ], [ -73.979328, 40.704746 ], [ -73.979988, 40.703541 ], [ -73.980224, 40.703063 ], [ -73.980649, 40.701561 ], [ -73.980729, 40.701268 ], [ -73.980455, 40.700852 ], [ -73.980462, 40.699703 ], [ -73.980544, 40.698246 ], [ -73.980515, 40.697437 ], [ -73.980632, 40.696346 ], [ -73.980371, 40.696263 ], [ -73.980356, 40.696178 ], [ -73.980139, 40.694683 ], [ -73.979168, 40.693489 ], [ -73.980983, 40.693556 ], [ -73.982512, 40.693614 ], [ -73.98254, 40.693002 ], [ -73.981759, 40.692955 ], [ -73.981791, 40.692025 ], [ -73.98179, 40.691645 ], [ -73.982132, 40.691227 ], [ -73.981476, 40.689931 ], [ -73.983134, 40.690003 ], [ -73.98372, 40.690007 ], [ -73.982957, 40.689699 ], [ -73.982098, 40.689358 ], [ -73.980928, 40.688903 ], [ -73.979363, 40.686682 ], [ -73.979088, 40.686285 ], [ -73.978026, 40.684864 ], [ -73.978337, 40.684395 ], [ -73.978743, 40.68376 ], [ -73.979165, 40.683125 ], [ -73.979605, 40.682489 ], [ -73.980034, 40.681854 ], [ -73.980463, 40.681221 ], [ -73.980894, 40.680587 ], [ -73.981324, 40.679952 ], [ -73.981755, 40.679317 ], [ -73.984139, 40.680246 ], [ -73.986104, 40.681009 ], [ -73.986533, 40.680372 ] ] ] } },
{ "type": "Feature", "properties": { "nta_code": "BK40", "nta_name": "Windsor Terrace", "boro_name": "Brooklyn", "trees_2015": 2290, "trees_2005": 1819, "area_km2": 1.31, "density_2005": 1388.5, "density_2015": 1748.1, "tree_change": 471, "pct_change": 25.9, "data_mode": "official", "generated_at": "2026-08-11T04:47:12.996138+00:00", "tree_source_year": 2015, "geography_vintage": 2010, "dataset_geography": "NTA2010", "tree_2005_unassigned_count": 24027, "tree_2005_mapping_coverage_pct": 95.9 }, "geometry": { "type": "Polygon", "coordinates": [ [ [ -73.973051, 40.653913 ], [ -73.972683, 40.652639 ], [ -73.972363, 40.651572 ], [ -73.97272, 40.650896 ], [ -73.972445, 40.650648 ], [ -73.972081, 40.650597 ], [ -73.971397, 40.648258 ], [ -73.970841, 40.646378 ], [ -73.972086, 40.645863 ], [ -73.973101, 40.645451 ], [ -73.974657, 40.644806 ], [ -73.974827, 40.645664 ], [ -73.976848, 40.645442 ], [ -73.977774, 40.645342 ], [ -73.978191, 40.647526 ], [ -73.979118, 40.647428 ], [ -73.980291, 40.647297 ], [ -73.980364, 40.647694 ], [ -73.980712, 40.649524 ], [ -73.98111, 40.651592 ], [ -73.981453, 40.653416 ], [ -73.981796, 40.655246 ], [ -73.988428, 40.65925 ], [ -73.98784, 40.659816 ], [ -73.987497, 40.660237 ], [ -73.987226, 40.660482 ], [ -73.985071, 40.659029 ], [ -73.98448, 40.659598 ], [ -73.983918, 40.660137 ], [ -73.983237, 40.660937 ], [ -73.982732, 40.661539 ], [ -73.982231, 40.662142 ], [ -73.980171, 40.661155 ], [ -73.980213, 40.660929 ], [ -73.980061, 40.660791 ], [ -73.979771, 40.660735 ], [ -73.979578, 40.660853 ], [ -73.977511, 40.659863 ], [ -73.974482, 40.658339 ], [ -73.974044, 40.657347 ], [ -73.973792, 40.656392 ], [ -73.973555, 40.655644 ], [ -73.973051, 40.653913 ] ] ] } },
{ "type": "Feature", "properties": { "nta_code": "BK41", "nta_name": "Kensington-Ocean Parkway", "boro_name": "Brooklyn", "trees_2015": 2295, "trees_2005": 2026, "area_km2": 1.48, "density_2005": 1368.9, "density_2015": 1550.7, "tree_change": 269, "pct_change": 13.3, "data_mode": "official", "generated_at": "2026-08-11T04:47:12.996138+00:00", "tree_source_year": 2015, "geography_vintage": 2010, "dataset_geography": "NTA2010", "tree_2005_unassigned_count": 24027, "tree_2005_mapping_coverage_pct": 95.9 }, "geometry": { "type": "Polygon", "coordinates": [ [ [ -73.976888, 40.635675 ], [ -73.978022, 40.635553 ], [ -73.979112, 40.63544 ], [ -73.979386, 40.636932 ], [ -73.979554, 40.637819 ], [ -73.979677, 40.638465 ], [ -73.979874, 40.639518 ], [ -73.98042, 40.642385 ], [ -73.981232, 40.642045 ], [ -73.982043, 40.641708 ], [ -73.982445, 40.641538 ], [ -73.982994, 40.641325 ], [ -73.983316, 40.641479 ], [ -73.984303, 40.642085 ], [ -73.984587, 40.642262 ], [ -73.985897, 40.643068 ], [ -73.986731, 40.643574 ], [ -73.98835, 40.644562 ], [ -73.985284, 40.645768 ], [ -73.983073, 40.646625 ], [ -73.981805, 40.647128 ], [ -73.981328, 40.647182 ], [ -73.980291, 40.647297 ], [ -73.979118, 40.647428 ], [ -73.978191, 40.647526 ], [ -73.977774, 40.645342 ], [ -73.976848, 40.645442 ], [ -73.974827, 40.645664 ], [ -73.974657, 40.644806 ], [ -73.973101, 40.645451 ], [ -73.972086, 40.645863 ], [ -73.970841, 40.646378 ], [ -73.970774, 40.646111 ], [ -73.970317, 40.644538 ], [ -73.970089, 40.643746 ], [ -73.969484, 40.64169 ], [ -73.968914, 40.639757 ], [ -73.968791, 40.639256 ], [ -73.968722, 40.639018 ], [ -73.968224, 40.637297 ], [ -73.968039, 40.636651 ], [ -73.970291, 40.636407 ], [ -73.969869, 40.634194 ], [ -73.971904, 40.63323 ], [ -73.972419, 40.632992 ], [ -73.974319, 40.632091 ], [ -73.975172, 40.631689 ], [ -73.976049, 40.631276 ], [ -73.976434, 40.633289 ], [ -73.976888, 40.635675 ] ] ] } },
{ "type": "Feature", "properties": { "nta_code": "BK42", "nta_name": "Flatbush", "boro_name": "Brooklyn", "trees_2015": 6116, "trees_2005": 5971, "area_km2": 4.21, "density_2005": 1418.3, "density_2015": 1452.7, "tree_change": 145, "pct_change": 2.4, "data_mode": "official", "generated_at": "2026-08-11T04:47:12.996138+00:00", "tree_source_year": 2015, "geography_vintage": 2010, "dataset_geography": "NTA2010", "tree_2005_unassigned_count": 24027, "tree_2005_mapping_coverage_pct": 95.9 }, "geometry": { "type": "Polygon", "coordinates": [ [ [ -73.970922, 40.62657 ], [ -73.974149, 40.626215 ], [ -73.975077, 40.626114 ], [ -73.975636, 40.626035 ], [ -73.976235, 40.625976 ], [ -73.976514, 40.627294 ], [ -73.976578, 40.627574 ], [ -73.976696, 40.628354 ], [ -73.97685, 40.629089 ], [ -73.977165, 40.630747 ], [ -73.976049, 40.631276 ], [ -73.975172, 40.631689 ], [ -73.974319, 40.632091 ], [ -73.972419, 40.632992 ], [ -73.971904, 40.63323 ], [ -73.969869, 40.634194 ], [ -73.970291, 40.636407 ], [ -73.968039, 40.636651 ], [ -73.968224, 40.637297 ], [ -73.968722, 40.639018 ], [ -73.968791, 40.639256 ], [ -73.968914, 40.639757 ], [ -73.969484, 40.64169 ], [ -73.970089, 40.643746 ], [ -73.970317, 40.644538 ], [ -73.970774, 40.646111 ], [ -73.970841, 40.646378 ], [ -73.971397, 40.648258 ], [ -73.970693, 40.648497 ], [ -73.968793, 40.649249 ], [ -73.967028, 40.649948 ], [ -73.964654, 40.650887 ], [ -73.965242, 40.651742 ], [ -73.965751, 40.6525 ], [ -73.966213, 40.653189 ], [ -73.9619, 40.654871 ], [ -73.961691, 40.654951 ], [ -73.960699, 40.655341 ], [ -73.959861, 40.655635 ], [ -73.959696, 40.654839 ], [ -73.959451, 40.653575 ], [ -73.959329, 40.652928 ], [ -73.959151, 40.652145 ], [ -73.958926, 40.651212 ], [ -73.958707, 40.650387 ], [ -73.958256, 40.648532 ], [ -73.95815, 40.647768 ], [ -73.958141, 40.647504 ], [ -73.958107, 40.646518 ], [ -73.958022, 40.64507 ], [ -73.957978, 40.644576 ], [ -73.957919, 40.644143 ], [ -73.957637, 40.642689 ], [ -73.957463, 40.642372 ], [ -73.955716, 40.640582 ], [ -73.955638, 40.640504 ], [ -73.954767, 40.639624 ], [ -73.954043, 40.638878 ], [ -73.953743, 40.638566 ], [ -73.9536, 40.638422 ], [ -73.952133, 40.638423 ], [ -73.951158, 40.638428 ], [ -73.950167, 40.638491 ], [ -73.948265, 40.638607 ], [ -73.945373, 40.638787 ], [ -73.945123, 40.636448 ], [ -73.944881, 40.634177 ], [ -73.944629, 40.631838 ], [ -73.946479, 40.631708 ], [ -73.945511, 40.630792 ], [ -73.944808, 40.630127 ], [ -73.944155, 40.629508 ], [ -73.945401, 40.629378 ], [ -73.946327, 40.629277 ], [ -73.947327, 40.629166 ], [ -73.948324, 40.629057 ], [ -73.950177, 40.628852 ], [ -73.951106, 40.62875 ], [ -73.954885, 40.628336 ], [ -73.955812, 40.628234 ], [ -73.956847, 40.62812 ], [ -73.958053, 40.627972 ], [ -73.958994, 40.627886 ], [ -73.959956, 40.627778 ], [ -73.960219, 40.629255 ], [ -73.960263, 40.629424 ], [ -73.960408, 40.63017 ], [ -73.962298, 40.629961 ], [ -73.963225, 40.629859 ], [ -73.964152, 40.629757 ], [ -73.96508, 40.629655 ], [ -73.966074, 40.629545 ], [ -73.967076, 40.629435 ], [ -73.968001, 40.629333 ], [ -73.968929, 40.629231 ], [ -73.970001, 40.629114 ], [ -73.971374, 40.628966 ], [ -73.971208, 40.62809 ], [ -73.971114, 40.627586 ], [ -73.970922, 40.62657 ] ] ] } },
{ "type": "Feature", "properties": { "nta_code": "BK43", "nta_name": "Midwood", "boro_name": "Brooklyn", "trees_2015": 4860, "trees_2005": 4826, "area_km2": 3.32, "density_2005": 1453.6, "density_2015": 1463.9, "tree_change": 34, "pct_change": 0.7, "data_mode": "official", "generated_at": "2026-08-11T04:47:12.996138+00:00", "tree_source_year": 2015, "geography_vintage": 2010, "dataset_geography": "NTA2010", "tree_2005_unassigned_count": 24027, "tree_2005_mapping_coverage_pct": 95.9 }, "geometry": { "type": "Polygon", "coordinates": [ [ [ -73.955741, 40.610715 ], [ -73.956705, 40.610612 ], [ -73.957669, 40.610504 ], [ -73.958593, 40.610403 ], [ -73.95952, 40.610302 ], [ -73.960444, 40.610202 ], [ -73.96238, 40.609986 ], [ -73.96286, 40.61255 ], [ -73.963361, 40.615204 ], [ -73.963564, 40.616239 ], [ -73.963622, 40.61659 ], [ -73.963811, 40.617589 ], [ -73.963889, 40.618 ], [ -73.964268, 40.619984 ], [ -73.96472, 40.622373 ], [ -73.965719, 40.622264 ], [ -73.966645, 40.622163 ], [ -73.967572, 40.62206 ], [ -73.968645, 40.621942 ], [ -73.969098, 40.624333 ], [ -73.970474, 40.624182 ], [ -73.970922, 40.62657 ], [ -73.971114, 40.627586 ], [ -73.971208, 40.62809 ], [ -73.971374, 40.628966 ], [ -73.970001, 40.629114 ], [ -73.968929, 40.629231 ], [ -73.968001, 40.629333 ], [ -73.967076, 40.629435 ], [ -73.966074, 40.629545 ], [ -73.96508, 40.629655 ], [ -73.964152, 40.629757 ], [ -73.963225, 40.629859 ], [ -73.962298, 40.629961 ], [ -73.960408, 40.63017 ], [ -73.960263, 40.629424 ], [ -73.960219, 40.629255 ], [ -73.959956, 40.627778 ], [ -73.958994, 40.627886 ], [ -73.958053, 40.627972 ], [ -73.956847, 40.62812 ], [ -73.955812, 40.628234 ], [ -73.954885, 40.628336 ], [ -73.951106, 40.62875 ], [ -73.950177, 40.628852 ], [ -73.948324, 40.629057 ], [ -73.947327, 40.629166 ], [ -73.946875, 40.626774 ], [ -73.946422, 40.624385 ], [ -73.945425, 40.624496 ], [ -73.94497, 40.622105 ], [ -73.944518, 40.619714 ], [ -73.946514, 40.619494 ], [ -73.946067, 40.617104 ], [ -73.945737, 40.615363 ], [ -73.946574, 40.614789 ], [ -73.947458, 40.614199 ], [ -73.948345, 40.614136 ], [ -73.949306, 40.614031 ], [ -73.950265, 40.613924 ], [ -73.949784, 40.611372 ], [ -73.950706, 40.61125 ], [ -73.951633, 40.611123 ], [ -73.952577, 40.611037 ], [ -73.953599, 40.61095 ], [ -73.954796, 40.61082 ], [ -73.955741, 40.610715 ] ] ] } },
{ "type": "Feature", "properties": { "nta_code": "BK44", "nta_name": "Madison", "boro_name": "Brooklyn", "trees_2015": 3644, "trees_2005": 3163, "area_km2": 2.54, "density_2005": 1245.3, "density_2015": 1434.6, "tree_change": 481, "pct_change": 15.2, "data_mode": "official", "generated_at": "2026-08-11T04:47:12.996138+00:00", "tree_source_year": 2015, "geography_vintage": 2010, "dataset_geography": "NTA2010", "tree_2005_unassigned_count": 24027, "tree_2005_mapping_coverage_pct": 95.9 }, "geometry": { "type": "Polygon", "coordinates": [ [ [ -73.957332, 40.598731 ], [ -73.957757, 40.600986 ], [ -73.95683, 40.601087 ], [ -73.957283, 40.60347 ], [ -73.957724, 40.6058 ], [ -73.95828, 40.608747 ], [ -73.958593, 40.610403 ], [ -73.957669, 40.610504 ], [ -73.956705, 40.610612 ], [ -73.955741, 40.610715 ], [ -73.954796, 40.61082 ], [ -73.953599, 40.61095 ], [ -73.952577, 40.611037 ], [ -73.951633, 40.611123 ], [ -73.950706, 40.61125 ], [ -73.949784, 40.611372 ], [ -73.950265, 40.613924 ], [ -73.949306, 40.614031 ], [ -73.948345, 40.614136 ], [ -73.947458, 40.614199 ], [ -73.946574, 40.614789 ], [ -73.945737, 40.615363 ], [ -73.944827, 40.616046 ], [ -73.944174, 40.612722 ], [ -73.944055, 40.611993 ], [ -73.943699, 40.610214 ], [ -73.943641, 40.609859 ], [ -73.943547, 40.609346 ], [ -73.942312, 40.608269 ], [ -73.941547, 40.608768 ], [ -73.939347, 40.610187 ], [ -73.937537, 40.608557 ], [ -73.939726, 40.607133 ], [ -73.934263, 40.60223 ], [ -73.935032, 40.601734 ], [ -73.934471, 40.601231 ], [ -73.935259, 40.601142 ], [ -73.936197, 40.601055 ], [ -73.93715, 40.600949 ], [ -73.938113, 40.600844 ], [ -73.939042, 40.600742 ], [ -73.939967, 40.60064 ], [ -73.941891, 40.600427 ], [ -73.942889, 40.600318 ], [ -73.942484, 40.598201 ], [ -73.943411, 40.598098 ], [ -73.945265, 40.597894 ], [ -73.94623, 40.597789 ], [ -73.947192, 40.597682 ], [ -73.949047, 40.597479 ], [ -73.949973, 40.597377 ], [ -73.951006, 40.597262 ], [ -73.952204, 40.597131 ], [ -73.95315, 40.597028 ], [ -73.955076, 40.596816 ], [ -73.956001, 40.596714 ], [ -73.956928, 40.596612 ], [ -73.957332, 40.598731 ] ] ] } },
{ "type": "Feature", "properties": { "nta_code": "BK45", "nta_name": "Georgetown-Marine Park-Bergen Beach-Mill Basin", "boro_name": "Brooklyn", "trees_2015": 7449, "trees_2005": 6778, "area_km2": 6.73, "density_2005": 1007.1, "density_2015": 1106.8, "tree_change": 671, "pct_change": 9.9, "data_mode": "official", "generated_at": "2026-08-11T04:47:12.996138+00:00", "tree_source_year": 2015, "geography_vintage": 2010, "dataset_geography": "NTA2010", "tree_2005_unassigned_count": 24027, "tree_2005_mapping_coverage_pct": 95.9 }, "geometry": { "type": "Polygon", "coordinates": [ [ [ -73.926962, 40.606962 ], [ -73.927691, 40.60648 ], [ -73.929868, 40.605071 ], [ -73.931697, 40.606714 ], [ -73.933513, 40.608343 ], [ -73.934232, 40.607898 ], [ -73.936046, 40.609515 ], [ -73.936761, 40.609055 ], [ -73.937537, 40.608557 ], [ -73.939347, 40.610187 ], [ -73.941547, 40.608768 ], [ -73.942312, 40.608269 ], [ -73.943547, 40.609346 ], [ -73.943641, 40.609859 ], [ -73.943699, 40.610214 ], [ -73.944055, 40.611993 ], [ -73.944174, 40.612722 ], [ -73.944827, 40.616046 ], [ -73.943958, 40.616816 ], [ -73.94347, 40.617385 ], [ -73.943145, 40.617426 ], [ -73.942212, 40.617526 ], [ -73.941282, 40.61763 ], [ -73.94079, 40.617697 ], [ -73.939716, 40.618406 ], [ -73.937814, 40.619652 ], [ -73.937576, 40.619796 ], [ -73.936992, 40.620179 ], [ -73.936867, 40.620253 ], [ -73.935018, 40.6186 ], [ -73.933205, 40.61697 ], [ -73.931731, 40.617927 ], [ -73.930602, 40.616922 ], [ -73.929461, 40.615897 ], [ -73.928478, 40.615017 ], [ -73.928089, 40.614668 ], [ -73.927761, 40.614374 ], [ -73.927396, 40.614053 ], [ -73.926295, 40.613193 ], [ -73.926401, 40.614479 ], [ -73.925395, 40.61454 ], [ -73.923497, 40.614658 ], [ -73.922529, 40.614719 ], [ -73.920624, 40.614839 ], [ -73.920527, 40.613943 ], [ -73.920107, 40.614212 ], [ -73.918934, 40.614968 ], [ -73.918629, 40.615169 ], [ -73.917887, 40.615647 ], [ -73.916903, 40.616274 ], [ -73.917008, 40.617202 ], [ -73.91714, 40.61839 ], [ -73.917265, 40.619548 ], [ -73.91747, 40.621513 ], [ -73.917515, 40.621941 ], [ -73.917694, 40.624103 ], [ -73.917995, 40.626458 ], [ -73.918162, 40.628005 ], [ -73.918604, 40.632096 ], [ -73.916922, 40.631669 ], [ -73.90848, 40.627979 ], [ -73.906514, 40.627131 ], [ -73.90178, 40.624816 ], [ -73.898261, 40.622989 ], [ -73.89668, 40.622306 ], [ -73.892306, 40.620556 ], [ -73.887051, 40.61632 ], [ -73.884456, 40.60944 ], [ -73.891953, 40.605525 ], [ -73.898665, 40.604603 ], [ -73.901445, 40.604354 ], [ -73.906573, 40.603649 ], [ -73.912994, 40.60286 ], [ -73.917254, 40.606731 ], [ -73.91782, 40.606391 ], [ -73.918734, 40.607221 ], [ -73.919296, 40.606947 ], [ -73.919693, 40.607311 ], [ -73.921584, 40.607639 ], [ -73.924441, 40.605794 ], [ -73.926249, 40.607414 ], [ -73.926962, 40.606962 ] ] ] } },
{ "type": "Feature", "properties": { "nta_code": "BK46", "nta_name": "Ocean Parkway South", "boro_name": "Brooklyn", "trees_2015": 2537, "trees_2005": 2293, "area_km2": 1.66, "density_2005": 1381.3, "density_2015": 1528.3, "tree_change": 244, "pct_change": 10.6, "data_mode": "official", "generated_at": "2026-08-11T04:47:12.996138+00:00", "tree_source_year": 2015, "geography_vintage": 2010, "dataset_geography": "NTA2010", "tree_2005_unassigned_count": 24027, "tree_2005_mapping_coverage_pct": 95.9 }, "geometry": { "type": "Polygon", "coordinates": [ [ [ -73.974777, 40.612638 ], [ -73.974893, 40.613187 ], [ -73.975172, 40.614724 ], [ -73.973993, 40.61403 ], [ -73.972903, 40.614153 ], [ -73.973358, 40.616541 ], [ -73.974444, 40.616421 ], [ -73.975481, 40.616312 ], [ -73.975417, 40.615975 ], [ -73.97563, 40.615946 ], [ -73.97785, 40.617287 ], [ -73.977572, 40.617607 ], [ -73.977379, 40.617883 ], [ -73.976825, 40.618676 ], [ -73.975296, 40.620913 ], [ -73.975744, 40.620661 ], [ -73.977252, 40.621345 ], [ -73.976566, 40.621995 ], [ -73.976753, 40.623013 ], [ -73.976834, 40.623481 ], [ -73.977109, 40.624948 ], [ -73.977197, 40.625102 ], [ -73.977262, 40.625853 ], [ -73.976235, 40.625976 ], [ -73.975636, 40.626035 ], [ -73.975077, 40.626114 ], [ -73.974149, 40.626215 ], [ -73.970922, 40.62657 ], [ -73.970474, 40.624182 ], [ -73.969098, 40.624333 ], [ -73.968645, 40.621942 ], [ -73.967572, 40.62206 ], [ -73.966645, 40.622163 ], [ -73.965719, 40.622264 ], [ -73.96472, 40.622373 ], [ -73.964268, 40.619984 ], [ -73.963889, 40.618 ], [ -73.963811, 40.617589 ], [ -73.963622, 40.61659 ], [ -73.963564, 40.616239 ], [ -73.963361, 40.615204 ], [ -73.96286, 40.61255 ], [ -73.963853, 40.612433 ], [ -73.964781, 40.612331 ], [ -73.964296, 40.609777 ], [ -73.965224, 40.609674 ], [ -73.967668, 40.609404 ], [ -73.969041, 40.609254 ], [ -73.96997, 40.60915 ], [ -73.971913, 40.608936 ], [ -73.972994, 40.608814 ], [ -73.974031, 40.608702 ], [ -73.974184, 40.609463 ], [ -73.974391, 40.61058 ], [ -73.974515, 40.611257 ], [ -73.974777, 40.612638 ] ] ] } },
{ "type": "Feature", "properties": { "nta_code": "BK50", "nta_name": "Canarsie", "boro_name": "Brooklyn", "trees_2015": 5994, "trees_2005": 6490, "area_km2": 7.93, "density_2005": 818.4, "density_2015": 755.9, "tree_change": -496, "pct_change": -7.6, "data_mode": "official", "generated_at": "2026-08-11T04:47:12.996138+00:00", "tree_source_year": 2015, "geography_vintage": 2010, "dataset_geography": "NTA2010", "tree_2005_unassigned_count": 24027, "tree_2005_mapping_coverage_pct": 95.9 }, "geometry": { "type": "Polygon", "coordinates": [ [ [ -73.906514, 40.627131 ], [ -73.90848, 40.627979 ], [ -73.916922, 40.631669 ], [ -73.918604, 40.632096 ], [ -73.918852, 40.634483 ], [ -73.919172, 40.63747 ], [ -73.91929, 40.638596 ], [ -73.919462, 40.640239 ], [ -73.919556, 40.641185 ], [ -73.919729, 40.642725 ], [ -73.919951, 40.644707 ], [ -73.919821, 40.644784 ], [ -73.918302, 40.645812 ], [ -73.917648, 40.646223 ], [ -73.916937, 40.646683 ], [ -73.916209, 40.647151 ], [ -73.914732, 40.648101 ], [ -73.913961, 40.648601 ], [ -73.911823, 40.649984 ], [ -73.911101, 40.650448 ], [ -73.91023, 40.651014 ], [ -73.909449, 40.651522 ], [ -73.908681, 40.650717 ], [ -73.907615, 40.649896 ], [ -73.906372, 40.648779 ], [ -73.903982, 40.646629 ], [ -73.902355, 40.647689 ], [ -73.899469, 40.649542 ], [ -73.898728, 40.650025 ], [ -73.897943, 40.650515 ], [ -73.895861, 40.651881 ], [ -73.89761, 40.653454 ], [ -73.895206, 40.654488 ], [ -73.893547, 40.655202 ], [ -73.891366, 40.652365 ], [ -73.889994, 40.651138 ], [ -73.891252, 40.650026 ], [ -73.889587, 40.648111 ], [ -73.886186, 40.644771 ], [ -73.884324, 40.642937 ], [ -73.881901, 40.640835 ], [ -73.880968, 40.639453 ], [ -73.879541, 40.638862 ], [ -73.878901, 40.638038 ], [ -73.8763, 40.635192 ], [ -73.873957, 40.633773 ], [ -73.88239, 40.627542 ], [ -73.892306, 40.620556 ], [ -73.89668, 40.622306 ], [ -73.898261, 40.622989 ], [ -73.90178, 40.624816 ], [ -73.906514, 40.627131 ] ] ] } },
{ "type": "Feature", "properties": { "nta_code": "BK58", "nta_name": "Flatlands", "boro_name": "Brooklyn", "trees_2015": 5589, "trees_2005": 5216, "area_km2": 5.05, "density_2005": 1032.9, "density_2015": 1106.7, "tree_change": 373, "pct_change": 7.2, "data_mode": "official", "generated_at": "2026-08-11T04:47:12.996138+00:00", "tree_source_year": 2015, "geography_vintage": 2010, "dataset_geography": "NTA2010", "tree_2005_unassigned_count": 24027, "tree_2005_mapping_coverage_pct": 95.9 }, "geometry": { "type": "Polygon", "coordinates": [ [ [ -73.929461, 40.615897 ], [ -73.930602, 40.616922 ], [ -73.931731, 40.617927 ], [ -73.933205, 40.61697 ], [ -73.935018, 40.6186 ], [ -73.936867, 40.620253 ], [ -73.936992, 40.620179 ], [ -73.937576, 40.619796 ], [ -73.937814, 40.619652 ], [ -73.939716, 40.618406 ], [ -73.94079, 40.617697 ], [ -73.941282, 40.61763 ], [ -73.942212, 40.617526 ], [ -73.943145, 40.617426 ], [ -73.94347, 40.617385 ], [ -73.943958, 40.616816 ], [ -73.944827, 40.616046 ], [ -73.945737, 40.615363 ], [ -73.946067, 40.617104 ], [ -73.946514, 40.619494 ], [ -73.944518, 40.619714 ], [ -73.94497, 40.622105 ], [ -73.945425, 40.624496 ], [ -73.946422, 40.624385 ], [ -73.946875, 40.626774 ], [ -73.947327, 40.629166 ], [ -73.946327, 40.629277 ], [ -73.945401, 40.629378 ], [ -73.944155, 40.629508 ], [ -73.944808, 40.630127 ], [ -73.945511, 40.630792 ], [ -73.946479, 40.631708 ], [ -73.944629, 40.631838 ], [ -73.941757, 40.632017 ], [ -73.940788, 40.632076 ], [ -73.937998, 40.632247 ], [ -73.937593, 40.632268 ], [ -73.937013, 40.632304 ], [ -73.937036, 40.632509 ], [ -73.937078, 40.632898 ], [ -73.937267, 40.634651 ], [ -73.934395, 40.634827 ], [ -73.9325, 40.634947 ], [ -73.931531, 40.635006 ], [ -73.928612, 40.635187 ], [ -73.927448, 40.635259 ], [ -73.926788, 40.636108 ], [ -73.926146, 40.637568 ], [ -73.926082, 40.638163 ], [ -73.926033, 40.638543 ], [ -73.925743, 40.640014 ], [ -73.925704, 40.640361 ], [ -73.925479, 40.641587 ], [ -73.925382, 40.642384 ], [ -73.923565, 40.642499 ], [ -73.923375, 40.640495 ], [ -73.923327, 40.6399 ], [ -73.921609, 40.641687 ], [ -73.919729, 40.642725 ], [ -73.919556, 40.641185 ], [ -73.919462, 40.640239 ], [ -73.91929, 40.638596 ], [ -73.919172, 40.63747 ], [ -73.918852, 40.634483 ], [ -73.918604, 40.632096 ], [ -73.918162, 40.628005 ], [ -73.917995, 40.626458 ], [ -73.917694, 40.624103 ], [ -73.917515, 40.621941 ], [ -73.91747, 40.621513 ], [ -73.917265, 40.619548 ], [ -73.91714, 40.61839 ], [ -73.917008, 40.617202 ], [ -73.916903, 40.616274 ], [ -73.917887, 40.615647 ], [ -73.918629, 40.615169 ], [ -73.918934, 40.614968 ], [ -73.920107, 40.614212 ], [ -73.920527, 40.613943 ], [ -73.920624, 40.614839 ], [ -73.922529, 40.614719 ], [ -73.923497, 40.614658 ], [ -73.925395, 40.61454 ], [ -73.926401, 40.614479 ], [ -73.926295, 40.613193 ], [ -73.927396, 40.614053 ], [ -73.927761, 40.614374 ], [ -73.928089, 40.614668 ], [ -73.928478, 40.615017 ], [ -73.929461, 40.615897 ] ] ] } },
{ "type": "Feature", "properties": { "nta_code": "BK60", "nta_name": "Prospect Lefferts Gardens-Wingate", "boro_name": "Brooklyn", "trees_2015": 3169, "trees_2005": 2479, "area_km2": 2.93, "density_2005": 846.1, "density_2015": 1081.6, "tree_change": 690, "pct_change": 27.8, "data_mode": "official", "generated_at": "2026-08-11T04:47:12.996138+00:00", "tree_source_year": 2015, "geography_vintage": 2010, "dataset_geography": "NTA2010", "tree_2005_unassigned_count": 24027, "tree_2005_mapping_coverage_pct": 95.9 }, "geometry": { "type": "Polygon", "coordinates": [ [ [ -73.959861, 40.655635 ], [ -73.960699, 40.655341 ], [ -73.961691, 40.654951 ], [ -73.9619, 40.654871 ], [ -73.962814, 40.660504 ], [ -73.962429, 40.663125 ], [ -73.961939, 40.663224 ], [ -73.960956, 40.663285 ], [ -73.960615, 40.663303 ], [ -73.960337, 40.664108 ], [ -73.959344, 40.664176 ], [ -73.957292, 40.664303 ], [ -73.95721, 40.663517 ], [ -73.953849, 40.663728 ], [ -73.950974, 40.663905 ], [ -73.949407, 40.664005 ], [ -73.948166, 40.664082 ], [ -73.945463, 40.664226 ], [ -73.944892, 40.664174 ], [ -73.942696, 40.664055 ], [ -73.942829, 40.662847 ], [ -73.940029, 40.663021 ], [ -73.937264, 40.663192 ], [ -73.934553, 40.663362 ], [ -73.931607, 40.663557 ], [ -73.930685, 40.66362 ], [ -73.928282, 40.661447 ], [ -73.926464, 40.659814 ], [ -73.927255, 40.659338 ], [ -73.928193, 40.660177 ], [ -73.92834, 40.66006 ], [ -73.928172, 40.658478 ], [ -73.927995, 40.656802 ], [ -73.928964, 40.656742 ], [ -73.930903, 40.65661 ], [ -73.931907, 40.656537 ], [ -73.932847, 40.656478 ], [ -73.934784, 40.656361 ], [ -73.935718, 40.656303 ], [ -73.937659, 40.656184 ], [ -73.938593, 40.656123 ], [ -73.939559, 40.656063 ], [ -73.940532, 40.656002 ], [ -73.942401, 40.655885 ], [ -73.943354, 40.655829 ], [ -73.947159, 40.655594 ], [ -73.950066, 40.655423 ], [ -73.94993, 40.65415 ], [ -73.949769, 40.652642 ], [ -73.949669, 40.651698 ], [ -73.949571, 40.650807 ], [ -73.952469, 40.65067 ], [ -73.955825, 40.65053 ], [ -73.958707, 40.650387 ], [ -73.958926, 40.651212 ], [ -73.959151, 40.652145 ], [ -73.959329, 40.652928 ], [ -73.959451, 40.653575 ], [ -73.959696, 40.654839 ], [ -73.959861, 40.655635 ] ] ] } },
{ "type": "Feature", "properties": { "nta_code": "BK61", "nta_name": "Crown Heights North", "boro_name": "Brooklyn", "trees_2015": 6411, "trees_2005": 4402, "area_km2": 4.79, "density_2005": 919.0, "density_2015": 1338.4, "tree_change": 2009, "pct_change": 45.6, "data_mode": "official", "generated_at": "2026-08-11T04:47:12.996138+00:00", "tree_source_year": 2015, "geography_vintage": 2010, "dataset_geography": "NTA2010", "tree_2005_unassigned_count": 24027, "tree_2005_mapping_coverage_pct": 95.9 }, "geometry": { "type": "Polygon", "coordinates": [ [ [ -73.942285, 40.668461 ], [ -73.945046, 40.668615 ], [ -73.947818, 40.668784 ], [ -73.947731, 40.669705 ], [ -73.950502, 40.669856 ], [ -73.95327, 40.670007 ], [ -73.955269, 40.670125 ], [ -73.957974, 40.670657 ], [ -73.961338, 40.671352 ], [ -73.961029, 40.672244 ], [ -73.960709, 40.673122 ], [ -73.960393, 40.673999 ], [ -73.960074, 40.674878 ], [ -73.963183, 40.675529 ], [ -73.962865, 40.676406 ], [ -73.962547, 40.677287 ], [ -73.962229, 40.678166 ], [ -73.961957, 40.678934 ], [ -73.96168, 40.679702 ], [ -73.961312, 40.680456 ], [ -73.958292, 40.679831 ], [ -73.956022, 40.679359 ], [ -73.95529, 40.679202 ], [ -73.953371, 40.680641 ], [ -73.949557, 40.68039 ], [ -73.946749, 40.68024 ], [ -73.946274, 40.680213 ], [ -73.943973, 40.680088 ], [ -73.943262, 40.680051 ], [ -73.941209, 40.679938 ], [ -73.940328, 40.67989 ], [ -73.938436, 40.679786 ], [ -73.937398, 40.67973 ], [ -73.934351, 40.679564 ], [ -73.934395, 40.679835 ], [ -73.934508, 40.680221 ], [ -73.934571, 40.680565 ], [ -73.934715, 40.681298 ], [ -73.934862, 40.682031 ], [ -73.935008, 40.682764 ], [ -73.932086, 40.6831 ], [ -73.929161, 40.683437 ], [ -73.929009, 40.682703 ], [ -73.926095, 40.683038 ], [ -73.922814, 40.683415 ], [ -73.92267, 40.682682 ], [ -73.922545, 40.681936 ], [ -73.922427, 40.681211 ], [ -73.922132, 40.679745 ], [ -73.921973, 40.679078 ], [ -73.921835, 40.678946 ], [ -73.921646, 40.67887 ], [ -73.921816, 40.677019 ], [ -73.921901, 40.676131 ], [ -73.922049, 40.674574 ], [ -73.922132, 40.673684 ], [ -73.922215, 40.672792 ], [ -73.9223, 40.6719 ], [ -73.922384, 40.671009 ], [ -73.922467, 40.670117 ], [ -73.922544, 40.669276 ], [ -73.922398, 40.668454 ], [ -73.922727, 40.667365 ], [ -73.922753, 40.667098 ], [ -73.924244, 40.666445 ], [ -73.924449, 40.666361 ], [ -73.92638, 40.665515 ], [ -73.927712, 40.664935 ], [ -73.928228, 40.66471 ], [ -73.928544, 40.664574 ], [ -73.928683, 40.665086 ], [ -73.931455, 40.665234 ], [ -73.934224, 40.665378 ], [ -73.936984, 40.665536 ], [ -73.936907, 40.666426 ], [ -73.936825, 40.667317 ], [ -73.936749, 40.668128 ], [ -73.939515, 40.668296 ], [ -73.942285, 40.668461 ] ] ] } },
{ "type": "Feature", "properties": { "nta_code": "BK63", "nta_name": "Crown Heights South", "boro_name": "Brooklyn", "trees_2015": 2120, "trees_2005": 2222, "area_km2": 1.48, "density_2005": 1501.4, "density_2015": 1432.4, "tree_change": -102, "pct_change": -4.6, "data_mode": "official", "generated_at": "2026-08-11T04:47:12.996138+00:00", "tree_source_year": 2015, "geography_vintage": 2010, "dataset_geography": "NTA2010", "tree_2005_unassigned_count": 24027, "tree_2005_mapping_coverage_pct": 95.9 }, "geometry": { "type": "Polygon", "coordinates": [ [ [ -73.936984, 40.665536 ], [ -73.934224, 40.665378 ], [ -73.931455, 40.665234 ], [ -73.928683, 40.665086 ], [ -73.928544, 40.664574 ], [ -73.929403, 40.664199 ], [ -73.929874, 40.66399 ], [ -73.930685, 40.66362 ], [ -73.931607, 40.663557 ], [ -73.934553, 40.663362 ], [ -73.937264, 40.663192 ], [ -73.940029, 40.663021 ], [ -73.942829, 40.662847 ], [ -73.942696, 40.664055 ], [ -73.944892, 40.664174 ], [ -73.945463, 40.664226 ], [ -73.948166, 40.664082 ], [ -73.949407, 40.664005 ], [ -73.950974, 40.663905 ], [ -73.953849, 40.663728 ], [ -73.95721, 40.663517 ], [ -73.957292, 40.664303 ], [ -73.959344, 40.664176 ], [ -73.960337, 40.664108 ], [ -73.960615, 40.663303 ], [ -73.960956, 40.663285 ], [ -73.961108, 40.664063 ], [ -73.961806, 40.667681 ], [ -73.962194, 40.669641 ], [ -73.962622, 40.671629 ], [ -73.961338, 40.671352 ], [ -73.957974, 40.670657 ], [ -73.955269, 40.670125 ], [ -73.95327, 40.670007 ], [ -73.950502, 40.669856 ], [ -73.947731, 40.669705 ], [ -73.947818, 40.668784 ], [ -73.945046, 40.668615 ], [ -73.942285, 40.668461 ], [ -73.939515, 40.668296 ], [ -73.936749, 40.668128 ], [ -73.936825, 40.667317 ], [ -73.936907, 40.666426 ], [ -73.936984, 40.665536 ] ] ] } },
{ "type": "Feature", "properties": { "nta_code": "BK64", "nta_name": "Prospect Heights", "boro_name": "Brooklyn", "trees_2015": 1535, "trees_2005": 1326, "area_km2": 0.96, "density_2005": 1381.2, "density_2015": 1599.0, "tree_change": 209, "pct_change": 15.8, "data_mode": "official", "generated_at": "2026-08-11T04:47:12.996138+00:00", "tree_source_year": 2015, "geography_vintage": 2010, "dataset_geography": "NTA2010", "tree_2005_unassigned_count": 24027, "tree_2005_mapping_coverage_pct": 95.9 }, "geometry": { "type": "Polygon", "coordinates": [ [ [ -73.962622, 40.671629 ], [ -73.967496, 40.67285 ], [ -73.968924, 40.672938 ], [ -73.968731, 40.673928 ], [ -73.968835, 40.674386 ], [ -73.968999, 40.674713 ], [ -73.969693, 40.67536 ], [ -73.969498, 40.675906 ], [ -73.971904, 40.676413 ], [ -73.973687, 40.677078 ], [ -73.97618, 40.678065 ], [ -73.975749, 40.6787 ], [ -73.975321, 40.679333 ], [ -73.974905, 40.679955 ], [ -73.974692, 40.680266 ], [ -73.974504, 40.680733 ], [ -73.973952, 40.682281 ], [ -73.97378, 40.683061 ], [ -73.971742, 40.682646 ], [ -73.97064, 40.682414 ], [ -73.968664, 40.682 ], [ -73.967477, 40.681754 ], [ -73.96654, 40.681558 ], [ -73.964454, 40.681125 ], [ -73.961312, 40.680456 ], [ -73.96168, 40.679702 ], [ -73.961957, 40.678934 ], [ -73.962229, 40.678166 ], [ -73.962547, 40.677287 ], [ -73.962865, 40.676406 ], [ -73.963183, 40.675529 ], [ -73.960074, 40.674878 ], [ -73.960393, 40.673999 ], [ -73.960709, 40.673122 ], [ -73.961029, 40.672244 ], [ -73.961338, 40.671352 ], [ -73.962622, 40.671629 ] ] ] } },
{ "type": "Feature", "properties": { "nta_code": "BK68", "nta_name": "Fort Greene", "boro_name": "Brooklyn", "trees_2015": 2150, "trees_2005": 1382, "area_km2": 1.53, "density_2005": 903.3, "density_2015": 1405.2, "tree_change": 768, "pct_change": 55.6, "data_mode": "official", "generated_at": "2026-08-11T04:47:12.996138+00:00", "tree_source_year": 2015, "geography_vintage": 2010, "dataset_geography": "NTA2010", "tree_2005_unassigned_count": 24027, "tree_2005_mapping_coverage_pct": 95.9 }, "geometry": { "type": "Polygon", "coordinates": [ [ [ -73.968664, 40.682 ], [ -73.97064, 40.682414 ], [ -73.971742, 40.682646 ], [ -73.97378, 40.683061 ], [ -73.975929, 40.683505 ], [ -73.977457, 40.684052 ], [ -73.978026, 40.684864 ], [ -73.979088, 40.686285 ], [ -73.979363, 40.686682 ], [ -73.980928, 40.688903 ], [ -73.982098, 40.689358 ], [ -73.982957, 40.689699 ], [ -73.98372, 40.690007 ], [ -73.983134, 40.690003 ], [ -73.981476, 40.689931 ], [ -73.982132, 40.691227 ], [ -73.98179, 40.691645 ], [ -73.981791, 40.692025 ], [ -73.981759, 40.692955 ], [ -73.98254, 40.693002 ], [ -73.982512, 40.693614 ], [ -73.980983, 40.693556 ], [ -73.979168, 40.693489 ], [ -73.980139, 40.694683 ], [ -73.980356, 40.696178 ], [ -73.980371, 40.696263 ], [ -73.980632, 40.696346 ], [ -73.980515, 40.697437 ], [ -73.980544, 40.698246 ], [ -73.976787, 40.698087 ], [ -73.969728, 40.697804 ], [ -73.969372, 40.695954 ], [ -73.96932, 40.695687 ], [ -73.96881, 40.693121 ], [ -73.969831, 40.693135 ], [ -73.969521, 40.691564 ], [ -73.969103, 40.689468 ], [ -73.970131, 40.689506 ], [ -73.969783, 40.687752 ], [ -73.96949, 40.686288 ], [ -73.969062, 40.684157 ], [ -73.968664, 40.682 ] ] ] } },
{ "type": "Feature", "properties": { "nta_code": "BK69", "nta_name": "Clinton Hill", "boro_name": "Brooklyn", "trees_2015": 3017, "trees_2005": 1747, "area_km2": 1.91, "density_2005": 914.7, "density_2015": 1579.6, "tree_change": 1270, "pct_change": 72.7, "data_mode": "official", "generated_at": "2026-08-11T04:47:12.996138+00:00", "tree_source_year": 2015, "geography_vintage": 2010, "dataset_geography": "NTA2010", "tree_2005_unassigned_count": 24027, "tree_2005_mapping_coverage_pct": 95.9 }, "geometry": { "type": "Polygon", "coordinates": [ [ [ -73.953516, 40.681383 ], [ -73.953371, 40.680641 ], [ -73.95529, 40.679202 ], [ -73.956022, 40.679359 ], [ -73.958292, 40.679831 ], [ -73.961312, 40.680456 ], [ -73.964454, 40.681125 ], [ -73.96654, 40.681558 ], [ -73.967477, 40.681754 ], [ -73.968664, 40.682 ], [ -73.969062, 40.684157 ], [ -73.96949, 40.686288 ], [ -73.969783, 40.687752 ], [ -73.970131, 40.689506 ], [ -73.969103, 40.689468 ], [ -73.969521, 40.691564 ], [ -73.969831, 40.693135 ], [ -73.96881, 40.693121 ], [ -73.96932, 40.695687 ], [ -73.969372, 40.695954 ], [ -73.968384, 40.695931 ], [ -73.966389, 40.69581 ], [ -73.965434, 40.695941 ], [ -73.964551, 40.696107 ], [ -73.962839, 40.698039 ], [ -73.962294, 40.698126 ], [ -73.961051, 40.698326 ], [ -73.960158, 40.694117 ], [ -73.959311, 40.694215 ], [ -73.957997, 40.694366 ], [ -73.956143, 40.694579 ], [ -73.955826, 40.692993 ], [ -73.95541, 40.690908 ], [ -73.957272, 40.690694 ], [ -73.958578, 40.690546 ], [ -73.959428, 40.690448 ], [ -73.960293, 40.690346 ], [ -73.960006, 40.688881 ], [ -73.959859, 40.688148 ], [ -73.959714, 40.687416 ], [ -73.959568, 40.686683 ], [ -73.956841, 40.686996 ], [ -73.954684, 40.687245 ], [ -73.954538, 40.686512 ], [ -73.954393, 40.68578 ], [ -73.954246, 40.685047 ], [ -73.954101, 40.684313 ], [ -73.953954, 40.683581 ], [ -73.953809, 40.682848 ], [ -73.953662, 40.682115 ], [ -73.953516, 40.681383 ] ] ] } },
{ "type": "Feature", "properties": { "nta_code": "BK72", "nta_name": "Williamsburg", "boro_name": "Brooklyn", "trees_2015": 1658, "trees_2005": 1495, "area_km2": 1.08, "density_2005": 1384.3, "density_2015": 1535.2, "tree_change": 163, "pct_change": 10.9, "data_mode": "official", "generated_at": "2026-08-11T04:47:12.996138+00:00", "tree_source_year": 2015, "geography_vintage": 2010, "dataset_geography": "NTA2010", "tree_2005_unassigned_count": 24027, "tree_2005_mapping_coverage_pct": 95.9 }, "geometry": { "type": "Polygon", "coordinates": [ [ [ -73.957226, 40.7 ], [ -73.957167, 40.699708 ], [ -73.95702, 40.698974 ], [ -73.958858, 40.698677 ], [ -73.961051, 40.698326 ], [ -73.962294, 40.698126 ], [ -73.962839, 40.698039 ], [ -73.962179, 40.700221 ], [ -73.962524, 40.700473 ], [ -73.963869, 40.701542 ], [ -73.965204, 40.702623 ], [ -73.966074, 40.70332 ], [ -73.96721, 40.704256 ], [ -73.967616, 40.704961 ], [ -73.967951, 40.705731 ], [ -73.968389, 40.706829 ], [ -73.967289, 40.707002 ], [ -73.965932, 40.707244 ], [ -73.964849, 40.707454 ], [ -73.964421, 40.707534 ], [ -73.963278, 40.707729 ], [ -73.962743, 40.707685 ], [ -73.962131, 40.707623 ], [ -73.961144, 40.707524 ], [ -73.959938, 40.707407 ], [ -73.959395, 40.707352 ], [ -73.958456, 40.707252 ], [ -73.958385, 40.707676 ], [ -73.958152, 40.708041 ], [ -73.957904, 40.708427 ], [ -73.957353, 40.708232 ], [ -73.956724, 40.70801 ], [ -73.954017, 40.70708 ], [ -73.953753, 40.706982 ], [ -73.952913, 40.706701 ], [ -73.952515, 40.706559 ], [ -73.9523, 40.70649 ], [ -73.95191, 40.70636 ], [ -73.951086, 40.705913 ], [ -73.950237, 40.705473 ], [ -73.949836, 40.705229 ], [ -73.949254, 40.704896 ], [ -73.948665, 40.704565 ], [ -73.947052, 40.703664 ], [ -73.949379, 40.702159 ], [ -73.951288, 40.700922 ], [ -73.951921, 40.701487 ], [ -73.953181, 40.702617 ], [ -73.953812, 40.703181 ], [ -73.955724, 40.701946 ], [ -73.957457, 40.700822 ], [ -73.957226, 40.7 ] ] ] } },
{ "type": "Feature", "properties": { "nta_code": "BK73", "nta_name": "North Side-South Side", "boro_name": "Brooklyn", "trees_2015": 3484, "trees_2005": 2170, "area_km2": 2.66, "density_2005": 815.8, "density_2015": 1309.8, "tree_change": 1314, "pct_change": 60.6, "data_mode": "official", "generated_at": "2026-08-11T04:47:12.996138+00:00", "tree_source_year": 2015, "geography_vintage": 2010, "dataset_geography": "NTA2010", "tree_2005_unassigned_count": 24027, "tree_2005_mapping_coverage_pct": 95.9 }, "geometry": { "type": "Polygon", "coordinates": [ [ [ -73.969131, 40.707029 ], [ -73.969157, 40.707027 ], [ -73.969445, 40.706847 ], [ -73.969845, 40.709047 ], [ -73.969584, 40.71017 ], [ -73.96905, 40.712482 ], [ -73.968469, 40.712999 ], [ -73.96837, 40.714127 ], [ -73.968041, 40.714966 ], [ -73.967716, 40.71604 ], [ -73.967578, 40.716496 ], [ -73.966836, 40.717564 ], [ -73.966511, 40.717917 ], [ -73.965704, 40.718779 ], [ -73.965086, 40.719581 ], [ -73.96355, 40.721571 ], [ -73.962787, 40.722562 ], [ -73.962645, 40.722747 ], [ -73.962014, 40.723369 ], [ -73.961543, 40.723876 ], [ -73.961537, 40.724695 ], [ -73.961611, 40.724951 ], [ -73.95892, 40.724351 ], [ -73.957717, 40.724298 ], [ -73.957722, 40.724271 ], [ -73.956273, 40.72339 ], [ -73.954776, 40.72246 ], [ -73.954183, 40.722636 ], [ -73.952494, 40.723205 ], [ -73.951646, 40.723486 ], [ -73.950646, 40.721705 ], [ -73.949866, 40.722179 ], [ -73.949078, 40.72254 ], [ -73.948875, 40.721292 ], [ -73.948416, 40.718455 ], [ -73.947234, 40.718569 ], [ -73.949256, 40.717287 ], [ -73.94983, 40.716868 ], [ -73.95118, 40.716036 ], [ -73.951859, 40.715528 ], [ -73.952178, 40.715306 ], [ -73.952793, 40.714763 ], [ -73.953411, 40.714221 ], [ -73.953583, 40.71407 ], [ -73.953326, 40.714095 ], [ -73.953282, 40.71408 ], [ -73.951624, 40.714066 ], [ -73.949372, 40.714067 ], [ -73.949131, 40.712612 ], [ -73.949014, 40.711904 ], [ -73.948892, 40.711168 ], [ -73.948771, 40.710432 ], [ -73.948655, 40.709725 ], [ -73.950875, 40.709513 ], [ -73.95083, 40.709143 ], [ -73.95076, 40.708803 ], [ -73.95066, 40.70817 ], [ -73.95053, 40.707391 ], [ -73.950406, 40.706653 ], [ -73.950237, 40.705473 ], [ -73.951086, 40.705913 ], [ -73.95191, 40.70636 ], [ -73.9523, 40.70649 ], [ -73.952515, 40.706559 ], [ -73.952913, 40.706701 ], [ -73.953753, 40.706982 ], [ -73.954017, 40.70708 ], [ -73.956724, 40.70801 ], [ -73.957353, 40.708232 ], [ -73.957904, 40.708427 ], [ -73.958152, 40.708041 ], [ -73.958385, 40.707676 ], [ -73.958456, 40.707252 ], [ -73.959395, 40.707352 ], [ -73.959938, 40.707407 ], [ -73.961144, 40.707524 ], [ -73.962131, 40.707623 ], [ -73.962743, 40.707685 ], [ -73.963278, 40.707729 ], [ -73.964421, 40.707534 ], [ -73.964849, 40.707454 ], [ -73.965932, 40.707244 ], [ -73.967289, 40.707002 ], [ -73.968389, 40.706829 ], [ -73.969131, 40.707029 ] ] ] } },
{ "type": "Feature", "properties": { "nta_code": "BK75", "nta_name": "Bedford", "boro_name": "Brooklyn", "trees_2015": 3702, "trees_2005": 2160, "area_km2": 3.03, "density_2005": 712.9, "density_2015": 1221.8, "tree_change": 1542, "pct_change": 71.4, "data_mode": "official", "generated_at": "2026-08-11T04:47:12.996138+00:00", "tree_source_year": 2015, "geography_vintage": 2010, "dataset_geography": "NTA2010", "tree_2005_unassigned_count": 24027, "tree_2005_mapping_coverage_pct": 95.9 }, "geometry": { "type": "Polygon", "coordinates": [ [ [ -73.954246, 40.685047 ], [ -73.954393, 40.68578 ], [ -73.954538, 40.686512 ], [ -73.954684, 40.687245 ], [ -73.956841, 40.686996 ], [ -73.959568, 40.686683 ], [ -73.959714, 40.687416 ], [ -73.959859, 40.688148 ], [ -73.960006, 40.688881 ], [ -73.960293, 40.690346 ], [ -73.959428, 40.690448 ], [ -73.958578, 40.690546 ], [ -73.957272, 40.690694 ], [ -73.95541, 40.690908 ], [ -73.955826, 40.692993 ], [ -73.956143, 40.694579 ], [ -73.957997, 40.694366 ], [ -73.959311, 40.694215 ], [ -73.960158, 40.694117 ], [ -73.961051, 40.698326 ], [ -73.958858, 40.698677 ], [ -73.95702, 40.698974 ], [ -73.957167, 40.699708 ], [ -73.957226, 40.7 ], [ -73.957457, 40.700822 ], [ -73.955724, 40.701946 ], [ -73.953812, 40.703181 ], [ -73.953181, 40.702617 ], [ -73.951921, 40.701487 ], [ -73.951288, 40.700922 ], [ -73.949379, 40.702159 ], [ -73.947052, 40.703664 ], [ -73.945855, 40.702987 ], [ -73.944005, 40.701962 ], [ -73.943064, 40.701424 ], [ -73.942201, 40.700891 ], [ -73.941931, 40.700725 ], [ -73.944388, 40.700425 ], [ -73.944096, 40.698973 ], [ -73.943949, 40.698222 ], [ -73.943526, 40.696031 ], [ -73.943388, 40.695289 ], [ -73.943243, 40.694558 ], [ -73.9431, 40.693823 ], [ -73.942951, 40.693091 ], [ -73.942807, 40.692358 ], [ -73.942662, 40.691624 ], [ -73.942516, 40.690892 ], [ -73.942369, 40.69016 ], [ -73.942222, 40.689428 ], [ -73.942076, 40.688697 ], [ -73.941932, 40.687963 ], [ -73.941785, 40.687228 ], [ -73.94164, 40.686497 ], [ -73.941494, 40.685764 ], [ -73.941348, 40.685031 ], [ -73.941204, 40.6843 ], [ -73.941058, 40.683567 ], [ -73.940914, 40.682833 ], [ -73.940769, 40.6821 ], [ -73.94062, 40.68137 ], [ -73.940477, 40.680635 ], [ -73.940328, 40.67989 ], [ -73.941209, 40.679938 ], [ -73.943262, 40.680051 ], [ -73.943973, 40.680088 ], [ -73.946274, 40.680213 ], [ -73.946749, 40.68024 ], [ -73.949557, 40.68039 ], [ -73.953371, 40.680641 ], [ -73.953516, 40.681383 ], [ -73.953662, 40.682115 ], [ -73.953809, 40.682848 ], [ -73.953954, 40.683581 ], [ -73.954101, 40.684313 ], [ -73.954246, 40.685047 ] ] ] } },
{ "type": "Feature", "properties": { "nta_code": "BK76", "nta_name": "Greenpoint", "boro_name": "Brooklyn", "trees_2015": 3375, "trees_2005": 2620, "area_km2": 3.27, "density_2005": 801.2, "density_2015": 1032.1, "tree_change": 755, "pct_change": 28.8, "data_mode": "official", "generated_at": "2026-08-11T04:47:12.996138+00:00", "tree_source_year": 2015, "geography_vintage": 2010, "dataset_geography": "NTA2010", "tree_2005_unassigned_count": 24027, "tree_2005_mapping_coverage_pct": 95.9 }, "geometry": { "type": "Polygon", "coordinates": [ [ [ -73.949866, 40.722179 ], [ -73.950646, 40.721705 ], [ -73.951646, 40.723486 ], [ -73.952494, 40.723205 ], [ -73.954183, 40.722636 ], [ -73.954776, 40.72246 ], [ -73.956273, 40.72339 ], [ -73.957722, 40.724271 ], [ -73.957717, 40.724298 ], [ -73.95892, 40.724351 ], [ -73.961611, 40.724951 ], [ -73.961531, 40.72591 ], [ -73.961608, 40.727368 ], [ -73.961519, 40.727989 ], [ -73.961534, 40.728091 ], [ -73.961792, 40.729871 ], [ -73.961572, 40.730064 ], [ -73.961741, 40.730789 ], [ -73.962057, 40.73153 ], [ -73.962549, 40.733542 ], [ -73.962795, 40.737674 ], [ -73.961188, 40.737091 ], [ -73.955164, 40.739145 ], [ -73.954084, 40.739446 ], [ -73.952627, 40.739255 ], [ -73.947064, 40.737516 ], [ -73.942361, 40.735564 ], [ -73.940734, 40.733425 ], [ -73.937339, 40.72992 ], [ -73.9319, 40.72844 ], [ -73.932554, 40.727863 ], [ -73.934123, 40.726855 ], [ -73.936764, 40.724839 ], [ -73.937654, 40.724266 ], [ -73.938488, 40.723809 ], [ -73.938912, 40.723579 ], [ -73.939311, 40.723348 ], [ -73.940222, 40.722865 ], [ -73.941091, 40.722271 ], [ -73.941961, 40.721689 ], [ -73.943697, 40.720736 ], [ -73.94441, 40.720272 ], [ -73.946798, 40.718864 ], [ -73.947234, 40.718569 ], [ -73.948416, 40.718455 ], [ -73.948875, 40.721292 ], [ -73.949078, 40.72254 ], [ -73.949866, 40.722179 ] ] ] } },
{ "type": "Feature", "properties": { "nta_code": "BK77", "nta_name": "Bushwick North", "boro_name": "Brooklyn", "trees_2015": 3455, "trees_2005": 1416, "area_km2": 2.31, "density_2005": 613.0, "density_2015": 1495.7, "tree_change": 2039, "pct_change": 144.0, "data_mode": "official", "generated_at": "2026-08-11T04:47:12.996138+00:00", "tree_source_year": 2015, "geography_vintage": 2010, "dataset_geography": "NTA2010", "tree_2005_unassigned_count": 24027, "tree_2005_mapping_coverage_pct": 95.9 }, "geometry": { "type": "Polygon", "coordinates": [ [ [ -73.920074, 40.69749 ], [ -73.920824, 40.697918 ], [ -73.921574, 40.698345 ], [ -73.922328, 40.698772 ], [ -73.923082, 40.6992 ], [ -73.923833, 40.699628 ], [ -73.924582, 40.700056 ], [ -73.925329, 40.700481 ], [ -73.926083, 40.70091 ], [ -73.926838, 40.701334 ], [ -73.927588, 40.701762 ], [ -73.928339, 40.702192 ], [ -73.929091, 40.70262 ], [ -73.929843, 40.703047 ], [ -73.931155, 40.703773 ], [ -73.932698, 40.703171 ], [ -73.933201, 40.704971 ], [ -73.933594, 40.706371 ], [ -73.933919, 40.707487 ], [ -73.932297, 40.707749 ], [ -73.932072, 40.707786 ], [ -73.927407, 40.708542 ], [ -73.921676, 40.709471 ], [ -73.921473, 40.709004 ], [ -73.920089, 40.708251 ], [ -73.919392, 40.707687 ], [ -73.918632, 40.707299 ], [ -73.917852, 40.706852 ], [ -73.917087, 40.706481 ], [ -73.916273, 40.706105 ], [ -73.915532, 40.70558 ], [ -73.914807, 40.705195 ], [ -73.914095, 40.704727 ], [ -73.9134, 40.704325 ], [ -73.912701, 40.703835 ], [ -73.912058, 40.703446 ], [ -73.912725, 40.702363 ], [ -73.912063, 40.701911 ], [ -73.911362, 40.701495 ], [ -73.910578, 40.700998 ], [ -73.911655, 40.699905 ], [ -73.910982, 40.699536 ], [ -73.908757, 40.698202 ], [ -73.908008, 40.697764 ], [ -73.907517, 40.697545 ], [ -73.907199, 40.697342 ], [ -73.90691, 40.697191 ], [ -73.906451, 40.69687 ], [ -73.906195, 40.696803 ], [ -73.905772, 40.69651 ], [ -73.905556, 40.696428 ], [ -73.905059, 40.69602 ], [ -73.904782, 40.695983 ], [ -73.904425, 40.695671 ], [ -73.905851, 40.694069 ], [ -73.905113, 40.693629 ], [ -73.904293, 40.693159 ], [ -73.903641, 40.692794 ], [ -73.902128, 40.691843 ], [ -73.901705, 40.69166 ], [ -73.901241, 40.691438 ], [ -73.901731, 40.690822 ], [ -73.904142, 40.688568 ], [ -73.904815, 40.688807 ], [ -73.905041, 40.688935 ], [ -73.906544, 40.689791 ], [ -73.907292, 40.690219 ], [ -73.908042, 40.690647 ], [ -73.908797, 40.691075 ], [ -73.910298, 40.69193 ], [ -73.911053, 40.692358 ], [ -73.911805, 40.692785 ], [ -73.912554, 40.693212 ], [ -73.913307, 40.693641 ], [ -73.914057, 40.694068 ], [ -73.914808, 40.694497 ], [ -73.915562, 40.694922 ], [ -73.916313, 40.695351 ], [ -73.917071, 40.695782 ], [ -73.917818, 40.696208 ], [ -73.918564, 40.69663 ], [ -73.919321, 40.697061 ], [ -73.920074, 40.69749 ] ] ] } },
{ "type": "Feature", "properties": { "nta_code": "BK78", "nta_name": "Bushwick South", "boro_name": "Brooklyn", "trees_2015": 4538, "trees_2005": 3033, "area_km2": 3.73, "density_2005": 813.1, "density_2015": 1216.6, "tree_change": 1505, "pct_change": 49.6, "data_mode": "official", "generated_at": "2026-08-11T04:47:12.996138+00:00", "tree_source_year": 2015, "geography_vintage": 2010, "dataset_geography": "NTA2010", "tree_2005_unassigned_count": 24027, "tree_2005_mapping_coverage_pct": 95.9 }, "geometry": { "type": "Polygon", "coordinates": [ [ [ -73.927071, 40.692346 ], [ -73.927507, 40.692604 ], [ -73.927811, 40.692774 ], [ -73.928524, 40.693174 ], [ -73.929702, 40.693864 ], [ -73.931145, 40.694674 ], [ -73.931308, 40.694766 ], [ -73.931773, 40.695028 ], [ -73.931929, 40.695115 ], [ -73.933118, 40.695791 ], [ -73.935222, 40.696986 ], [ -73.936006, 40.697406 ], [ -73.936388, 40.697616 ], [ -73.93676, 40.697831 ], [ -73.938177, 40.698641 ], [ -73.938568, 40.698848 ], [ -73.94115, 40.698541 ], [ -73.943949, 40.698222 ], [ -73.944096, 40.698973 ], [ -73.944388, 40.700425 ], [ -73.941931, 40.700725 ], [ -73.94042, 40.701077 ], [ -73.940726, 40.702901 ], [ -73.94078, 40.703223 ], [ -73.940893, 40.703914 ], [ -73.94103, 40.704637 ], [ -73.942734, 40.704473 ], [ -73.94285, 40.705182 ], [ -73.942966, 40.705888 ], [ -73.943086, 40.706597 ], [ -73.943202, 40.707335 ], [ -73.943322, 40.708071 ], [ -73.94344, 40.708781 ], [ -73.943557, 40.709496 ], [ -73.943676, 40.710223 ], [ -73.943788, 40.710901 ], [ -73.942105, 40.71106 ], [ -73.940423, 40.711218 ], [ -73.940477, 40.711563 ], [ -73.940688, 40.711962 ], [ -73.938466, 40.712489 ], [ -73.934802, 40.713373 ], [ -73.932997, 40.709317 ], [ -73.932297, 40.707749 ], [ -73.933919, 40.707487 ], [ -73.933594, 40.706371 ], [ -73.933201, 40.704971 ], [ -73.932698, 40.703171 ], [ -73.931155, 40.703773 ], [ -73.929843, 40.703047 ], [ -73.929091, 40.70262 ], [ -73.928339, 40.702192 ], [ -73.927588, 40.701762 ], [ -73.926838, 40.701334 ], [ -73.926083, 40.70091 ], [ -73.925329, 40.700481 ], [ -73.924582, 40.700056 ], [ -73.923833, 40.699628 ], [ -73.923082, 40.6992 ], [ -73.922328, 40.698772 ], [ -73.921574, 40.698345 ], [ -73.920824, 40.697918 ], [ -73.920074, 40.69749 ], [ -73.919321, 40.697061 ], [ -73.918564, 40.69663 ], [ -73.917818, 40.696208 ], [ -73.917071, 40.695782 ], [ -73.916313, 40.695351 ], [ -73.915562, 40.694922 ], [ -73.914808, 40.694497 ], [ -73.914057, 40.694068 ], [ -73.913307, 40.693641 ], [ -73.912554, 40.693212 ], [ -73.911805, 40.692785 ], [ -73.911053, 40.692358 ], [ -73.910298, 40.69193 ], [ -73.908797, 40.691075 ], [ -73.908042, 40.690647 ], [ -73.907292, 40.690219 ], [ -73.906544, 40.689791 ], [ -73.905041, 40.688935 ], [ -73.904815, 40.688807 ], [ -73.904142, 40.688568 ], [ -73.905343, 40.68682 ], [ -73.904494, 40.686299 ], [ -73.905433, 40.68366 ], [ -73.904636, 40.683376 ], [ -73.903903, 40.682946 ], [ -73.903153, 40.68252 ], [ -73.902622, 40.680664 ], [ -73.904046, 40.67922 ], [ -73.904791, 40.679641 ], [ -73.905493, 40.680037 ], [ -73.90672, 40.680768 ], [ -73.907018, 40.680948 ], [ -73.908517, 40.681804 ], [ -73.90886, 40.681994 ], [ -73.909275, 40.682235 ], [ -73.910067, 40.682684 ], [ -73.911512, 40.683505 ], [ -73.912273, 40.683935 ], [ -73.913037, 40.684368 ], [ -73.913308, 40.684521 ], [ -73.91454, 40.685227 ], [ -73.914701, 40.685317 ], [ -73.91529, 40.685645 ], [ -73.916046, 40.686072 ], [ -73.916611, 40.686391 ], [ -73.916798, 40.686497 ], [ -73.917614, 40.686966 ], [ -73.918046, 40.687213 ], [ -73.918294, 40.687357 ], [ -73.918783, 40.687626 ], [ -73.91981, 40.688211 ], [ -73.92055, 40.688641 ], [ -73.920961, 40.688872 ], [ -73.921214, 40.689019 ], [ -73.922072, 40.68949 ], [ -73.922807, 40.689924 ], [ -73.923644, 40.690399 ], [ -73.924392, 40.690831 ], [ -73.925365, 40.691367 ], [ -73.92556, 40.691491 ], [ -73.926316, 40.691929 ], [ -73.927071, 40.692346 ] ] ] } },
{ "type": "Feature", "properties": { "nta_code": "BK79", "nta_name": "Ocean Hill", "boro_name": "Brooklyn", "trees_2015": 2340, "trees_2005": 889, "area_km2": 1.86, "density_2005": 478.0, "density_2015": 1258.1, "tree_change": 1451, "pct_change": 163.2, "data_mode": "official", "generated_at": "2026-08-11T04:47:12.996138+00:00", "tree_source_year": 2015, "geography_vintage": 2010, "dataset_geography": "NTA2010", "tree_2005_unassigned_count": 24027, "tree_2005_mapping_coverage_pct": 95.9 }, "geometry": { "type": "Polygon", "coordinates": [ [ [ -73.917482, 40.669393 ], [ -73.918382, 40.669002 ], [ -73.919231, 40.668631 ], [ -73.920114, 40.668376 ], [ -73.920128, 40.668241 ], [ -73.92102, 40.667852 ], [ -73.921872, 40.667481 ], [ -73.922753, 40.667098 ], [ -73.922727, 40.667365 ], [ -73.922398, 40.668454 ], [ -73.922544, 40.669276 ], [ -73.922467, 40.670117 ], [ -73.922384, 40.671009 ], [ -73.9223, 40.6719 ], [ -73.922215, 40.672792 ], [ -73.922132, 40.673684 ], [ -73.922049, 40.674574 ], [ -73.921901, 40.676131 ], [ -73.921816, 40.677019 ], [ -73.921646, 40.67887 ], [ -73.91905, 40.678729 ], [ -73.916301, 40.678577 ], [ -73.916393, 40.678906 ], [ -73.91654, 40.679637 ], [ -73.916687, 40.680371 ], [ -73.916831, 40.681101 ], [ -73.916977, 40.681834 ], [ -73.917122, 40.682568 ], [ -73.917266, 40.683303 ], [ -73.917558, 40.684767 ], [ -73.917701, 40.6855 ], [ -73.91785, 40.686233 ], [ -73.917892, 40.686449 ], [ -73.917996, 40.686965 ], [ -73.918046, 40.687213 ], [ -73.917614, 40.686966 ], [ -73.916798, 40.686497 ], [ -73.916611, 40.686391 ], [ -73.916046, 40.686072 ], [ -73.91529, 40.685645 ], [ -73.914701, 40.685317 ], [ -73.91454, 40.685227 ], [ -73.913308, 40.684521 ], [ -73.913037, 40.684368 ], [ -73.912273, 40.683935 ], [ -73.911512, 40.683505 ], [ -73.910067, 40.682684 ], [ -73.909275, 40.682235 ], [ -73.90886, 40.681994 ], [ -73.908517, 40.681804 ], [ -73.907018, 40.680948 ], [ -73.90672, 40.680768 ], [ -73.905493, 40.680037 ], [ -73.904791, 40.679641 ], [ -73.904046, 40.67922 ], [ -73.900627, 40.677265 ], [ -73.899972, 40.676934 ], [ -73.902679, 40.675786 ], [ -73.903009, 40.675679 ], [ -73.903475, 40.675507 ], [ -73.906957, 40.673985 ], [ -73.907469, 40.673762 ], [ -73.907877, 40.673567 ], [ -73.90842, 40.673313 ], [ -73.909255, 40.672948 ], [ -73.911336, 40.672077 ], [ -73.914039, 40.670897 ], [ -73.914873, 40.670533 ], [ -73.916584, 40.669787 ], [ -73.917135, 40.669543 ], [ -73.917482, 40.669393 ] ] ] } },
{ "type": "Feature", "properties": { "nta_code": "BK81", "nta_name": "Brownsville", "boro_name": "Brooklyn", "trees_2015": 3092, "trees_2005": 2108, "area_km2": 3.04, "density_2005": 693.4, "density_2015": 1017.1, "tree_change": 984, "pct_change": 46.7, "data_mode": "official", "generated_at": "2026-08-11T04:47:12.996138+00:00", "tree_source_year": 2015, "geography_vintage": 2010, "dataset_geography": "NTA2010", "tree_2005_unassigned_count": 24027, "tree_2005_mapping_coverage_pct": 95.9 }, "geometry": { "type": "Polygon", "coordinates": [ [ [ -73.911996, 40.655561 ], [ -73.912339, 40.655531 ], [ -73.91378, 40.656783 ], [ -73.914029, 40.657004 ], [ -73.915567, 40.658393 ], [ -73.915728, 40.65855 ], [ -73.917074, 40.659745 ], [ -73.917419, 40.660051 ], [ -73.918185, 40.660726 ], [ -73.918299, 40.661162 ], [ -73.918602, 40.661118 ], [ -73.919584, 40.661994 ], [ -73.919663, 40.661405 ], [ -73.919744, 40.660771 ], [ -73.920082, 40.659858 ], [ -73.920909, 40.660599 ], [ -73.922728, 40.662231 ], [ -73.924549, 40.663862 ], [ -73.92638, 40.665515 ], [ -73.924449, 40.666361 ], [ -73.924244, 40.666445 ], [ -73.922753, 40.667098 ], [ -73.921872, 40.667481 ], [ -73.92102, 40.667852 ], [ -73.920128, 40.668241 ], [ -73.920114, 40.668376 ], [ -73.919231, 40.668631 ], [ -73.918382, 40.669002 ], [ -73.917482, 40.669393 ], [ -73.917135, 40.669543 ], [ -73.916584, 40.669787 ], [ -73.914873, 40.670533 ], [ -73.914039, 40.670897 ], [ -73.911336, 40.672077 ], [ -73.909255, 40.672948 ], [ -73.90842, 40.673313 ], [ -73.907877, 40.673567 ], [ -73.907469, 40.673762 ], [ -73.906957, 40.673985 ], [ -73.903475, 40.675507 ], [ -73.902968, 40.673439 ], [ -73.902289, 40.670936 ], [ -73.901982, 40.66967 ], [ -73.901668, 40.668413 ], [ -73.900851, 40.665346 ], [ -73.900417, 40.663806 ], [ -73.901451, 40.663659 ], [ -73.901053, 40.662125 ], [ -73.900661, 40.660587 ], [ -73.899889, 40.66064 ], [ -73.899652, 40.660735 ], [ -73.899217, 40.659112 ], [ -73.899041, 40.657372 ], [ -73.899967, 40.657285 ], [ -73.900303, 40.657263 ], [ -73.903173, 40.655301 ], [ -73.906916, 40.654732 ], [ -73.907856, 40.654589 ], [ -73.9074, 40.652844 ], [ -73.908216, 40.652312 ], [ -73.908558, 40.652096 ], [ -73.909335, 40.652809 ], [ -73.909726, 40.654313 ], [ -73.910123, 40.655852 ], [ -73.911996, 40.655561 ] ] ] } },
{ "type": "Feature", "properties": { "nta_code": "BK82", "nta_name": "East New York", "boro_name": "Brooklyn", "trees_2015": 9607, "trees_2005": 3666, "area_km2": 10.79, "density_2005": 339.8, "density_2015": 890.4, "tree_change": 5941, "pct_change": 162.1, "data_mode": "official", "generated_at": "2026-08-11T04:47:12.996138+00:00", "tree_source_year": 2015, "geography_vintage": 2010, "dataset_geography": "NTA2010", "tree_2005_unassigned_count": 24027, "tree_2005_mapping_coverage_pct": 95.9 }, "geometry": { "type": "Polygon", "coordinates": [ [ [ -73.908558, 40.652096 ], [ -73.908216, 40.652312 ], [ -73.9074, 40.652844 ], [ -73.907856, 40.654589 ], [ -73.906916, 40.654732 ], [ -73.903173, 40.655301 ], [ -73.900303, 40.657263 ], [ -73.899967, 40.657285 ], [ -73.899041, 40.657372 ], [ -73.897966, 40.657532 ], [ -73.89611, 40.657754 ], [ -73.896151, 40.657912 ], [ -73.895718, 40.65816 ], [ -73.894098, 40.658878 ], [ -73.893279, 40.65923 ], [ -73.891649, 40.659933 ], [ -73.890015, 40.660636 ], [ -73.8892, 40.660988 ], [ -73.888385, 40.661338 ], [ -73.886814, 40.662014 ], [ -73.883487, 40.663448 ], [ -73.88267, 40.663798 ], [ -73.881856, 40.66415 ], [ -73.883309, 40.666112 ], [ -73.884122, 40.665761 ], [ -73.885563, 40.665141 ], [ -73.886413, 40.664781 ], [ -73.888108, 40.664047 ], [ -73.888985, 40.663916 ], [ -73.889907, 40.663778 ], [ -73.890299, 40.665312 ], [ -73.890694, 40.666852 ], [ -73.88977, 40.66699 ], [ -73.890165, 40.668524 ], [ -73.890558, 40.67006 ], [ -73.890878, 40.671318 ], [ -73.892711, 40.671046 ], [ -73.893028, 40.672315 ], [ -73.893352, 40.673582 ], [ -73.89367, 40.674822 ], [ -73.895499, 40.674551 ], [ -73.899307, 40.673982 ], [ -73.899692, 40.675497 ], [ -73.899972, 40.676934 ], [ -73.896537, 40.678594 ], [ -73.896218, 40.677358 ], [ -73.894388, 40.67763 ], [ -73.892579, 40.6779 ], [ -73.891672, 40.678031 ], [ -73.889875, 40.678302 ], [ -73.889006, 40.678557 ], [ -73.888156, 40.678828 ], [ -73.887304, 40.679097 ], [ -73.886438, 40.679373 ], [ -73.884671, 40.67994 ], [ -73.884893, 40.680811 ], [ -73.883031, 40.681085 ], [ -73.882107, 40.681217 ], [ -73.881168, 40.681354 ], [ -73.880609, 40.679111 ], [ -73.878379, 40.679742 ], [ -73.877429, 40.680017 ], [ -73.876911, 40.680237 ], [ -73.876565, 40.68018 ], [ -73.874209, 40.679577 ], [ -73.872587, 40.677866 ], [ -73.870439, 40.677218 ], [ -73.869776, 40.677027 ], [ -73.869424, 40.676912 ], [ -73.867258, 40.676113 ], [ -73.864554, 40.675151 ], [ -73.864133, 40.674997 ], [ -73.863101, 40.674648 ], [ -73.861764, 40.674233 ], [ -73.861064, 40.674343 ], [ -73.861024, 40.674005 ], [ -73.860389, 40.671269 ], [ -73.857633, 40.671656 ], [ -73.857267, 40.670255 ], [ -73.856847, 40.668603 ], [ -73.856425, 40.667033 ], [ -73.856115, 40.665729 ], [ -73.856063, 40.665511 ], [ -73.85566, 40.663802 ], [ -73.858359, 40.663237 ], [ -73.857879, 40.661564 ], [ -73.857482, 40.659977 ], [ -73.863171, 40.658277 ], [ -73.862193, 40.656829 ], [ -73.860676, 40.654868 ], [ -73.860594, 40.65478 ], [ -73.86049, 40.654655 ], [ -73.858386, 40.652671 ], [ -73.856652, 40.650129 ], [ -73.856148, 40.649198 ], [ -73.855021, 40.643098 ], [ -73.873957, 40.633773 ], [ -73.8763, 40.635192 ], [ -73.878901, 40.638038 ], [ -73.878605, 40.638687 ], [ -73.877996, 40.639978 ], [ -73.877526, 40.640943 ], [ -73.876245, 40.643315 ], [ -73.875485, 40.644586 ], [ -73.875052, 40.64517 ], [ -73.876104, 40.646215 ], [ -73.878436, 40.649327 ], [ -73.87902, 40.650297 ], [ -73.881722, 40.653754 ], [ -73.882213, 40.654498 ], [ -73.884653, 40.653451 ], [ -73.886282, 40.652756 ], [ -73.889994, 40.651138 ], [ -73.891366, 40.652365 ], [ -73.893547, 40.655202 ], [ -73.895206, 40.654488 ], [ -73.89761, 40.653454 ], [ -73.895861, 40.651881 ], [ -73.897943, 40.650515 ], [ -73.898728, 40.650025 ], [ -73.899469, 40.649542 ], [ -73.902355, 40.647689 ], [ -73.903982, 40.646629 ], [ -73.906372, 40.648779 ], [ -73.907615, 40.649896 ], [ -73.908681, 40.650717 ], [ -73.909449, 40.651522 ], [ -73.908558, 40.652096 ] ] ] } },
{ "type": "Feature", "properties": { "nta_code": "BK83", "nta_name": "Cypress Hills-City Line", "boro_name": "Brooklyn", "trees_2015": 3644, "trees_2005": 1638, "area_km2": 2.56, "density_2005": 639.8, "density_2015": 1423.4, "tree_change": 2006, "pct_change": 122.5, "data_mode": "official", "generated_at": "2026-08-11T04:47:12.996138+00:00", "tree_source_year": 2015, "geography_vintage": 2010, "dataset_geography": "NTA2010", "tree_2005_unassigned_count": 24027, "tree_2005_mapping_coverage_pct": 95.9 }, "geometry": { "type": "Polygon", "coordinates": [ [ [ -73.900627, 40.677265 ], [ -73.904046, 40.67922 ], [ -73.902622, 40.680664 ], [ -73.900283, 40.679442 ], [ -73.898899, 40.679561 ], [ -73.897494, 40.680074 ], [ -73.896684, 40.681617 ], [ -73.896497, 40.682447 ], [ -73.894033, 40.685139 ], [ -73.892523, 40.683424 ], [ -73.890082, 40.684712 ], [ -73.889575, 40.68418 ], [ -73.888924, 40.683126 ], [ -73.888191, 40.682556 ], [ -73.886505, 40.683349 ], [ -73.882203, 40.68536 ], [ -73.879075, 40.686882 ], [ -73.877887, 40.687491 ], [ -73.876681, 40.688088 ], [ -73.875696, 40.68857 ], [ -73.874054, 40.689299 ], [ -73.872603, 40.689921 ], [ -73.871729, 40.690277 ], [ -73.870948, 40.690502 ], [ -73.870128, 40.690709 ], [ -73.869027, 40.690987 ], [ -73.86854, 40.691103 ], [ -73.868059, 40.691184 ], [ -73.867461, 40.688415 ], [ -73.867277, 40.687745 ], [ -73.867018, 40.68683 ], [ -73.866598, 40.68527 ], [ -73.866504, 40.684474 ], [ -73.866295, 40.683189 ], [ -73.866027, 40.681918 ], [ -73.864101, 40.682373 ], [ -73.863787, 40.681114 ], [ -73.863349, 40.679352 ], [ -73.862028, 40.677886 ], [ -73.861712, 40.676611 ], [ -73.861318, 40.675021 ], [ -73.861064, 40.674343 ], [ -73.861764, 40.674233 ], [ -73.863101, 40.674648 ], [ -73.864133, 40.674997 ], [ -73.864554, 40.675151 ], [ -73.867258, 40.676113 ], [ -73.869424, 40.676912 ], [ -73.869776, 40.677027 ], [ -73.870439, 40.677218 ], [ -73.872587, 40.677866 ], [ -73.874209, 40.679577 ], [ -73.876565, 40.68018 ], [ -73.876911, 40.680237 ], [ -73.877429, 40.680017 ], [ -73.878379, 40.679742 ], [ -73.880609, 40.679111 ], [ -73.881168, 40.681354 ], [ -73.882107, 40.681217 ], [ -73.883031, 40.681085 ], [ -73.884893, 40.680811 ], [ -73.884671, 40.67994 ], [ -73.886438, 40.679373 ], [ -73.887304, 40.679097 ], [ -73.888156, 40.678828 ], [ -73.889006, 40.678557 ], [ -73.889875, 40.678302 ], [ -73.891672, 40.678031 ], [ -73.892579, 40.6779 ], [ -73.894388, 40.67763 ], [ -73.896218, 40.677358 ], [ -73.896537, 40.678594 ], [ -73.899972, 40.676934 ], [ -73.900627, 40.677265 ] ] ] } },
{ "type": "Feature", "properties": { "nta_code": "BK85", "nta_name": "East New York (Pennsylvania Ave)", "boro_name": "Brooklyn", "trees_2015": 2991, "trees_2005": 1402, "area_km2": 1.81, "density_2005": 774.6, "density_2015": 1652.5, "tree_change": 1589, "pct_change": 113.3, "data_mode": "official", "generated_at": "2026-08-11T04:47:12.996138+00:00", "tree_source_year": 2015, "geography_vintage": 2010, "dataset_geography": "NTA2010", "tree_2005_unassigned_count": 24027, "tree_2005_mapping_coverage_pct": 95.9 }, "geometry": { "type": "Polygon", "coordinates": [ [ [ -73.900417, 40.663806 ], [ -73.900851, 40.665346 ], [ -73.901668, 40.668413 ], [ -73.901982, 40.66967 ], [ -73.902289, 40.670936 ], [ -73.902968, 40.673439 ], [ -73.903475, 40.675507 ], [ -73.903009, 40.675679 ], [ -73.902679, 40.675786 ], [ -73.899972, 40.676934 ], [ -73.899692, 40.675497 ], [ -73.899307, 40.673982 ], [ -73.895499, 40.674551 ], [ -73.89367, 40.674822 ], [ -73.893352, 40.673582 ], [ -73.893028, 40.672315 ], [ -73.892711, 40.671046 ], [ -73.890878, 40.671318 ], [ -73.890558, 40.67006 ], [ -73.890165, 40.668524 ], [ -73.88977, 40.66699 ], [ -73.890694, 40.666852 ], [ -73.890299, 40.665312 ], [ -73.889907, 40.663778 ], [ -73.888985, 40.663916 ], [ -73.888108, 40.664047 ], [ -73.886413, 40.664781 ], [ -73.885563, 40.665141 ], [ -73.884122, 40.665761 ], [ -73.883309, 40.666112 ], [ -73.881856, 40.66415 ], [ -73.88267, 40.663798 ], [ -73.883487, 40.663448 ], [ -73.886814, 40.662014 ], [ -73.888385, 40.661338 ], [ -73.8892, 40.660988 ], [ -73.890015, 40.660636 ], [ -73.891649, 40.659933 ], [ -73.893279, 40.65923 ], [ -73.894098, 40.658878 ], [ -73.895718, 40.65816 ], [ -73.896151, 40.657912 ], [ -73.89611, 40.657754 ], [ -73.897966, 40.657532 ], [ -73.899041, 40.657372 ], [ -73.899217, 40.659112 ], [ -73.899652, 40.660735 ], [ -73.899889, 40.66064 ], [ -73.900661, 40.660587 ], [ -73.901053, 40.662125 ], [ -73.901451, 40.663659 ], [ -73.900417, 40.663806 ] ] ] } },
{ "type": "Feature", "properties": { "nta_code": "BK88", "nta_name": "Borough Park", "boro_name": "Brooklyn", "trees_2015": 5955, "trees_2005": 5121, "area_km2": 5.02, "density_2005": 1020.1, "density_2015": 1186.3, "tree_change": 834, "pct_change": 16.3, "data_mode": "official", "generated_at": "2026-08-11T04:47:12.996138+00:00", "tree_source_year": 2015, "geography_vintage": 2010, "dataset_geography": "NTA2010", "tree_2005_unassigned_count": 24027, "tree_2005_mapping_coverage_pct": 95.9 }, "geometry": { "type": "Polygon", "coordinates": [ [ [ -73.99255, 40.624274 ], [ -73.994649, 40.625698 ], [ -73.995079, 40.625807 ], [ -73.996788, 40.626826 ], [ -73.997241, 40.625289 ], [ -73.998117, 40.625816 ], [ -74.000314, 40.627145 ], [ -74.002515, 40.628475 ], [ -74.001931, 40.629033 ], [ -74.004137, 40.630364 ], [ -74.006339, 40.631694 ], [ -74.007023, 40.63211 ], [ -74.006307, 40.632584 ], [ -74.005564, 40.633084 ], [ -74.007356, 40.634164 ], [ -74.006751, 40.634745 ], [ -74.006169, 40.635303 ], [ -74.005003, 40.636425 ], [ -74.00442, 40.636985 ], [ -74.003838, 40.637546 ], [ -74.003253, 40.638104 ], [ -74.002672, 40.638667 ], [ -74.002091, 40.639225 ], [ -74.001508, 40.639785 ], [ -74.000925, 40.640346 ], [ -74.000341, 40.640905 ], [ -73.999757, 40.641467 ], [ -73.999176, 40.642026 ], [ -73.996974, 40.640694 ], [ -73.99551, 40.63981 ], [ -73.994795, 40.640288 ], [ -73.994331, 40.6406 ], [ -73.994077, 40.64077 ], [ -73.993363, 40.641248 ], [ -73.992644, 40.641728 ], [ -73.991929, 40.642205 ], [ -73.991213, 40.642686 ], [ -73.990497, 40.643164 ], [ -73.989059, 40.644119 ], [ -73.98835, 40.644562 ], [ -73.986731, 40.643574 ], [ -73.985897, 40.643068 ], [ -73.984587, 40.642262 ], [ -73.984303, 40.642085 ], [ -73.983316, 40.641479 ], [ -73.982994, 40.641325 ], [ -73.982445, 40.641538 ], [ -73.982043, 40.641708 ], [ -73.981232, 40.642045 ], [ -73.98042, 40.642385 ], [ -73.979874, 40.639518 ], [ -73.979677, 40.638465 ], [ -73.979554, 40.637819 ], [ -73.979386, 40.636932 ], [ -73.979112, 40.63544 ], [ -73.978022, 40.635553 ], [ -73.976888, 40.635675 ], [ -73.976434, 40.633289 ], [ -73.976049, 40.631276 ], [ -73.977165, 40.630747 ], [ -73.97685, 40.629089 ], [ -73.976696, 40.628354 ], [ -73.976578, 40.627574 ], [ -73.976514, 40.627294 ], [ -73.976235, 40.625976 ], [ -73.977262, 40.625853 ], [ -73.977197, 40.625102 ], [ -73.977109, 40.624948 ], [ -73.976834, 40.623481 ], [ -73.976753, 40.623013 ], [ -73.976566, 40.621995 ], [ -73.977252, 40.621345 ], [ -73.975744, 40.620661 ], [ -73.975296, 40.620913 ], [ -73.976825, 40.618676 ], [ -73.977379, 40.617883 ], [ -73.977572, 40.617607 ], [ -73.97785, 40.617287 ], [ -73.97563, 40.615946 ], [ -73.975417, 40.615975 ], [ -73.975481, 40.616312 ], [ -73.974444, 40.616421 ], [ -73.973358, 40.616541 ], [ -73.972903, 40.614153 ], [ -73.973993, 40.61403 ], [ -73.975172, 40.614724 ], [ -73.974893, 40.613187 ], [ -73.974777, 40.612638 ], [ -73.975208, 40.612885 ], [ -73.977408, 40.614218 ], [ -73.979638, 40.615565 ], [ -73.981868, 40.616912 ], [ -73.984068, 40.618241 ], [ -73.986275, 40.619567 ], [ -73.985693, 40.620131 ], [ -73.987851, 40.621435 ], [ -73.990094, 40.622789 ], [ -73.99255, 40.624274 ] ] ] } },
{ "type": "Feature", "properties": { "nta_code": "BK90", "nta_name": "East Williamsburg", "boro_name": "Brooklyn", "trees_2015": 2296, "trees_2005": 1581, "area_km2": 3.62, "density_2005": 436.7, "density_2015": 634.3, "tree_change": 715, "pct_change": 45.2, "data_mode": "official", "generated_at": "2026-08-11T04:47:12.996138+00:00", "tree_source_year": 2015, "geography_vintage": 2010, "dataset_geography": "NTA2010", "tree_2005_unassigned_count": 24027, "tree_2005_mapping_coverage_pct": 95.9 }, "geometry": { "type": "Polygon", "coordinates": [ [ [ -73.949836, 40.705229 ], [ -73.950237, 40.705473 ], [ -73.950406, 40.706653 ], [ -73.95053, 40.707391 ], [ -73.95066, 40.70817 ], [ -73.95076, 40.708803 ], [ -73.95083, 40.709143 ], [ -73.950875, 40.709513 ], [ -73.948655, 40.709725 ], [ -73.948771, 40.710432 ], [ -73.948892, 40.711168 ], [ -73.949014, 40.711904 ], [ -73.949131, 40.712612 ], [ -73.949372, 40.714067 ], [ -73.951624, 40.714066 ], [ -73.953282, 40.71408 ], [ -73.953326, 40.714095 ], [ -73.953583, 40.71407 ], [ -73.953411, 40.714221 ], [ -73.952793, 40.714763 ], [ -73.952178, 40.715306 ], [ -73.951859, 40.715528 ], [ -73.95118, 40.716036 ], [ -73.94983, 40.716868 ], [ -73.949256, 40.717287 ], [ -73.947234, 40.718569 ], [ -73.946798, 40.718864 ], [ -73.94441, 40.720272 ], [ -73.943697, 40.720736 ], [ -73.941961, 40.721689 ], [ -73.941091, 40.722271 ], [ -73.940222, 40.722865 ], [ -73.939311, 40.723348 ], [ -73.938912, 40.723579 ], [ -73.938488, 40.723809 ], [ -73.937654, 40.724266 ], [ -73.936764, 40.724839 ], [ -73.934123, 40.726855 ], [ -73.932554, 40.727863 ], [ -73.9319, 40.72844 ], [ -73.929428, 40.727878 ], [ -73.929223, 40.727849 ], [ -73.927929, 40.726578 ], [ -73.923865, 40.720056 ], [ -73.924036, 40.718764 ], [ -73.923043, 40.71699 ], [ -73.923734, 40.716245 ], [ -73.924361, 40.71557 ], [ -73.92392, 40.714074 ], [ -73.920726, 40.710461 ], [ -73.921676, 40.709471 ], [ -73.927407, 40.708542 ], [ -73.932072, 40.707786 ], [ -73.932297, 40.707749 ], [ -73.932997, 40.709317 ], [ -73.934802, 40.713373 ], [ -73.938466, 40.712489 ], [ -73.940688, 40.711962 ], [ -73.940477, 40.711563 ], [ -73.940423, 40.711218 ], [ -73.942105, 40.71106 ], [ -73.943788, 40.710901 ], [ -73.943676, 40.710223 ], [ -73.943557, 40.709496 ], [ -73.94344, 40.708781 ], [ -73.943322, 40.708071 ], [ -73.943202, 40.707335 ], [ -73.943086, 40.706597 ], [ -73.942966, 40.705888 ], [ -73.94285, 40.705182 ], [ -73.942734, 40.704473 ], [ -73.94103, 40.704637 ], [ -73.940893, 40.703914 ], [ -73.94078, 40.703223 ], [ -73.940726, 40.702901 ], [ -73.94042, 40.701077 ], [ -73.941931, 40.700725 ], [ -73.942201, 40.700891 ], [ -73.943064, 40.701424 ], [ -73.944005, 40.701962 ], [ -73.945855, 40.702987 ], [ -73.947052, 40.703664 ], [ -73.948665, 40.704565 ], [ -73.949254, 40.704896 ], [ -73.949836, 40.705229 ] ] ] } },
{ "type": "Feature", "properties": { "nta_code": "BK91", "nta_name": "East Flatbush-Farragut", "boro_name": "Brooklyn", "trees_2015": 3008, "trees_2005": 2836, "area_km2": 3.19, "density_2005": 889.0, "density_2015": 942.9, "tree_change": 172, "pct_change": 6.1, "data_mode": "official", "generated_at": "2026-08-11T04:47:12.996138+00:00", "tree_source_year": 2015, "geography_vintage": 2010, "dataset_geography": "NTA2010", "tree_2005_unassigned_count": 24027, "tree_2005_mapping_coverage_pct": 95.9 }, "geometry": { "type": "Polygon", "coordinates": [ [ [ -73.945123, 40.636448 ], [ -73.945373, 40.638787 ], [ -73.948265, 40.638607 ], [ -73.948414, 40.639987 ], [ -73.947443, 40.640048 ], [ -73.94779, 40.643305 ], [ -73.946856, 40.643362 ], [ -73.945869, 40.643424 ], [ -73.945988, 40.644534 ], [ -73.946073, 40.645312 ], [ -73.94626, 40.647006 ], [ -73.946479, 40.6491 ], [ -73.946674, 40.650948 ], [ -73.945706, 40.651006 ], [ -73.945905, 40.652855 ], [ -73.946066, 40.65441 ], [ -73.947032, 40.654339 ], [ -73.947159, 40.655594 ], [ -73.943354, 40.655829 ], [ -73.942401, 40.655885 ], [ -73.940532, 40.656002 ], [ -73.939559, 40.656063 ], [ -73.938593, 40.656123 ], [ -73.937659, 40.656184 ], [ -73.935718, 40.656303 ], [ -73.934784, 40.656361 ], [ -73.932847, 40.656478 ], [ -73.931907, 40.656537 ], [ -73.931772, 40.655273 ], [ -73.931608, 40.653742 ], [ -73.931392, 40.65169 ], [ -73.930381, 40.651734 ], [ -73.930206, 40.650109 ], [ -73.929999, 40.648181 ], [ -73.929803, 40.64632 ], [ -73.929599, 40.644433 ], [ -73.929355, 40.642134 ], [ -73.929106, 40.639795 ], [ -73.927165, 40.639916 ], [ -73.925743, 40.640014 ], [ -73.926033, 40.638543 ], [ -73.926082, 40.638163 ], [ -73.926146, 40.637568 ], [ -73.926788, 40.636108 ], [ -73.927448, 40.635259 ], [ -73.928612, 40.635187 ], [ -73.931531, 40.635006 ], [ -73.9325, 40.634947 ], [ -73.934395, 40.634827 ], [ -73.937267, 40.634651 ], [ -73.937078, 40.632898 ], [ -73.937036, 40.632509 ], [ -73.937013, 40.632304 ], [ -73.937593, 40.632268 ], [ -73.937998, 40.632247 ], [ -73.940788, 40.632076 ], [ -73.941757, 40.632017 ], [ -73.944629, 40.631838 ], [ -73.944881, 40.634177 ], [ -73.945123, 40.636448 ] ], [ [ -73.937787, 40.648624 ], [ -73.938862, 40.649572 ], [ -73.939834, 40.649512 ], [ -73.942631, 40.649339 ], [ -73.943052, 40.649314 ], [ -73.942921, 40.648575 ], [ -73.943525, 40.648541 ], [ -73.943374, 40.647115 ], [ -73.943309, 40.646527 ], [ -73.942799, 40.646543 ], [ -73.942691, 40.645526 ], [ -73.942608, 40.644662 ], [ -73.942137, 40.644683 ], [ -73.939329, 40.644815 ], [ -73.937383, 40.644905 ], [ -73.936456, 40.644946 ], [ -73.93451, 40.645028 ], [ -73.933576, 40.645083 ], [ -73.932614, 40.645245 ], [ -73.932921, 40.647997 ], [ -73.933003, 40.648819 ], [ -73.933963, 40.648769 ], [ -73.934901, 40.648735 ], [ -73.935876, 40.648711 ], [ -73.937787, 40.648624 ] ] ] } },
{ "type": "Feature", "properties": { "nta_code": "BK93", "nta_name": "Starrett City", "boro_name": "Brooklyn", "trees_2015": 688, "trees_2005": 195, "area_km2": 1.18, "density_2005": 165.3, "density_2015": 583.1, "tree_change": 493, "pct_change": 252.8, "data_mode": "official", "generated_at": "2026-08-11T04:47:12.996138+00:00", "tree_source_year": 2015, "geography_vintage": 2010, "dataset_geography": "NTA2010", "tree_2005_unassigned_count": 24027, "tree_2005_mapping_coverage_pct": 95.9 }, "geometry": { "type": "Polygon", "coordinates": [ [ [ -73.886186, 40.644771 ], [ -73.889587, 40.648111 ], [ -73.891252, 40.650026 ], [ -73.889994, 40.651138 ], [ -73.886282, 40.652756 ], [ -73.884653, 40.653451 ], [ -73.882213, 40.654498 ], [ -73.881722, 40.653754 ], [ -73.87902, 40.650297 ], [ -73.878436, 40.649327 ], [ -73.876104, 40.646215 ], [ -73.875052, 40.64517 ], [ -73.875485, 40.644586 ], [ -73.876245, 40.643315 ], [ -73.877526, 40.640943 ], [ -73.877996, 40.639978 ], [ -73.878605, 40.638687 ], [ -73.878901, 40.638038 ], [ -73.879541, 40.638862 ], [ -73.880968, 40.639453 ], [ -73.881901, 40.640835 ], [ -73.884324, 40.642937 ], [ -73.886186, 40.644771 ] ] ] } },
{ "type": "Feature", "properties": { "nta_code": "BK95", "nta_name": "Erasmus", "boro_name": "Brooklyn", "trees_2015": 1395, "trees_2005": 822, "area_km2": 1.35, "density_2005": 608.9, "density_2015": 1033.3, "tree_change": 573, "pct_change": 69.7, "data_mode": "official", "generated_at": "2026-08-11T04:47:12.996138+00:00", "tree_source_year": 2015, "geography_vintage": 2010, "dataset_geography": "NTA2010", "tree_2005_unassigned_count": 24027, "tree_2005_mapping_coverage_pct": 95.9 }, "geometry": { "type": "Polygon", "coordinates": [ [ [ -73.954767, 40.639624 ], [ -73.955638, 40.640504 ], [ -73.955716, 40.640582 ], [ -73.957463, 40.642372 ], [ -73.957637, 40.642689 ], [ -73.957919, 40.644143 ], [ -73.957978, 40.644576 ], [ -73.958022, 40.64507 ], [ -73.958107, 40.646518 ], [ -73.958141, 40.647504 ], [ -73.95815, 40.647768 ], [ -73.958256, 40.648532 ], [ -73.958707, 40.650387 ], [ -73.955825, 40.65053 ], [ -73.952469, 40.65067 ], [ -73.949571, 40.650807 ], [ -73.949669, 40.651698 ], [ -73.949769, 40.652642 ], [ -73.94993, 40.65415 ], [ -73.950066, 40.655423 ], [ -73.947159, 40.655594 ], [ -73.947032, 40.654339 ], [ -73.946066, 40.65441 ], [ -73.945905, 40.652855 ], [ -73.945706, 40.651006 ], [ -73.946674, 40.650948 ], [ -73.946479, 40.6491 ], [ -73.94626, 40.647006 ], [ -73.946073, 40.645312 ], [ -73.945988, 40.644534 ], [ -73.945869, 40.643424 ], [ -73.946856, 40.643362 ], [ -73.94779, 40.643305 ], [ -73.947443, 40.640048 ], [ -73.948414, 40.639987 ], [ -73.948265, 40.638607 ], [ -73.950167, 40.638491 ], [ -73.951158, 40.638428 ], [ -73.952133, 40.638423 ], [ -73.9536, 40.638422 ], [ -73.953743, 40.638566 ], [ -73.954043, 40.638878 ], [ -73.954767, 40.639624 ] ] ] } },
{ "type": "Feature", "properties": { "nta_code": "BK96", "nta_name": "Rugby-Remsen Village", "boro_name": "Brooklyn", "trees_2015": 3312, "trees_2005": 2912, "area_km2": 3.03, "density_2005": 961.1, "density_2015": 1093.1, "tree_change": 400, "pct_change": 13.7, "data_mode": "official", "generated_at": "2026-08-11T04:47:12.996138+00:00", "tree_source_year": 2015, "geography_vintage": 2010, "dataset_geography": "NTA2010", "tree_2005_unassigned_count": 24027, "tree_2005_mapping_coverage_pct": 95.9 }, "geometry": { "type": "Polygon", "coordinates": [ [ [ -73.925743, 40.640014 ], [ -73.927165, 40.639916 ], [ -73.929106, 40.639795 ], [ -73.929355, 40.642134 ], [ -73.929599, 40.644433 ], [ -73.929803, 40.64632 ], [ -73.929999, 40.648181 ], [ -73.930206, 40.650109 ], [ -73.930381, 40.651734 ], [ -73.931392, 40.65169 ], [ -73.931608, 40.653742 ], [ -73.931772, 40.655273 ], [ -73.931907, 40.656537 ], [ -73.930903, 40.65661 ], [ -73.928964, 40.656742 ], [ -73.927995, 40.656802 ], [ -73.928172, 40.658478 ], [ -73.92834, 40.66006 ], [ -73.928193, 40.660177 ], [ -73.927255, 40.659338 ], [ -73.926464, 40.659814 ], [ -73.928282, 40.661447 ], [ -73.930685, 40.66362 ], [ -73.929874, 40.66399 ], [ -73.929403, 40.664199 ], [ -73.928544, 40.664574 ], [ -73.928228, 40.66471 ], [ -73.927712, 40.664935 ], [ -73.92638, 40.665515 ], [ -73.924549, 40.663862 ], [ -73.922728, 40.662231 ], [ -73.920909, 40.660599 ], [ -73.920082, 40.659858 ], [ -73.919744, 40.660771 ], [ -73.919663, 40.661405 ], [ -73.919584, 40.661994 ], [ -73.918602, 40.661118 ], [ -73.918299, 40.661162 ], [ -73.918185, 40.660726 ], [ -73.917419, 40.660051 ], [ -73.917074, 40.659745 ], [ -73.915728, 40.65855 ], [ -73.915567, 40.658393 ], [ -73.914029, 40.657004 ], [ -73.91378, 40.656783 ], [ -73.912339, 40.655531 ], [ -73.911996, 40.655561 ], [ -73.910123, 40.655852 ], [ -73.909726, 40.654313 ], [ -73.909335, 40.652809 ], [ -73.908558, 40.652096 ], [ -73.909449, 40.651522 ], [ -73.91023, 40.651014 ], [ -73.911101, 40.650448 ], [ -73.911823, 40.649984 ], [ -73.913961, 40.648601 ], [ -73.914732, 40.648101 ], [ -73.916209, 40.647151 ], [ -73.916937, 40.646683 ], [ -73.917648, 40.646223 ], [ -73.918302, 40.645812 ], [ -73.919821, 40.644784 ], [ -73.919951, 40.644707 ], [ -73.919729, 40.642725 ], [ -73.921609, 40.641687 ], [ -73.923327, 40.6399 ], [ -73.923375, 40.640495 ], [ -73.923565, 40.642499 ], [ -73.925382, 40.642384 ], [ -73.925479, 40.641587 ], [ -73.925704, 40.640361 ], [ -73.925743, 40.640014 ] ] ] } },
{ "type": "Feature", "properties": { "nta_code": "BK99", "nta_name": "park-cemetery-etc-Brooklyn", "boro_name": "Brooklyn", "trees_2015": 0, "trees_2005": 370, "area_km2": 23.71, "density_2005": 15.6, "density_2015": 0.0, "tree_change": -370, "pct_change": -100.0, "data_mode": "official", "generated_at": "2026-08-11T04:47:12.996138+00:00", "tree_source_year": 2015, "geography_vintage": 2010, "dataset_geography": "NTA2010", "tree_2005_unassigned_count": 24027, "tree_2005_mapping_coverage_pct": 95.9 }, "geometry": { "type": "MultiPolygon", "coordinates": [ [ [ [ -73.947001003135895, 40.570783074080396 ], [ -73.946549, 40.57083 ], [ -73.929387, 40.572613 ], [ -73.931946, 40.582022 ], [ -73.931842, 40.58292 ], [ -73.932042, 40.584234 ], [ -73.931078, 40.584388 ], [ -73.931369, 40.586071 ], [ -73.928367, 40.585162 ], [ -73.928397, 40.585268 ], [ -73.928169, 40.585167 ], [ -73.927207, 40.584802 ], [ -73.926104, 40.584825 ], [ -73.920338, 40.584607 ], [ -73.918283, 40.585592 ], [ -73.917709, 40.586269 ], [ -73.92096, 40.589095 ], [ -73.922308, 40.590308 ], [ -73.923638, 40.591497 ], [ -73.925472, 40.593149 ], [ -73.926533, 40.594104 ], [ -73.929569, 40.59682 ], [ -73.928131, 40.597778 ], [ -73.931734, 40.601062 ], [ -73.933551, 40.602687 ], [ -73.934263, 40.60223 ], [ -73.939726, 40.607133 ], [ -73.937537, 40.608557 ], [ -73.936761, 40.609055 ], [ -73.936046, 40.609515 ], [ -73.934232, 40.607898 ], [ -73.933513, 40.608343 ], [ -73.931697, 40.606714 ], [ -73.929868, 40.605071 ], [ -73.927691, 40.60648 ], [ -73.926962, 40.606962 ], [ -73.926249, 40.607414 ], [ -73.924441, 40.605794 ], [ -73.921584, 40.607639 ], [ -73.919693, 40.607311 ], [ -73.919296, 40.606947 ], [ -73.918734, 40.607221 ], [ -73.91782, 40.606391 ], [ -73.917254, 40.606731 ], [ -73.912994, 40.60286 ], [ -73.906573, 40.603649 ], [ -73.901445, 40.604354 ], [ -73.898665, 40.604603 ], [ -73.891953, 40.605525 ], [ -73.884456, 40.60944 ], [ -73.887051, 40.61632 ], [ -73.892306, 40.620556 ], [ -73.88239, 40.627542 ], [ -73.873957, 40.633773 ], [ -73.855021, 40.643098 ], [ -73.854938, 40.64265 ], [ -73.848338, 40.643521 ], [ -73.837652, 40.63284 ], [ -73.836238, 40.631111 ], [ -73.833365, 40.628461 ], [ -73.833422, 40.626782 ], [ -73.834054, 40.613455 ], [ -73.834283, 40.609186 ], [ -73.834463, 40.607193 ], [ -73.835876, 40.605637 ], [ -73.844437, 40.595855 ], [ -73.84668, 40.593209 ], [ -73.849852, 40.588669 ], [ -73.854937, 40.585974 ], [ -73.859492, 40.583938 ], [ -73.866005, 40.581001 ], [ -73.86751, 40.580229 ], [ -73.869232, 40.579342 ], [ -73.871418, 40.578535 ], [ -73.879222, 40.574656 ], [ -73.885069, 40.573749 ], [ -73.886292, 40.573505 ], [ -73.890518, 40.572705 ], [ -73.903871, 40.571619 ], [ -73.92807, 40.567786 ], [ -73.938597688839295, 40.566161483008997 ], [ -73.944557954415501, 40.568715880970196 ], [ -73.946384666158494, 40.570261558671092 ], [ -73.947001003135895, 40.570783074080396 ] ] ], [ [ [ -74.017019, 40.607655 ], [ -74.015499, 40.606842 ], [ -74.017284, 40.605138 ], [ -74.018231, 40.604108 ], [ -74.018641, 40.603655 ], [ -74.021161, 40.604467 ], [ -74.022477, 40.606674 ], [ -74.021502, 40.607828 ], [ -74.024694, 40.60996 ], [ -74.022789, 40.614596 ], [ -74.022161, 40.616169 ], [ -74.021216, 40.618472 ], [ -74.020526, 40.618058 ], [ -74.018316, 40.616722 ], [ -74.016118, 40.615384 ], [ -74.013926, 40.614064 ], [ -74.011712, 40.612735 ], [ -74.013482, 40.611038 ], [ -74.015224, 40.609357 ], [ -74.017019, 40.607655 ] ] ], [ [ [ -73.943052, 40.649314 ], [ -73.942631, 40.649339 ], [ -73.939834, 40.649512 ], [ -73.938862, 40.649572 ], [ -73.937787, 40.648624 ], [ -73.935876, 40.648711 ], [ -73.934901, 40.648735 ], [ -73.933963, 40.648769 ], [ -73.933003, 40.648819 ], [ -73.932921, 40.647997 ], [ -73.932614, 40.645245 ], [ -73.933576, 40.645083 ], [ -73.93451, 40.645028 ], [ -73.936456, 40.644946 ], [ -73.937383, 40.644905 ], [ -73.939329, 40.644815 ], [ -73.942137, 40.644683 ], [ -73.942608, 40.644662 ], [ -73.942691, 40.645526 ], [ -73.942799, 40.646543 ], [ -73.943309, 40.646527 ], [ -73.943374, 40.647115 ], [ -73.943525, 40.648541 ], [ -73.942921, 40.648575 ], [ -73.943052, 40.649314 ] ] ], [ [ [ -73.985284, 40.645768 ], [ -73.98835, 40.644562 ], [ -73.989059, 40.644119 ], [ -73.991808, 40.645784 ], [ -73.993985, 40.647101 ], [ -73.996088, 40.648307 ], [ -73.998276, 40.649734 ], [ -73.997818, 40.650282 ], [ -74.002144, 40.652956 ], [ -74.000413, 40.654629 ], [ -73.998671, 40.656307 ], [ -73.995169, 40.659669 ], [ -73.992964, 40.658337 ], [ -73.992383, 40.658899 ], [ -73.990188, 40.657601 ], [ -73.988428, 40.65925 ], [ -73.981796, 40.655246 ], [ -73.981453, 40.653416 ], [ -73.98111, 40.651592 ], [ -73.980712, 40.649524 ], [ -73.980364, 40.647694 ], [ -73.980291, 40.647297 ], [ -73.981328, 40.647182 ], [ -73.981805, 40.647128 ], [ -73.983073, 40.646625 ], [ -73.985284, 40.645768 ] ] ], [ [ [ -73.979771, 40.660735 ], [ -73.980061, 40.660791 ], [ -73.980213, 40.660929 ], [ -73.980171, 40.661155 ], [ -73.980051, 40.661238 ], [ -73.979809, 40.661279 ], [ -73.979654, 40.661241 ], [ -73.978854, 40.662202 ], [ -73.978349, 40.662799 ], [ -73.977343, 40.664012 ], [ -73.976846, 40.664607 ], [ -73.976334, 40.665214 ], [ -73.975831, 40.665815 ], [ -73.975337, 40.666419 ], [ -73.974834, 40.667022 ], [ -73.974331, 40.667621 ], [ -73.973323, 40.668825 ], [ -73.97282, 40.669427 ], [ -73.972317, 40.670029 ], [ -73.971325, 40.671248 ], [ -73.970855, 40.671865 ], [ -73.970419, 40.672511 ], [ -73.970039, 40.67268 ], [ -73.969654, 40.672736 ], [ -73.969347, 40.672674 ], [ -73.969247, 40.672743 ], [ -73.968924, 40.672938 ], [ -73.967496, 40.67285 ], [ -73.962622, 40.671629 ], [ -73.962194, 40.669641 ], [ -73.961806, 40.667681 ], [ -73.961108, 40.664063 ], [ -73.960956, 40.663285 ], [ -73.961939, 40.663224 ], [ -73.962429, 40.663125 ], [ -73.962814, 40.660504 ], [ -73.9619, 40.654871 ], [ -73.966213, 40.653189 ], [ -73.965751, 40.6525 ], [ -73.965242, 40.651742 ], [ -73.964654, 40.650887 ], [ -73.967028, 40.649948 ], [ -73.968793, 40.649249 ], [ -73.970693, 40.648497 ], [ -73.971397, 40.648258 ], [ -73.972081, 40.650597 ], [ -73.972445, 40.650648 ], [ -73.97272, 40.650896 ], [ -73.972363, 40.651572 ], [ -73.972683, 40.652639 ], [ -73.973051, 40.653913 ], [ -73.973555, 40.655644 ], [ -73.973792, 40.656392 ], [ -73.974044, 40.657347 ], [ -73.974482, 40.658339 ], [ -73.977511, 40.659863 ], [ -73.979578, 40.660853 ], [ -73.979771, 40.660735 ] ] ], [ [ [ -73.962179, 40.700221 ], [ -73.962839, 40.698039 ], [ -73.964551, 40.696107 ], [ -73.965434, 40.695941 ], [ -73.966389, 40.69581 ], [ -73.968384, 40.695931 ], [ -73.969372, 40.695954 ], [ -73.969728, 40.697804 ], [ -73.976787, 40.698087 ], [ -73.980544, 40.698246 ], [ -73.980462, 40.699703 ], [ -73.980455, 40.700852 ], [ -73.980729, 40.701268 ], [ -73.980649, 40.701561 ], [ -73.980224, 40.703063 ], [ -73.979988, 40.703541 ], [ -73.979328, 40.704746 ], [ -73.979233, 40.705769 ], [ -73.974546, 40.707547 ], [ -73.972146, 40.708947 ], [ -73.970045, 40.706947 ], [ -73.969445, 40.706847 ], [ -73.969157, 40.707027 ], [ -73.969131, 40.707029 ], [ -73.968389, 40.706829 ], [ -73.967951, 40.705731 ], [ -73.967616, 40.704961 ], [ -73.96721, 40.704256 ], [ -73.966074, 40.70332 ], [ -73.965204, 40.702623 ], [ -73.963869, 40.701542 ], [ -73.962524, 40.700473 ], [ -73.962179, 40.700221 ] ] ], [ [ [ -73.905433, 40.68366 ], [ -73.904494, 40.686299 ], [ -73.905343, 40.68682 ], [ -73.904142, 40.688568 ], [ -73.901731, 40.690822 ], [ -73.900988, 40.687616 ], [ -73.896497, 40.682447 ], [ -73.896684, 40.681617 ], [ -73.897494, 40.680074 ], [ -73.898899, 40.679561 ], [ -73.900283, 40.679442 ], [ -73.902622, 40.680664 ], [ -73.903153, 40.68252 ], [ -73.903903, 40.682946 ], [ -73.904636, 40.683376 ], [ -73.905433, 40.68366 ] ] ], [ [ [ -73.886505, 40.683349 ], [ -73.888191, 40.682556 ], [ -73.888924, 40.683126 ], [ -73.889575, 40.68418 ], [ -73.887625, 40.686002 ], [ -73.883777, 40.687863 ], [ -73.879456, 40.691231 ], [ -73.874021, 40.694191 ], [ -73.868917, 40.69515 ], [ -73.868724, 40.694756 ], [ -73.868059, 40.691184 ], [ -73.86854, 40.691103 ], [ -73.869027, 40.690987 ], [ -73.870128, 40.690709 ], [ -73.870948, 40.690502 ], [ -73.871729, 40.690277 ], [ -73.872603, 40.689921 ], [ -73.874054, 40.689299 ], [ -73.875696, 40.68857 ], [ -73.876681, 40.688088 ], [ -73.877887, 40.687491 ], [ -73.879075, 40.686882 ], [ -73.882203, 40.68536 ], [ -73.886505, 40.683349 ] ] ] ] } },
{ "type": "Feature", "properties": { "nta_code": "BX01", "nta_name": "Claremont-Bathgate", "boro_name": "Bronx", "trees_2015": 1706, "trees_2005": 666, "area_km2": 1.53, "density_2005": 435.3, "density_2015": 1115.0, "tree_change": 1040, "pct_change": 156.2, "data_mode": "official", "generated_at": "2026-08-11T04:47:12.996138+00:00", "tree_source_year": 2015, "geography_vintage": 2010, "dataset_geography": "NTA2010", "tree_2005_unassigned_count": 24027, "tree_2005_mapping_coverage_pct": 95.9 }, "geometry": { "type": "Polygon", "coordinates": [ [ [ -73.909621, 40.832281 ], [ -73.908691, 40.833938 ], [ -73.907402, 40.836232 ], [ -73.90694, 40.836969 ], [ -73.905979, 40.838505 ], [ -73.905383, 40.839769 ], [ -73.905607, 40.839844 ], [ -73.905032, 40.842263 ], [ -73.905, 40.842535 ], [ -73.904937, 40.843375 ], [ -73.904847, 40.84459 ], [ -73.904962, 40.844673 ], [ -73.902723, 40.844527 ], [ -73.90141, 40.844383 ], [ -73.899671, 40.847438 ], [ -73.898875, 40.848812 ], [ -73.898086, 40.850213 ], [ -73.897087, 40.851969 ], [ -73.895609, 40.854571 ], [ -73.894776, 40.85593 ], [ -73.892993, 40.858386 ], [ -73.892257, 40.85941 ], [ -73.891048, 40.861146 ], [ -73.891063, 40.861529 ], [ -73.890275, 40.861109 ], [ -73.891125, 40.860062 ], [ -73.891125, 40.85887 ], [ -73.891113, 40.857851 ], [ -73.891106, 40.857427 ], [ -73.891087, 40.856598 ], [ -73.890803, 40.855794 ], [ -73.890443, 40.855047 ], [ -73.890389, 40.854689 ], [ -73.890902, 40.854117 ], [ -73.892167, 40.85277 ], [ -73.893071, 40.85325 ], [ -73.894318, 40.851891 ], [ -73.894788, 40.851082 ], [ -73.894073, 40.850713 ], [ -73.894946, 40.849104 ], [ -73.89557, 40.847802 ], [ -73.896177, 40.846659 ], [ -73.895359, 40.846518 ], [ -73.894336, 40.846487 ], [ -73.893374, 40.846401 ], [ -73.892901, 40.846269 ], [ -73.893985, 40.844704 ], [ -73.894728, 40.843877 ], [ -73.895378, 40.842939 ], [ -73.896599, 40.843696 ], [ -73.89827, 40.84068 ], [ -73.899031, 40.839331 ], [ -73.899968, 40.837655 ], [ -73.900567, 40.836592 ], [ -73.901212, 40.835498 ], [ -73.901856, 40.834622 ], [ -73.903435, 40.832216 ], [ -73.904506, 40.830625 ], [ -73.905531, 40.829104 ], [ -73.906571, 40.829452 ], [ -73.90896, 40.830226 ], [ -73.909713, 40.83047 ], [ -73.91049, 40.830737 ], [ -73.909621, 40.832281 ] ] ] } },
{ "type": "Feature", "properties": { "nta_code": "BX03", "nta_name": "Eastchester-Edenwald-Baychester", "boro_name": "Bronx", "trees_2015": 2629, "trees_2005": 2050, "area_km2": 3.71, "density_2005": 552.6, "density_2015": 708.6, "tree_change": 579, "pct_change": 28.2, "data_mode": "official", "generated_at": "2026-08-11T04:47:12.996138+00:00", "tree_source_year": 2015, "geography_vintage": 2010, "dataset_geography": "NTA2010", "tree_2005_unassigned_count": 24027, "tree_2005_mapping_coverage_pct": 95.9 }, "geometry": { "type": "Polygon", "coordinates": [ [ [ -73.83316, 40.86832 ], [ -73.830542, 40.863732 ], [ -73.829229, 40.862042 ], [ -73.828237, 40.861021 ], [ -73.830917, 40.862225 ], [ -73.831602, 40.862628 ], [ -73.836431, 40.865356 ], [ -73.836971, 40.865643 ], [ -73.838752, 40.866572 ], [ -73.840644, 40.867554 ], [ -73.841224, 40.867858 ], [ -73.842406, 40.868475 ], [ -73.843586, 40.869088 ], [ -73.844231, 40.86942 ], [ -73.844421, 40.869523 ], [ -73.845173, 40.869915 ], [ -73.845782, 40.870227 ], [ -73.84609, 40.87039 ], [ -73.846992, 40.870853 ], [ -73.847926, 40.871342 ], [ -73.848597, 40.87167 ], [ -73.851662, 40.872685 ], [ -73.853637, 40.873301 ], [ -73.852155, 40.874434 ], [ -73.851201, 40.875154 ], [ -73.850689, 40.875487 ], [ -73.850932, 40.87583 ], [ -73.851723, 40.876844 ], [ -73.852548, 40.877092 ], [ -73.852112, 40.877298 ], [ -73.850919, 40.877893 ], [ -73.851384, 40.878476 ], [ -73.851865, 40.879059 ], [ -73.852483, 40.879463 ], [ -73.852033, 40.88014 ], [ -73.851106, 40.881509 ], [ -73.850651, 40.882192 ], [ -73.849735, 40.883555 ], [ -73.849278, 40.884242 ], [ -73.848364, 40.88561 ], [ -73.847444, 40.886978 ], [ -73.847049, 40.887672 ], [ -73.843765, 40.888168 ], [ -73.842859, 40.888307 ], [ -73.841941, 40.888418 ], [ -73.841955, 40.888454 ], [ -73.841053, 40.888553 ], [ -73.840176, 40.888687 ], [ -73.839773, 40.888738 ], [ -73.838227, 40.888644 ], [ -73.837322, 40.888742 ], [ -73.835549, 40.889133 ], [ -73.836459, 40.891516 ], [ -73.837337, 40.893814 ], [ -73.836282, 40.893531 ], [ -73.835174, 40.89317 ], [ -73.833595, 40.892706 ], [ -73.832716, 40.892443 ], [ -73.831703, 40.892178 ], [ -73.830972, 40.891935 ], [ -73.827224, 40.890785 ], [ -73.825002, 40.890178 ], [ -73.824009, 40.889978 ], [ -73.824047, 40.889866 ], [ -73.823557, 40.889865 ], [ -73.823617, 40.890413 ], [ -73.82312, 40.890648 ], [ -73.823244, 40.891199 ], [ -73.822959, 40.891056 ], [ -73.819719, 40.890206 ], [ -73.804191, 40.886348 ], [ -73.792942, 40.883411 ], [ -73.793702, 40.882897 ], [ -73.799251, 40.88463 ], [ -73.805298, 40.885998 ], [ -73.807243, 40.885763 ], [ -73.815345, 40.886779 ], [ -73.81936, 40.885726 ], [ -73.819803, 40.885451 ], [ -73.820774, 40.88671 ], [ -73.823242, 40.887485 ], [ -73.824375, 40.887282 ], [ -73.825227, 40.886845 ], [ -73.827896, 40.885952 ], [ -73.830337, 40.884969 ], [ -73.830654, 40.884853 ], [ -73.831302, 40.884711 ], [ -73.83281, 40.884472 ], [ -73.833618, 40.884186 ], [ -73.834047, 40.88399 ], [ -73.834346, 40.88385 ], [ -73.835609, 40.882945 ], [ -73.836218, 40.882393 ], [ -73.836641, 40.88212 ], [ -73.836987, 40.881939 ], [ -73.838743, 40.881266 ], [ -73.841277, 40.880317 ], [ -73.842015, 40.879872 ], [ -73.843241, 40.879109 ], [ -73.842395, 40.878751 ], [ -73.841141, 40.878216 ], [ -73.839438, 40.877446 ], [ -73.839248, 40.876619 ], [ -73.837461, 40.873223 ], [ -73.838292, 40.872951 ], [ -73.837402, 40.871109 ], [ -73.835658, 40.867513 ], [ -73.83316, 40.86832 ] ] ] } },
{ "type": "Feature", "properties": { "nta_code": "BX05", "nta_name": "Bedford Park-Fordham North", "boro_name": "Bronx", "trees_2015": 1821, "trees_2005": 1254, "area_km2": 1.39, "density_2005": 902.2, "density_2015": 1310.1, "tree_change": 567, "pct_change": 45.2, "data_mode": "official", "generated_at": "2026-08-11T04:47:12.996138+00:00", "tree_source_year": 2015, "geography_vintage": 2010, "dataset_geography": "NTA2010", "tree_2005_unassigned_count": 24027, "tree_2005_mapping_coverage_pct": 95.9 }, "geometry": { "type": "Polygon", "coordinates": [ [ [ -73.898148, 40.859124 ], [ -73.898832, 40.859305 ], [ -73.897729, 40.861349 ], [ -73.897068, 40.862534 ], [ -73.898387, 40.862344 ], [ -73.899618, 40.862159 ], [ -73.899962, 40.862351 ], [ -73.90108, 40.862756 ], [ -73.900276, 40.863788 ], [ -73.898873, 40.865584 ], [ -73.897403, 40.867474 ], [ -73.896313, 40.867038 ], [ -73.895443, 40.866602 ], [ -73.894376, 40.866067 ], [ -73.892996, 40.867882 ], [ -73.892421, 40.868624 ], [ -73.891737, 40.869511 ], [ -73.890976, 40.870159 ], [ -73.890422, 40.870491 ], [ -73.888673, 40.871497 ], [ -73.887851, 40.872121 ], [ -73.889372, 40.873382 ], [ -73.888557, 40.875197 ], [ -73.88807, 40.876271 ], [ -73.887736, 40.877034 ], [ -73.885656, 40.87889 ], [ -73.885323, 40.879178 ], [ -73.884855, 40.878545 ], [ -73.88383, 40.876783 ], [ -73.883424, 40.875742 ], [ -73.88344, 40.874794 ], [ -73.8834, 40.873947 ], [ -73.882957, 40.873052 ], [ -73.88247, 40.872128 ], [ -73.88222, 40.871227 ], [ -73.881976, 40.870387 ], [ -73.881469, 40.868573 ], [ -73.881841, 40.86837 ], [ -73.883625, 40.867258 ], [ -73.884429, 40.866801 ], [ -73.88514, 40.866383 ], [ -73.885937, 40.865924 ], [ -73.886833, 40.86539 ], [ -73.888122, 40.864255 ], [ -73.888896, 40.864754 ], [ -73.890161, 40.863477 ], [ -73.891772, 40.861872 ], [ -73.89138, 40.861701 ], [ -73.893215, 40.859874 ], [ -73.893885, 40.85882 ], [ -73.894694, 40.859426 ], [ -73.89574, 40.858139 ], [ -73.896363, 40.858376 ], [ -73.897358, 40.858763 ], [ -73.898148, 40.859124 ] ] ] } },
{ "type": "Feature", "properties": { "nta_code": "BX06", "nta_name": "Belmont", "boro_name": "Bronx", "trees_2015": 1637, "trees_2005": 691, "area_km2": 1.27, "density_2005": 544.1, "density_2015": 1289.0, "tree_change": 946, "pct_change": 136.9, "data_mode": "official", "generated_at": "2026-08-11T04:47:12.996138+00:00", "tree_source_year": 2015, "geography_vintage": 2010, "dataset_geography": "NTA2010", "tree_2005_unassigned_count": 24027, "tree_2005_mapping_coverage_pct": 95.9 }, "geometry": { "type": "Polygon", "coordinates": [ [ [ -73.883109, 40.848273 ], [ -73.883778, 40.848682 ], [ -73.884802, 40.849309 ], [ -73.885815, 40.849931 ], [ -73.886436, 40.850309 ], [ -73.887518, 40.850949 ], [ -73.888032, 40.850997 ], [ -73.888782, 40.851341 ], [ -73.888953, 40.851441 ], [ -73.889518, 40.851803 ], [ -73.889879, 40.85207 ], [ -73.88994, 40.852591 ], [ -73.889607, 40.853238 ], [ -73.89003, 40.854221 ], [ -73.890389, 40.854689 ], [ -73.890443, 40.855047 ], [ -73.890803, 40.855794 ], [ -73.891087, 40.856598 ], [ -73.891106, 40.857427 ], [ -73.891113, 40.857851 ], [ -73.891125, 40.85887 ], [ -73.891125, 40.860062 ], [ -73.890275, 40.861109 ], [ -73.891063, 40.861529 ], [ -73.89138, 40.861701 ], [ -73.891772, 40.861872 ], [ -73.890161, 40.863477 ], [ -73.888896, 40.864754 ], [ -73.888122, 40.864255 ], [ -73.886833, 40.86539 ], [ -73.885937, 40.865924 ], [ -73.88514, 40.866383 ], [ -73.884429, 40.866801 ], [ -73.883625, 40.867258 ], [ -73.883079, 40.866593 ], [ -73.882766, 40.865873 ], [ -73.884007, 40.86495 ], [ -73.880611, 40.86049 ], [ -73.880787, 40.857077 ], [ -73.880714, 40.856798 ], [ -73.881668, 40.853348 ], [ -73.882003, 40.852189 ], [ -73.882322, 40.851061 ], [ -73.882558, 40.850224 ], [ -73.882883, 40.849074 ], [ -73.883109, 40.848273 ] ] ] } },
{ "type": "Feature", "properties": { "nta_code": "BX07", "nta_name": "Bronxdale", "boro_name": "Bronx", "trees_2015": 1550, "trees_2005": 1390, "area_km2": 1.41, "density_2005": 985.8, "density_2015": 1099.3, "tree_change": 160, "pct_change": 11.5, "data_mode": "official", "generated_at": "2026-08-11T04:47:12.996138+00:00", "tree_source_year": 2015, "geography_vintage": 2010, "dataset_geography": "NTA2010", "tree_2005_unassigned_count": 24027, "tree_2005_mapping_coverage_pct": 95.9 }, "geometry": { "type": "Polygon", "coordinates": [ [ [ -73.870884, 40.858895 ], [ -73.870579, 40.861405 ], [ -73.870462, 40.863272 ], [ -73.870419, 40.865363 ], [ -73.870455, 40.866633 ], [ -73.870492, 40.867951 ], [ -73.870537, 40.869674 ], [ -73.870562, 40.871511 ], [ -73.868258, 40.871462 ], [ -73.867159, 40.871442 ], [ -73.865209, 40.871407 ], [ -73.864266, 40.871389 ], [ -73.863332, 40.871375 ], [ -73.861379, 40.871336 ], [ -73.861433, 40.869603 ], [ -73.861498, 40.867782 ], [ -73.861562, 40.86555 ], [ -73.859613, 40.865512 ], [ -73.858712, 40.864252 ], [ -73.858061, 40.863042 ], [ -73.857804, 40.863037 ], [ -73.85771, 40.862278 ], [ -73.857566, 40.861164 ], [ -73.857353, 40.859712 ], [ -73.856638, 40.858119 ], [ -73.861791, 40.857983 ], [ -73.864671, 40.857906 ], [ -73.866583, 40.857856 ], [ -73.867588, 40.85783 ], [ -73.868383, 40.857812 ], [ -73.871083, 40.857377 ], [ -73.870884, 40.858895 ] ] ] } },
{ "type": "Feature", "properties": { "nta_code": "BX08", "nta_name": "West Farms-Bronx River", "boro_name": "Bronx", "trees_2015": 1623, "trees_2005": 878, "area_km2": 1.4, "density_2005": 627.1, "density_2015": 1159.3, "tree_change": 745, "pct_change": 84.9, "data_mode": "official", "generated_at": "2026-08-11T04:47:12.996138+00:00", "tree_source_year": 2015, "geography_vintage": 2010, "dataset_geography": "NTA2010", "tree_2005_unassigned_count": 24027, "tree_2005_mapping_coverage_pct": 95.9 }, "geometry": { "type": "Polygon", "coordinates": [ [ [ -73.877299, 40.828742 ], [ -73.878235, 40.82866 ], [ -73.879171, 40.828582 ], [ -73.880112, 40.828511 ], [ -73.881046, 40.828432 ], [ -73.881981, 40.828356 ], [ -73.882951, 40.828304 ], [ -73.883817, 40.828327 ], [ -73.88397, 40.829717 ], [ -73.882354, 40.831505 ], [ -73.879983, 40.83468 ], [ -73.879252, 40.834424 ], [ -73.876937, 40.836137 ], [ -73.876152, 40.836498 ], [ -73.875363, 40.836773 ], [ -73.873276, 40.837816 ], [ -73.873045, 40.838367 ], [ -73.87283, 40.838964 ], [ -73.8727, 40.839752 ], [ -73.871206, 40.839675 ], [ -73.870747, 40.839654 ], [ -73.870318, 40.839587 ], [ -73.870183, 40.839485 ], [ -73.870095, 40.839246 ], [ -73.869659, 40.839428 ], [ -73.869208, 40.8396 ], [ -73.868847, 40.839753 ], [ -73.868308, 40.839995 ], [ -73.867406, 40.840305 ], [ -73.867248, 40.840344 ], [ -73.866361, 40.840592 ], [ -73.865045, 40.840954 ], [ -73.864465, 40.841088 ], [ -73.863938, 40.840045 ], [ -73.863555, 40.837865 ], [ -73.863156, 40.835531 ], [ -73.862943, 40.834299 ], [ -73.86284, 40.833983 ], [ -73.862837, 40.833688 ], [ -73.862721, 40.833021 ], [ -73.863657, 40.832652 ], [ -73.865461, 40.832132 ], [ -73.866355, 40.831874 ], [ -73.867258, 40.831624 ], [ -73.86815, 40.83136 ], [ -73.870007, 40.83082 ], [ -73.870903, 40.830563 ], [ -73.871794, 40.830305 ], [ -73.872755, 40.830028 ], [ -73.873193, 40.829905 ], [ -73.874547, 40.829522 ], [ -73.875507, 40.829234 ], [ -73.876402, 40.828977 ], [ -73.877299, 40.828742 ] ] ] } },
{ "type": "Feature", "properties": { "nta_code": "BX09", "nta_name": "Soundview-Castle Hill-Clason Point-Harding Park", "boro_name": "Bronx", "trees_2015": 3819, "trees_2005": 2166, "area_km2": 4.85, "density_2005": 446.6, "density_2015": 787.4, "tree_change": 1653, "pct_change": 76.3, "data_mode": "official", "generated_at": "2026-08-11T04:47:12.996138+00:00", "tree_source_year": 2015, "geography_vintage": 2010, "dataset_geography": "NTA2010", "tree_2005_unassigned_count": 24027, "tree_2005_mapping_coverage_pct": 95.9 }, "geometry": { "type": "MultiPolygon", "coordinates": [ [ [ [ -73.862704, 40.797276 ], [ -73.866484, 40.805901 ], [ -73.861357, 40.810837 ], [ -73.861612, 40.811359 ], [ -73.86708, 40.814441 ], [ -73.869545, 40.816095 ], [ -73.869969, 40.818268 ], [ -73.870501, 40.820364 ], [ -73.871002, 40.822563 ], [ -73.871439, 40.824663 ], [ -73.871546, 40.824826 ], [ -73.870519, 40.824841 ], [ -73.869842, 40.824923 ], [ -73.867703, 40.825201 ], [ -73.86491, 40.825596 ], [ -73.861207, 40.826087 ], [ -73.859703, 40.826277 ], [ -73.858672, 40.826424 ], [ -73.857278, 40.826599 ], [ -73.856747, 40.826705 ], [ -73.8563, 40.826757 ], [ -73.856286, 40.82667 ], [ -73.856231, 40.826468 ], [ -73.856117, 40.826047 ], [ -73.855972, 40.826064 ], [ -73.855646, 40.824633 ], [ -73.855312, 40.823192 ], [ -73.855136, 40.822436 ], [ -73.852078, 40.822847 ], [ -73.849018, 40.82326 ], [ -73.845955, 40.823671 ], [ -73.842898, 40.824083 ], [ -73.843247, 40.825554 ], [ -73.843585, 40.827003 ], [ -73.843665, 40.827779 ], [ -73.843777, 40.828408 ], [ -73.842905, 40.828478 ], [ -73.842683, 40.828497 ], [ -73.842646, 40.8285 ], [ -73.842544, 40.828513 ], [ -73.841884, 40.828596 ], [ -73.840627, 40.828681 ], [ -73.837293, 40.828568 ], [ -73.83724, 40.828308 ], [ -73.837216, 40.828109 ], [ -73.836549, 40.824918 ], [ -73.836071, 40.821065 ], [ -73.836043, 40.820842 ], [ -73.836961, 40.816341 ], [ -73.83998, 40.816391 ], [ -73.840426, 40.811873 ], [ -73.837984, 40.806226 ], [ -73.831616, 40.804938 ], [ -73.830548, 40.803162 ], [ -73.831706, 40.802894 ], [ -73.834903, 40.80188 ], [ -73.844044, 40.80096 ], [ -73.851809, 40.799992 ], [ -73.853466, 40.799581 ], [ -73.862704, 40.797276 ] ] ], [ [ [ -73.876213, 40.824084 ], [ -73.875285, 40.824208 ], [ -73.873595, 40.824433 ], [ -73.873423, 40.824392 ], [ -73.87332, 40.824166 ], [ -73.872991, 40.822302 ], [ -73.872468, 40.820151 ], [ -73.876126, 40.81963 ], [ -73.877844, 40.819418 ], [ -73.879769, 40.819181 ], [ -73.880546, 40.818468 ], [ -73.880981, 40.818238 ], [ -73.882448, 40.819269 ], [ -73.883788, 40.821933 ], [ -73.884328, 40.822614 ], [ -73.884442, 40.822896 ], [ -73.884568, 40.82316 ], [ -73.882761, 40.823248 ], [ -73.87993, 40.823641 ], [ -73.878989, 40.823711 ], [ -73.878064, 40.823834 ], [ -73.877136, 40.823958 ], [ -73.876213, 40.824084 ] ] ] ] } },
{ "type": "Feature", "properties": { "nta_code": "BX10", "nta_name": "Pelham Bay-Country Club-City Island", "boro_name": "Bronx", "trees_2015": 3196, "trees_2005": 3064, "area_km2": 3.71, "density_2005": 825.9, "density_2015": 861.5, "tree_change": 132, "pct_change": 4.3, "data_mode": "official", "generated_at": "2026-08-11T04:47:12.996138+00:00", "tree_source_year": 2015, "geography_vintage": 2010, "dataset_geography": "NTA2010", "tree_2005_unassigned_count": 24027, "tree_2005_mapping_coverage_pct": 95.9 }, "geometry": { "type": "MultiPolygon", "coordinates": [ [ [ [ -73.822636, 40.834508 ], [ -73.823335, 40.834415 ], [ -73.823773, 40.834266 ], [ -73.826013, 40.834021 ], [ -73.826124, 40.834214 ], [ -73.82622, 40.834355 ], [ -73.825495, 40.835218 ], [ -73.825908, 40.838745 ], [ -73.826084, 40.841372 ], [ -73.826241, 40.842994 ], [ -73.825568, 40.842817 ], [ -73.82518, 40.8427 ], [ -73.825079, 40.844304 ], [ -73.825085, 40.844698 ], [ -73.824957, 40.846105 ], [ -73.824437, 40.846378 ], [ -73.822038, 40.84769 ], [ -73.820484, 40.848501 ], [ -73.820141, 40.84802 ], [ -73.818202, 40.848311 ], [ -73.816312, 40.848551 ], [ -73.815674, 40.848855 ], [ -73.809335, 40.849429 ], [ -73.809323530085592, 40.848371146184597 ], [ -73.812809967026809, 40.846736877482797 ], [ -73.813733550731996, 40.842857825205002 ], [ -73.815304850601009, 40.836258364537201 ], [ -73.816408, 40.835932 ], [ -73.817204, 40.83574 ], [ -73.818046, 40.835543 ], [ -73.819775, 40.835133 ], [ -73.822636, 40.834508 ] ] ], [ [ [ -73.826883, 40.846903 ], [ -73.826113, 40.845339 ], [ -73.827575, 40.844732 ], [ -73.829315, 40.844192 ], [ -73.830432, 40.843858 ], [ -73.831084, 40.843745 ], [ -73.832008, 40.84363 ], [ -73.833001, 40.84354 ], [ -73.834749, 40.843503 ], [ -73.835829, 40.843472 ], [ -73.836889, 40.843375 ], [ -73.836693, 40.84364 ], [ -73.836069, 40.847165 ], [ -73.835801, 40.849677 ], [ -73.834634, 40.853808 ], [ -73.833906, 40.854468 ], [ -73.833412, 40.854707 ], [ -73.831575, 40.85538 ], [ -73.831291, 40.855434 ], [ -73.828602, 40.855718 ], [ -73.828014, 40.854723 ], [ -73.827218, 40.853251 ], [ -73.827355, 40.85283 ], [ -73.827997, 40.848624 ], [ -73.826883, 40.846903 ] ] ], [ [ [ -73.788785835949895, 40.858485442427892 ], [ -73.788060128187098, 40.854131198976198 ], [ -73.784754131017891, 40.851792812678198 ], [ -73.784550535472292, 40.8514428825723 ], [ -73.784400561290894, 40.851185114254903 ], [ -73.7837998193434, 40.850152588259505 ], [ -73.783395467571296, 40.849457608130898 ], [ -73.782173841611495, 40.847357936940398 ], [ -73.782159957890997, 40.846885898513598 ], [ -73.782132115685386, 40.845939279712503 ], [ -73.782123924640302, 40.845660788940194 ], [ -73.782093206200202, 40.844616379836694 ], [ -73.78222759455879, 40.842734936305497 ], [ -73.782254473897495, 40.842358624262197 ], [ -73.781812724726805, 40.8408974514969 ], [ -73.781206232302793, 40.838891357833099 ], [ -73.782577012417207, 40.837601213129901 ], [ -73.783556449464285, 40.836989065272 ], [ -73.783867157120397, 40.836794873081097 ], [ -73.785399204932105, 40.838004383935598 ], [ -73.785548999081797, 40.838218375649099 ], [ -73.786726490441296, 40.839900506721499 ], [ -73.787018000983508, 40.840316950491598 ], [ -73.788221397447003, 40.842036088867701 ], [ -73.791043591524399, 40.846551596891501 ], [ -73.791020212851109, 40.846625424269597 ], [ -73.790653378294593, 40.847783849007797 ], [ -73.790252835122089, 40.849048721990698 ], [ -73.789959218232596, 40.849975933079008 ], [ -73.789723051185589, 40.850721723639602 ], [ -73.789529648833607, 40.851332467815496 ], [ -73.789511543712791, 40.851389641872494 ], [ -73.792253100816495, 40.855824517610301 ], [ -73.792470858382799, 40.855790134719797 ], [ -73.793785148628103, 40.855582614501799 ], [ -73.794116422273504, 40.855259045019594 ], [ -73.790063, 40.860801 ], [ -73.788070031557893, 40.8607946062087 ], [ -73.788785835949895, 40.858485442427892 ] ] ], [ [ [ -73.769648222649508, 40.8446597584364 ], [ -73.773038474129194, 40.848125347150798 ], [ -73.773716523841088, 40.8548305114155 ], [ -73.773361255920292, 40.859449008154897 ], [ -73.772405347586798, 40.859748900894196 ], [ -73.770552289905396, 40.860330252185598 ], [ -73.766382526035699, 40.857351847566299 ], [ -73.766333311324502, 40.857316694179197 ], [ -73.766321491155495, 40.857286404998 ], [ -73.765542826391794, 40.855291076658801 ], [ -73.765127889289886, 40.854227800398199 ], [ -73.766031956545902, 40.844961113945097 ], [ -73.769648222649508, 40.8446597584364 ] ] ] ] } },
{ "type": "Feature", "properties": { "nta_code": "BX13", "nta_name": "Co-op City", "boro_name": "Bronx", "trees_2015": 2103, "trees_2005": 1962, "area_km2": 3.47, "density_2005": 565.4, "density_2015": 606.1, "tree_change": 141, "pct_change": 7.2, "data_mode": "official", "generated_at": "2026-08-11T04:47:12.996138+00:00", "tree_source_year": 2015, "geography_vintage": 2010, "dataset_geography": "NTA2010", "tree_2005_unassigned_count": 24027, "tree_2005_mapping_coverage_pct": 95.9 }, "geometry": { "type": "Polygon", "coordinates": [ [ [ -73.816679, 40.86528 ], [ -73.816752, 40.864544 ], [ -73.817557, 40.863588 ], [ -73.818807, 40.862482 ], [ -73.820554, 40.860967 ], [ -73.826194, 40.858774 ], [ -73.827211, 40.859204 ], [ -73.827856, 40.860421 ], [ -73.827995, 40.86084 ], [ -73.828237, 40.861021 ], [ -73.829229, 40.862042 ], [ -73.830542, 40.863732 ], [ -73.83316, 40.86832 ], [ -73.835658, 40.867513 ], [ -73.837402, 40.871109 ], [ -73.838292, 40.872951 ], [ -73.837461, 40.873223 ], [ -73.839248, 40.876619 ], [ -73.839438, 40.877446 ], [ -73.841141, 40.878216 ], [ -73.842395, 40.878751 ], [ -73.843241, 40.879109 ], [ -73.842015, 40.879872 ], [ -73.841277, 40.880317 ], [ -73.838743, 40.881266 ], [ -73.836987, 40.881939 ], [ -73.836641, 40.88212 ], [ -73.836218, 40.882393 ], [ -73.835609, 40.882945 ], [ -73.834346, 40.88385 ], [ -73.834047, 40.88399 ], [ -73.833618, 40.884186 ], [ -73.83281, 40.884472 ], [ -73.831302, 40.884711 ], [ -73.830654, 40.884853 ], [ -73.830337, 40.884969 ], [ -73.827896, 40.885952 ], [ -73.825227, 40.886845 ], [ -73.824375, 40.887282 ], [ -73.823242, 40.887485 ], [ -73.820774, 40.88671 ], [ -73.819803, 40.885451 ], [ -73.819926, 40.88212 ], [ -73.823296, 40.873098 ], [ -73.821267, 40.869071 ], [ -73.820873, 40.868907 ], [ -73.816341, 40.8661 ], [ -73.816679, 40.86528 ] ] ] } },
{ "type": "Feature", "properties": { "nta_code": "BX14", "nta_name": "East Concourse-Concourse Village", "boro_name": "Bronx", "trees_2015": 2498, "trees_2005": 981, "area_km2": 1.69, "density_2005": 580.5, "density_2015": 1478.1, "tree_change": 1517, "pct_change": 154.6, "data_mode": "official", "generated_at": "2026-08-11T04:47:12.996138+00:00", "tree_source_year": 2015, "geography_vintage": 2010, "dataset_geography": "NTA2010", "tree_2005_unassigned_count": 24027, "tree_2005_mapping_coverage_pct": 95.9 }, "geometry": { "type": "Polygon", "coordinates": [ [ [ -73.925645, 40.821131 ], [ -73.924434, 40.823458 ], [ -73.923473, 40.825425 ], [ -73.923062, 40.826096 ], [ -73.922669, 40.826854 ], [ -73.921742, 40.8286 ], [ -73.921171, 40.829628 ], [ -73.920461, 40.830915 ], [ -73.919856, 40.831949 ], [ -73.919029, 40.83309 ], [ -73.918389, 40.833809 ], [ -73.917706, 40.83451 ], [ -73.916467, 40.835778 ], [ -73.915871, 40.836393 ], [ -73.915328, 40.836954 ], [ -73.91478, 40.837517 ], [ -73.914238, 40.838109 ], [ -73.913755, 40.838743 ], [ -73.913137, 40.839814 ], [ -73.912698, 40.84093 ], [ -73.911949, 40.843204 ], [ -73.910968, 40.843136 ], [ -73.910444, 40.842948 ], [ -73.909563, 40.8429 ], [ -73.909394, 40.841254 ], [ -73.909117, 40.840171 ], [ -73.90891, 40.838376 ], [ -73.909458, 40.837057 ], [ -73.909307, 40.836958 ], [ -73.90798, 40.837178 ], [ -73.906445, 40.838669 ], [ -73.905607, 40.839844 ], [ -73.905383, 40.839769 ], [ -73.905979, 40.838505 ], [ -73.90694, 40.836969 ], [ -73.907402, 40.836232 ], [ -73.908691, 40.833938 ], [ -73.909621, 40.832281 ], [ -73.91049, 40.830737 ], [ -73.909713, 40.83047 ], [ -73.90896, 40.830226 ], [ -73.909482, 40.829592 ], [ -73.910307, 40.828773 ], [ -73.911694, 40.827759 ], [ -73.911794, 40.826428 ], [ -73.91131, 40.824849 ], [ -73.913167, 40.825457 ], [ -73.913512, 40.824805 ], [ -73.914751, 40.825201 ], [ -73.915226, 40.82561 ], [ -73.915451, 40.825748 ], [ -73.915923, 40.82544 ], [ -73.916614, 40.824992 ], [ -73.916309, 40.824903 ], [ -73.916088, 40.824838 ], [ -73.916773, 40.824387 ], [ -73.918337, 40.823385 ], [ -73.919483, 40.822645 ], [ -73.92034, 40.822095 ], [ -73.920665, 40.821837 ], [ -73.921948, 40.821032 ], [ -73.922652, 40.820494 ], [ -73.924025, 40.819285 ], [ -73.925185, 40.818013 ], [ -73.927313, 40.81856 ], [ -73.925645, 40.821131 ] ] ] } },
{ "type": "Feature", "properties": { "nta_code": "BX17", "nta_name": "East Tremont", "boro_name": "Bronx", "trees_2015": 2593, "trees_2005": 1548, "area_km2": 1.8, "density_2005": 860.0, "density_2015": 1440.6, "tree_change": 1045, "pct_change": 67.5, "data_mode": "official", "generated_at": "2026-08-11T04:47:12.996138+00:00", "tree_source_year": 2015, "geography_vintage": 2010, "dataset_geography": "NTA2010", "tree_2005_unassigned_count": 24027, "tree_2005_mapping_coverage_pct": 95.9 }, "geometry": { "type": "Polygon", "coordinates": [ [ [ -73.893171, 40.841638 ], [ -73.894101, 40.84219 ], [ -73.895378, 40.842939 ], [ -73.894728, 40.843877 ], [ -73.893985, 40.844704 ], [ -73.892901, 40.846269 ], [ -73.893374, 40.846401 ], [ -73.894336, 40.846487 ], [ -73.895359, 40.846518 ], [ -73.896177, 40.846659 ], [ -73.89557, 40.847802 ], [ -73.894946, 40.849104 ], [ -73.894073, 40.850713 ], [ -73.894788, 40.851082 ], [ -73.894318, 40.851891 ], [ -73.893071, 40.85325 ], [ -73.892167, 40.85277 ], [ -73.890902, 40.854117 ], [ -73.890389, 40.854689 ], [ -73.89003, 40.854221 ], [ -73.889607, 40.853238 ], [ -73.88994, 40.852591 ], [ -73.889879, 40.85207 ], [ -73.889518, 40.851803 ], [ -73.888953, 40.851441 ], [ -73.888782, 40.851341 ], [ -73.888032, 40.850997 ], [ -73.887518, 40.850949 ], [ -73.886436, 40.850309 ], [ -73.885815, 40.849931 ], [ -73.884802, 40.849309 ], [ -73.883778, 40.848682 ], [ -73.883109, 40.848273 ], [ -73.882781, 40.84807 ], [ -73.882844, 40.847818 ], [ -73.881998, 40.847235 ], [ -73.881056, 40.846594 ], [ -73.879194, 40.845321 ], [ -73.878007, 40.844484 ], [ -73.877314, 40.844007 ], [ -73.878171, 40.842625 ], [ -73.877456, 40.842398 ], [ -73.876856, 40.84223 ], [ -73.876085, 40.842065 ], [ -73.874591, 40.841521 ], [ -73.871745, 40.844191 ], [ -73.869469, 40.84844 ], [ -73.869209, 40.849239 ], [ -73.868374, 40.84897 ], [ -73.867855, 40.848889 ], [ -73.868355, 40.84708 ], [ -73.868109, 40.844798 ], [ -73.868892, 40.84441 ], [ -73.870301, 40.843549 ], [ -73.872131, 40.841555 ], [ -73.872808, 40.840869 ], [ -73.873561, 40.839794 ], [ -73.877415, 40.839988 ], [ -73.877914, 40.839971 ], [ -73.878505, 40.840005 ], [ -73.87866, 40.84002 ], [ -73.880042, 40.840235 ], [ -73.881135, 40.838622 ], [ -73.881875, 40.83819 ], [ -73.882115, 40.837744 ], [ -73.882576, 40.838746 ], [ -73.883416, 40.839216 ], [ -73.884196, 40.839549 ], [ -73.884499, 40.839229 ], [ -73.884649, 40.839175 ], [ -73.885835, 40.839897 ], [ -73.886185, 40.840105 ], [ -73.886598, 40.839279 ], [ -73.888138, 40.839862 ], [ -73.888691, 40.839158 ], [ -73.890174, 40.839874 ], [ -73.892169, 40.84105 ], [ -73.893171, 40.841638 ] ] ] } },
{ "type": "Feature", "properties": { "nta_code": "BX22", "nta_name": "North Riverdale-Fieldston-Riverdale", "boro_name": "Bronx", "trees_2015": 2019, "trees_2005": 3170, "area_km2": 4.61, "density_2005": 687.6, "density_2015": 438.0, "tree_change": -1151, "pct_change": -36.3, "data_mode": "official", "generated_at": "2026-08-11T04:47:12.996138+00:00", "tree_source_year": 2015, "geography_vintage": 2010, "dataset_geography": "NTA2010", "tree_2005_unassigned_count": 24027, "tree_2005_mapping_coverage_pct": 95.9 }, "geometry": { "type": "Polygon", "coordinates": [ [ [ -73.914892, 40.884625 ], [ -73.916037, 40.884867 ], [ -73.918761, 40.88557 ], [ -73.918696, 40.886885 ], [ -73.920586, 40.887186 ], [ -73.920956, 40.887288 ], [ -73.929008889893893, 40.889573074044499 ], [ -73.929006, 40.889578 ], [ -73.919705, 40.913478 ], [ -73.919256442531889, 40.9148578317808 ], [ -73.918405, 40.917477 ], [ -73.917905, 40.917577 ], [ -73.910516, 40.915282 ], [ -73.910006, 40.915076 ], [ -73.905947, 40.913948 ], [ -73.902454, 40.912979 ], [ -73.902106, 40.912879 ], [ -73.900697, 40.912381 ], [ -73.899505, 40.911978 ], [ -73.897253, 40.911655 ], [ -73.896634, 40.911324 ], [ -73.896606, 40.910202 ], [ -73.896596, 40.909628 ], [ -73.896546, 40.907507 ], [ -73.896493, 40.906339 ], [ -73.896411, 40.904505 ], [ -73.896409, 40.902961 ], [ -73.897035, 40.900288 ], [ -73.897113, 40.899875 ], [ -73.89713, 40.899674 ], [ -73.896994, 40.897879 ], [ -73.896707, 40.895805 ], [ -73.897501, 40.892106 ], [ -73.897841, 40.890517 ], [ -73.898447, 40.890495 ], [ -73.9007, 40.888988 ], [ -73.902859, 40.889165 ], [ -73.903011, 40.888823 ], [ -73.903819, 40.887479 ], [ -73.904135, 40.887089 ], [ -73.905335, 40.887355 ], [ -73.906263, 40.887571 ], [ -73.907388, 40.88782 ], [ -73.907999, 40.888907 ], [ -73.908349, 40.889073 ], [ -73.908563, 40.889274 ], [ -73.908759, 40.889355 ], [ -73.909064, 40.889508 ], [ -73.911731, 40.888219 ], [ -73.912272, 40.887115 ], [ -73.913024, 40.88617 ], [ -73.914892, 40.884625 ] ] ] } },
{ "type": "Feature", "properties": { "nta_code": "BX26", "nta_name": "Highbridge", "boro_name": "Bronx", "trees_2015": 1979, "trees_2005": 598, "area_km2": 1.51, "density_2005": 396.0, "density_2015": 1310.6, "tree_change": 1381, "pct_change": 230.9, "data_mode": "official", "generated_at": "2026-08-11T04:47:12.996138+00:00", "tree_source_year": 2015, "geography_vintage": 2010, "dataset_geography": "NTA2010", "tree_2005_unassigned_count": 24027, "tree_2005_mapping_coverage_pct": 95.9 }, "geometry": { "type": "Polygon", "coordinates": [ [ [ -73.929932, 40.828636 ], [ -73.930964, 40.828352 ], [ -73.931555, 40.828311 ], [ -73.931965, 40.828265 ], [ -73.932941, 40.828213 ], [ -73.933406, 40.833179 ], [ -73.933144, 40.834815 ], [ -73.933006, 40.835679 ], [ -73.930654, 40.839599 ], [ -73.930406, 40.840279 ], [ -73.930157, 40.841664 ], [ -73.929695, 40.842195 ], [ -73.929635, 40.842256 ], [ -73.929006, 40.844079 ], [ -73.928242, 40.845353 ], [ -73.925934, 40.844851 ], [ -73.924734, 40.844813 ], [ -73.924018, 40.844657 ], [ -73.923428, 40.844688 ], [ -73.922661, 40.844632 ], [ -73.920569, 40.844718 ], [ -73.919225, 40.844874 ], [ -73.918397, 40.844975 ], [ -73.917347, 40.845024 ], [ -73.91741, 40.844926 ], [ -73.917452, 40.844176 ], [ -73.917955, 40.843102 ], [ -73.917949, 40.842229 ], [ -73.917687, 40.842239 ], [ -73.916184, 40.842335 ], [ -73.917299, 40.840766 ], [ -73.917683, 40.840225 ], [ -73.918592, 40.838982 ], [ -73.919017, 40.838381 ], [ -73.919309, 40.838126 ], [ -73.919696, 40.837872 ], [ -73.920097, 40.837734 ], [ -73.920365, 40.837426 ], [ -73.922372, 40.836109 ], [ -73.923967, 40.835082 ], [ -73.924394, 40.834484 ], [ -73.925029, 40.833273 ], [ -73.925364, 40.832625 ], [ -73.926429, 40.831423 ], [ -73.927264, 40.830565 ], [ -73.928756, 40.829186 ], [ -73.929772, 40.82868 ], [ -73.929932, 40.828636 ] ] ] } },
{ "type": "Feature", "properties": { "nta_code": "BX27", "nta_name": "Hunts Point", "boro_name": "Bronx", "trees_2015": 3521, "trees_2005": 1323, "area_km2": 4.55, "density_2005": 290.8, "density_2015": 773.8, "tree_change": 2198, "pct_change": 166.1, "data_mode": "official", "generated_at": "2026-08-11T04:47:12.996138+00:00", "tree_source_year": 2015, "geography_vintage": 2010, "dataset_geography": "NTA2010", "tree_2005_unassigned_count": 24027, "tree_2005_mapping_coverage_pct": 95.9 }, "geometry": { "type": "Polygon", "coordinates": [ [ [ -73.903074, 40.80988 ], [ -73.898448, 40.813177 ], [ -73.89685, 40.81446 ], [ -73.895428, 40.815845 ], [ -73.896213, 40.816319 ], [ -73.897045, 40.816802 ], [ -73.895677, 40.818129 ], [ -73.894931, 40.818847 ], [ -73.893895, 40.81986 ], [ -73.892836, 40.820974 ], [ -73.893874, 40.820979 ], [ -73.894905, 40.820987 ], [ -73.895881, 40.820992 ], [ -73.895861, 40.822631 ], [ -73.894883, 40.823134 ], [ -73.893901, 40.823643 ], [ -73.8932, 40.824008 ], [ -73.894871, 40.823937 ], [ -73.894769, 40.826313 ], [ -73.893868, 40.826515 ], [ -73.892933, 40.826787 ], [ -73.891913, 40.826794 ], [ -73.890905, 40.826788 ], [ -73.88998, 40.82681 ], [ -73.88885, 40.826768 ], [ -73.887895, 40.826743 ], [ -73.886096, 40.827656 ], [ -73.886351, 40.826012 ], [ -73.886613, 40.825329 ], [ -73.887074, 40.823307 ], [ -73.887544, 40.822561 ], [ -73.887011, 40.822807 ], [ -73.886305, 40.822973 ], [ -73.885424, 40.823056 ], [ -73.88529, 40.823069 ], [ -73.884568, 40.82316 ], [ -73.884442, 40.822896 ], [ -73.884328, 40.822614 ], [ -73.883788, 40.821933 ], [ -73.882448, 40.819269 ], [ -73.880981, 40.818238 ], [ -73.87797, 40.816152 ], [ -73.871303, 40.813954 ], [ -73.866484, 40.805901 ], [ -73.862704, 40.797276 ], [ -73.866707, 40.793653 ], [ -73.872264, 40.794992 ], [ -73.892504, 40.801206 ], [ -73.901892, 40.805007 ], [ -73.902294, 40.805935 ], [ -73.903015, 40.809602 ], [ -73.903074, 40.80988 ] ] ] } },
{ "type": "Feature", "properties": { "nta_code": "BX28", "nta_name": "Van Cortlandt Village", "boro_name": "Bronx", "trees_2015": 2399, "trees_2005": 1767, "area_km2": 2.05, "density_2005": 862.0, "density_2015": 1170.2, "tree_change": 632, "pct_change": 35.8, "data_mode": "official", "generated_at": "2026-08-11T04:47:12.996138+00:00", "tree_source_year": 2015, "geography_vintage": 2010, "dataset_geography": "NTA2010", "tree_2005_unassigned_count": 24027, "tree_2005_mapping_coverage_pct": 95.9 }, "geometry": { "type": "Polygon", "coordinates": [ [ [ -73.895443, 40.866602 ], [ -73.896313, 40.867038 ], [ -73.897403, 40.867474 ], [ -73.896561, 40.868565 ], [ -73.898918, 40.869658 ], [ -73.901062, 40.868283 ], [ -73.902358, 40.868696 ], [ -73.903668, 40.869495 ], [ -73.904022, 40.869941 ], [ -73.904397, 40.870348 ], [ -73.904677, 40.87262 ], [ -73.905714, 40.873138 ], [ -73.906507, 40.873327 ], [ -73.904708, 40.876562 ], [ -73.903682, 40.878496 ], [ -73.903336, 40.878975 ], [ -73.901506, 40.880955 ], [ -73.898474, 40.88433 ], [ -73.896349, 40.885896 ], [ -73.89571, 40.885781 ], [ -73.8947, 40.885467 ], [ -73.894529, 40.885504 ], [ -73.892886, 40.885264 ], [ -73.891766, 40.88505 ], [ -73.890806, 40.884868 ], [ -73.889847, 40.884685 ], [ -73.888896, 40.884504 ], [ -73.887544, 40.884266 ], [ -73.887071, 40.8844 ], [ -73.88703, 40.883889 ], [ -73.887105, 40.882923 ], [ -73.887011, 40.882472 ], [ -73.885936, 40.880481 ], [ -73.885656, 40.87889 ], [ -73.887736, 40.877034 ], [ -73.88807, 40.876271 ], [ -73.888557, 40.875197 ], [ -73.889372, 40.873382 ], [ -73.887851, 40.872121 ], [ -73.888673, 40.871497 ], [ -73.890422, 40.870491 ], [ -73.890976, 40.870159 ], [ -73.891737, 40.869511 ], [ -73.892421, 40.868624 ], [ -73.892996, 40.867882 ], [ -73.894376, 40.866067 ], [ -73.895443, 40.866602 ] ] ] } },
{ "type": "Feature", "properties": { "nta_code": "BX29", "nta_name": "Spuyten Duyvil-Kingsbridge", "boro_name": "Bronx", "trees_2015": 2017, "trees_2005": 1772, "area_km2": 2.19, "density_2005": 809.1, "density_2015": 921.0, "tree_change": 245, "pct_change": 13.8, "data_mode": "official", "generated_at": "2026-08-11T04:47:12.996138+00:00", "tree_source_year": 2015, "geography_vintage": 2010, "dataset_geography": "NTA2010", "tree_2005_unassigned_count": 24027, "tree_2005_mapping_coverage_pct": 95.9 }, "geometry": { "type": "Polygon", "coordinates": [ [ [ -73.909189, 40.878168 ], [ -73.909505, 40.878878 ], [ -73.910184, 40.879021 ], [ -73.914905, 40.876578 ], [ -73.9152, 40.875581 ], [ -73.918932, 40.876388 ], [ -73.919808, 40.876577 ], [ -73.921478, 40.878214 ], [ -73.924974, 40.879144 ], [ -73.933407922938102, 40.882074964842694 ], [ -73.933406, 40.882078 ], [ -73.929008889893893, 40.889573074044499 ], [ -73.920956, 40.887288 ], [ -73.920586, 40.887186 ], [ -73.918696, 40.886885 ], [ -73.918761, 40.88557 ], [ -73.916037, 40.884867 ], [ -73.914892, 40.884625 ], [ -73.913024, 40.88617 ], [ -73.912272, 40.887115 ], [ -73.911731, 40.888219 ], [ -73.909064, 40.889508 ], [ -73.908759, 40.889355 ], [ -73.908563, 40.889274 ], [ -73.908349, 40.889073 ], [ -73.907999, 40.888907 ], [ -73.907388, 40.88782 ], [ -73.906263, 40.887571 ], [ -73.905335, 40.887355 ], [ -73.904135, 40.887089 ], [ -73.903819, 40.887479 ], [ -73.903011, 40.888823 ], [ -73.902859, 40.889165 ], [ -73.9007, 40.888988 ], [ -73.898447, 40.890495 ], [ -73.897841, 40.890517 ], [ -73.89984, 40.886537 ], [ -73.898926, 40.886383 ], [ -73.896349, 40.885896 ], [ -73.898474, 40.88433 ], [ -73.901506, 40.880955 ], [ -73.903336, 40.878975 ], [ -73.903682, 40.878496 ], [ -73.904708, 40.876562 ], [ -73.906507, 40.873327 ], [ -73.906636, 40.873343 ], [ -73.9067, 40.873397 ], [ -73.907, 40.873455 ], [ -73.907105, 40.876277 ], [ -73.907245, 40.876446 ], [ -73.908005, 40.877478 ], [ -73.908682, 40.877763 ], [ -73.909189, 40.878168 ] ] ] } },
{ "type": "Feature", "properties": { "nta_code": "BX30", "nta_name": "Kingsbridge Heights", "boro_name": "Bronx", "trees_2015": 1184, "trees_2005": 666, "area_km2": 1.21, "density_2005": 550.4, "density_2015": 978.5, "tree_change": 518, "pct_change": 77.8, "data_mode": "official", "generated_at": "2026-08-11T04:47:12.996138+00:00", "tree_source_year": 2015, "geography_vintage": 2010, "dataset_geography": "NTA2010", "tree_2005_unassigned_count": 24027, "tree_2005_mapping_coverage_pct": 95.9 }, "geometry": { "type": "Polygon", "coordinates": [ [ [ -73.901062, 40.868283 ], [ -73.898918, 40.869658 ], [ -73.896561, 40.868565 ], [ -73.897403, 40.867474 ], [ -73.898873, 40.865584 ], [ -73.900276, 40.863788 ], [ -73.90108, 40.862756 ], [ -73.902545, 40.860578 ], [ -73.903514, 40.860918 ], [ -73.904081, 40.859988 ], [ -73.904475, 40.859342 ], [ -73.904868, 40.858693 ], [ -73.905723, 40.858993 ], [ -73.906798, 40.859374 ], [ -73.907071, 40.859362 ], [ -73.907258, 40.859354 ], [ -73.907773, 40.859608 ], [ -73.909481, 40.857527 ], [ -73.90981, 40.857348 ], [ -73.910208, 40.858289 ], [ -73.910904, 40.858778 ], [ -73.913284, 40.859619 ], [ -73.911611, 40.860364 ], [ -73.911015, 40.860601 ], [ -73.90904, 40.862679 ], [ -73.909867, 40.86231 ], [ -73.910756, 40.861651 ], [ -73.911783, 40.861827 ], [ -73.912438, 40.861861 ], [ -73.913109, 40.861996 ], [ -73.913506, 40.86211 ], [ -73.91434, 40.862521 ], [ -73.910851, 40.866528 ], [ -73.908605, 40.871678 ], [ -73.907, 40.873455 ], [ -73.9067, 40.873397 ], [ -73.906636, 40.873343 ], [ -73.906507, 40.873327 ], [ -73.905714, 40.873138 ], [ -73.904677, 40.87262 ], [ -73.904397, 40.870348 ], [ -73.904022, 40.869941 ], [ -73.903668, 40.869495 ], [ -73.902358, 40.868696 ], [ -73.901062, 40.868283 ] ] ] } },
{ "type": "Feature", "properties": { "nta_code": "BX31", "nta_name": "Allerton-Pelham Gardens", "boro_name": "Bronx", "trees_2015": 3843, "trees_2005": 3930, "area_km2": 2.94, "density_2005": 1336.7, "density_2015": 1307.1, "tree_change": -87, "pct_change": -2.2, "data_mode": "official", "generated_at": "2026-08-11T04:47:12.996138+00:00", "tree_source_year": 2015, "geography_vintage": 2010, "dataset_geography": "NTA2010", "tree_2005_unassigned_count": 24027, "tree_2005_mapping_coverage_pct": 95.9 }, "geometry": { "type": "Polygon", "coordinates": [ [ [ -73.857353, 40.859712 ], [ -73.857566, 40.861164 ], [ -73.85771, 40.862278 ], [ -73.857804, 40.863037 ], [ -73.858061, 40.863042 ], [ -73.858712, 40.864252 ], [ -73.859613, 40.865512 ], [ -73.861562, 40.86555 ], [ -73.861498, 40.867782 ], [ -73.861433, 40.869603 ], [ -73.861379, 40.871336 ], [ -73.860367, 40.871319 ], [ -73.859427, 40.871301 ], [ -73.858488, 40.871284 ], [ -73.856614, 40.87125 ], [ -73.856513, 40.874218 ], [ -73.855518, 40.873904 ], [ -73.853637, 40.873301 ], [ -73.851662, 40.872685 ], [ -73.848597, 40.87167 ], [ -73.847926, 40.871342 ], [ -73.846992, 40.870853 ], [ -73.84609, 40.87039 ], [ -73.845782, 40.870227 ], [ -73.845173, 40.869915 ], [ -73.844421, 40.869523 ], [ -73.844231, 40.86942 ], [ -73.843586, 40.869088 ], [ -73.842406, 40.868475 ], [ -73.841224, 40.867858 ], [ -73.840644, 40.867554 ], [ -73.838752, 40.866572 ], [ -73.836971, 40.865643 ], [ -73.836431, 40.865356 ], [ -73.831602, 40.862628 ], [ -73.830917, 40.862225 ], [ -73.828237, 40.861021 ], [ -73.828755, 40.860431 ], [ -73.829609, 40.859889 ], [ -73.830172, 40.859634 ], [ -73.833233, 40.858626 ], [ -73.835334, 40.857832 ], [ -73.836819, 40.857277 ], [ -73.840046, 40.857807 ], [ -73.840972, 40.857949 ], [ -73.843295, 40.85829 ], [ -73.844588, 40.858446 ], [ -73.847397, 40.858683 ], [ -73.848337, 40.858702 ], [ -73.849309, 40.858718 ], [ -73.850282, 40.858657 ], [ -73.853109, 40.85841 ], [ -73.855907, 40.858168 ], [ -73.856638, 40.858119 ], [ -73.857353, 40.859712 ] ] ] } },
{ "type": "Feature", "properties": { "nta_code": "BX33", "nta_name": "Longwood", "boro_name": "Bronx", "trees_2015": 1572, "trees_2005": 911, "area_km2": 1.0, "density_2005": 911.0, "density_2015": 1572.0, "tree_change": 661, "pct_change": 72.6, "data_mode": "official", "generated_at": "2026-08-11T04:47:12.996138+00:00", "tree_source_year": 2015, "geography_vintage": 2010, "dataset_geography": "NTA2010", "tree_2005_unassigned_count": 24027, "tree_2005_mapping_coverage_pct": 95.9 }, "geometry": { "type": "Polygon", "coordinates": [ [ [ -73.902579, 40.81737 ], [ -73.902107, 40.818505 ], [ -73.901668, 40.819534 ], [ -73.901602, 40.819695 ], [ -73.901292, 40.820475 ], [ -73.900612, 40.822109 ], [ -73.901988, 40.82244 ], [ -73.901176, 40.824389 ], [ -73.900541, 40.825944 ], [ -73.901651, 40.826217 ], [ -73.900935, 40.827928 ], [ -73.899797, 40.827685 ], [ -73.898205, 40.827889 ], [ -73.897002, 40.82805 ], [ -73.895485, 40.828249 ], [ -73.895292, 40.828143 ], [ -73.895165, 40.82807 ], [ -73.894769, 40.826313 ], [ -73.894871, 40.823937 ], [ -73.8932, 40.824008 ], [ -73.893901, 40.823643 ], [ -73.894883, 40.823134 ], [ -73.895861, 40.822631 ], [ -73.895881, 40.820992 ], [ -73.894905, 40.820987 ], [ -73.893874, 40.820979 ], [ -73.892836, 40.820974 ], [ -73.893895, 40.81986 ], [ -73.894931, 40.818847 ], [ -73.895677, 40.818129 ], [ -73.897045, 40.816802 ], [ -73.896213, 40.816319 ], [ -73.895428, 40.815845 ], [ -73.89685, 40.81446 ], [ -73.898448, 40.813177 ], [ -73.903074, 40.80988 ], [ -73.903417, 40.811507 ], [ -73.90418, 40.812125 ], [ -73.904466, 40.812282 ], [ -73.904183, 40.813087 ], [ -73.903804, 40.814132 ], [ -73.90347, 40.815075 ], [ -73.903065, 40.816107 ], [ -73.90301, 40.816318 ], [ -73.902579, 40.81737 ] ] ] } },
{ "type": "Feature", "properties": { "nta_code": "BX34", "nta_name": "Melrose South-Mott Haven North", "boro_name": "Bronx", "trees_2015": 2156, "trees_2005": 752, "area_km2": 1.61, "density_2005": 467.1, "density_2015": 1339.1, "tree_change": 1404, "pct_change": 186.7, "data_mode": "official", "generated_at": "2026-08-11T04:47:12.996138+00:00", "tree_source_year": 2015, "geography_vintage": 2010, "dataset_geography": "NTA2010", "tree_2005_unassigned_count": 24027, "tree_2005_mapping_coverage_pct": 95.9 }, "geometry": { "type": "Polygon", "coordinates": [ [ [ -73.901668, 40.819534 ], [ -73.902107, 40.818505 ], [ -73.902579, 40.81737 ], [ -73.90301, 40.816318 ], [ -73.903065, 40.816107 ], [ -73.90347, 40.815075 ], [ -73.903804, 40.814132 ], [ -73.904183, 40.813087 ], [ -73.904466, 40.812282 ], [ -73.905413, 40.812476 ], [ -73.90633, 40.812667 ], [ -73.907245, 40.812855 ], [ -73.909075, 40.813233 ], [ -73.910019, 40.813432 ], [ -73.910948, 40.813621 ], [ -73.911812, 40.813883 ], [ -73.912954, 40.814269 ], [ -73.914954, 40.814937 ], [ -73.916771, 40.815699 ], [ -73.917625, 40.816055 ], [ -73.9179, 40.815902 ], [ -73.920349, 40.814629 ], [ -73.920482, 40.814564 ], [ -73.921583, 40.81555 ], [ -73.921245, 40.81622 ], [ -73.923093, 40.816698 ], [ -73.924, 40.815439 ], [ -73.926627, 40.816119 ], [ -73.92622, 40.816759 ], [ -73.925185, 40.818013 ], [ -73.924025, 40.819285 ], [ -73.922652, 40.820494 ], [ -73.921948, 40.821032 ], [ -73.920665, 40.821837 ], [ -73.92034, 40.822095 ], [ -73.919483, 40.822645 ], [ -73.918337, 40.823385 ], [ -73.916773, 40.824387 ], [ -73.915877, 40.824104 ], [ -73.916216, 40.823468 ], [ -73.914506, 40.822942 ], [ -73.912876, 40.822441 ], [ -73.911745, 40.822107 ], [ -73.9107, 40.822324 ], [ -73.910044, 40.822546 ], [ -73.909413, 40.822418 ], [ -73.908418, 40.822181 ], [ -73.907427, 40.821945 ], [ -73.906457, 40.821715 ], [ -73.905659, 40.821557 ], [ -73.904897, 40.821371 ], [ -73.903793, 40.821091 ], [ -73.902668, 40.820803 ], [ -73.901292, 40.820475 ], [ -73.901602, 40.819695 ], [ -73.901668, 40.819534 ] ] ] } },
{ "type": "Feature", "properties": { "nta_code": "BX35", "nta_name": "Morrisania-Melrose", "boro_name": "Bronx", "trees_2015": 2330, "trees_2005": 924, "area_km2": 1.57, "density_2005": 588.5, "density_2015": 1484.1, "tree_change": 1406, "pct_change": 152.2, "data_mode": "official", "generated_at": "2026-08-11T04:47:12.996138+00:00", "tree_source_year": 2015, "geography_vintage": 2010, "dataset_geography": "NTA2010", "tree_2005_unassigned_count": 24027, "tree_2005_mapping_coverage_pct": 95.9 }, "geometry": { "type": "Polygon", "coordinates": [ [ [ -73.902668, 40.820803 ], [ -73.903793, 40.821091 ], [ -73.904897, 40.821371 ], [ -73.905659, 40.821557 ], [ -73.906457, 40.821715 ], [ -73.907427, 40.821945 ], [ -73.908418, 40.822181 ], [ -73.909413, 40.822418 ], [ -73.910044, 40.822546 ], [ -73.9107, 40.822324 ], [ -73.911745, 40.822107 ], [ -73.912876, 40.822441 ], [ -73.914506, 40.822942 ], [ -73.916216, 40.823468 ], [ -73.915877, 40.824104 ], [ -73.916773, 40.824387 ], [ -73.916088, 40.824838 ], [ -73.916309, 40.824903 ], [ -73.916614, 40.824992 ], [ -73.915923, 40.82544 ], [ -73.915451, 40.825748 ], [ -73.915226, 40.82561 ], [ -73.914751, 40.825201 ], [ -73.913512, 40.824805 ], [ -73.913167, 40.825457 ], [ -73.91131, 40.824849 ], [ -73.911794, 40.826428 ], [ -73.911694, 40.827759 ], [ -73.910307, 40.828773 ], [ -73.909482, 40.829592 ], [ -73.90896, 40.830226 ], [ -73.906571, 40.829452 ], [ -73.905531, 40.829104 ], [ -73.904506, 40.830625 ], [ -73.903435, 40.832216 ], [ -73.901856, 40.834622 ], [ -73.901212, 40.835498 ], [ -73.899634, 40.835016 ], [ -73.898453, 40.834721 ], [ -73.898093, 40.834629 ], [ -73.897015, 40.834391 ], [ -73.896966, 40.834343 ], [ -73.896302, 40.833543 ], [ -73.896473, 40.833047 ], [ -73.896692, 40.831966 ], [ -73.8969, 40.831034 ], [ -73.897172, 40.830368 ], [ -73.896696, 40.830414 ], [ -73.894692, 40.830619 ], [ -73.89336, 40.830152 ], [ -73.892886, 40.830148 ], [ -73.890873, 40.830136 ], [ -73.889912, 40.830124 ], [ -73.888054, 40.829503 ], [ -73.887613, 40.829337 ], [ -73.886013, 40.828239 ], [ -73.886096, 40.827656 ], [ -73.887895, 40.826743 ], [ -73.88885, 40.826768 ], [ -73.88998, 40.82681 ], [ -73.890905, 40.826788 ], [ -73.891913, 40.826794 ], [ -73.892933, 40.826787 ], [ -73.893868, 40.826515 ], [ -73.894769, 40.826313 ], [ -73.895165, 40.82807 ], [ -73.895292, 40.828143 ], [ -73.895485, 40.828249 ], [ -73.897002, 40.82805 ], [ -73.898205, 40.827889 ], [ -73.899797, 40.827685 ], [ -73.900935, 40.827928 ], [ -73.901651, 40.826217 ], [ -73.900541, 40.825944 ], [ -73.901176, 40.824389 ], [ -73.901988, 40.82244 ], [ -73.900612, 40.822109 ], [ -73.901292, 40.820475 ], [ -73.902668, 40.820803 ] ] ] } },
{ "type": "Feature", "properties": { "nta_code": "BX36", "nta_name": "University Heights-Morris Heights", "boro_name": "Bronx", "trees_2015": 2002, "trees_2005": 1212, "area_km2": 1.96, "density_2005": 618.4, "density_2015": 1021.4, "tree_change": 790, "pct_change": 65.2, "data_mode": "official", "generated_at": "2026-08-11T04:47:12.996138+00:00", "tree_source_year": 2015, "geography_vintage": 2010, "dataset_geography": "NTA2010", "tree_2005_unassigned_count": 24027, "tree_2005_mapping_coverage_pct": 95.9 }, "geometry": { "type": "Polygon", "coordinates": [ [ [ -73.918397, 40.844975 ], [ -73.919225, 40.844874 ], [ -73.920569, 40.844718 ], [ -73.922661, 40.844632 ], [ -73.923428, 40.844688 ], [ -73.924018, 40.844657 ], [ -73.924734, 40.844813 ], [ -73.925934, 40.844851 ], [ -73.928242, 40.845353 ], [ -73.927196, 40.846683 ], [ -73.923904, 40.850488 ], [ -73.922978, 40.852022 ], [ -73.921536, 40.854127 ], [ -73.921215, 40.854693 ], [ -73.920958, 40.855112 ], [ -73.920273, 40.856234 ], [ -73.920005, 40.856679 ], [ -73.91929, 40.857475 ], [ -73.918206, 40.858679 ], [ -73.916975, 40.859909 ], [ -73.91434, 40.862521 ], [ -73.913506, 40.86211 ], [ -73.913109, 40.861996 ], [ -73.912438, 40.861861 ], [ -73.911783, 40.861827 ], [ -73.910756, 40.861651 ], [ -73.909867, 40.86231 ], [ -73.90904, 40.862679 ], [ -73.911015, 40.860601 ], [ -73.911611, 40.860364 ], [ -73.913284, 40.859619 ], [ -73.910904, 40.858778 ], [ -73.910208, 40.858289 ], [ -73.90981, 40.857348 ], [ -73.909481, 40.857527 ], [ -73.907773, 40.859608 ], [ -73.907258, 40.859354 ], [ -73.907071, 40.859362 ], [ -73.906798, 40.859374 ], [ -73.905723, 40.858993 ], [ -73.904868, 40.858693 ], [ -73.905264, 40.858047 ], [ -73.906115, 40.858344 ], [ -73.906511, 40.857699 ], [ -73.904684, 40.857061 ], [ -73.905086, 40.856411 ], [ -73.905222, 40.856204 ], [ -73.90557, 40.855787 ], [ -73.907333, 40.853816 ], [ -73.908418, 40.852644 ], [ -73.909215, 40.851801 ], [ -73.910582, 40.850182 ], [ -73.910695, 40.850019 ], [ -73.911122, 40.849418 ], [ -73.91168, 40.848639 ], [ -73.911973, 40.84823 ], [ -73.912364, 40.847683 ], [ -73.91315, 40.846577 ], [ -73.913236, 40.846241 ], [ -73.913595, 40.84596 ], [ -73.913975, 40.84543 ], [ -73.914199, 40.845115 ], [ -73.916726, 40.84505 ], [ -73.917347, 40.845024 ], [ -73.918397, 40.844975 ] ] ] } },
{ "type": "Feature", "properties": { "nta_code": "BX37", "nta_name": "Van Nest-Morris Park-Westchester Square", "boro_name": "Bronx", "trees_2015": 3143, "trees_2005": 1997, "area_km2": 3.36, "density_2005": 594.3, "density_2015": 935.4, "tree_change": 1146, "pct_change": 57.4, "data_mode": "official", "generated_at": "2026-08-11T04:47:12.996138+00:00", "tree_source_year": 2015, "geography_vintage": 2010, "dataset_geography": "NTA2010", "tree_2005_unassigned_count": 24027, "tree_2005_mapping_coverage_pct": 95.9 }, "geometry": { "type": "Polygon", "coordinates": [ [ [ -73.866361, 40.840592 ], [ -73.867248, 40.840344 ], [ -73.867406, 40.840305 ], [ -73.868308, 40.839995 ], [ -73.868847, 40.839753 ], [ -73.869208, 40.8396 ], [ -73.869659, 40.839428 ], [ -73.870095, 40.839246 ], [ -73.870183, 40.839485 ], [ -73.870318, 40.839587 ], [ -73.870747, 40.839654 ], [ -73.871206, 40.839675 ], [ -73.8727, 40.839752 ], [ -73.873561, 40.839794 ], [ -73.872808, 40.840869 ], [ -73.872131, 40.841555 ], [ -73.870301, 40.843549 ], [ -73.868892, 40.84441 ], [ -73.868109, 40.844798 ], [ -73.868355, 40.84708 ], [ -73.867855, 40.848889 ], [ -73.868374, 40.84897 ], [ -73.869209, 40.849239 ], [ -73.868235, 40.850913 ], [ -73.868609, 40.852088 ], [ -73.867801, 40.851589 ], [ -73.866142, 40.850536 ], [ -73.865651, 40.850335 ], [ -73.865605, 40.850318 ], [ -73.865221, 40.850178 ], [ -73.86304, 40.850611 ], [ -73.862789, 40.849238 ], [ -73.862509, 40.848362 ], [ -73.861603, 40.848547 ], [ -73.861193, 40.848603 ], [ -73.860234, 40.84896 ], [ -73.858617, 40.849687 ], [ -73.857808, 40.850051 ], [ -73.85619, 40.850779 ], [ -73.855383, 40.851144 ], [ -73.854573, 40.851509 ], [ -73.853046, 40.849547 ], [ -73.851368, 40.850304 ], [ -73.849689, 40.851059 ], [ -73.848613, 40.85108 ], [ -73.848214, 40.851091 ], [ -73.844362, 40.851119 ], [ -73.844758, 40.850468 ], [ -73.844929, 40.850144 ], [ -73.844796, 40.848372 ], [ -73.843588, 40.850071 ], [ -73.839629, 40.85475 ], [ -73.835738, 40.856333 ], [ -73.835015, 40.85657 ], [ -73.836841, 40.856878 ], [ -73.837219, 40.857147 ], [ -73.836819, 40.857277 ], [ -73.835334, 40.857832 ], [ -73.833233, 40.858626 ], [ -73.830172, 40.859634 ], [ -73.829609, 40.859889 ], [ -73.828755, 40.860431 ], [ -73.831027, 40.857904 ], [ -73.832935, 40.856053 ], [ -73.832308, 40.85576 ], [ -73.831291, 40.855434 ], [ -73.831575, 40.85538 ], [ -73.833412, 40.854707 ], [ -73.833906, 40.854468 ], [ -73.834634, 40.853808 ], [ -73.835801, 40.849677 ], [ -73.836069, 40.847165 ], [ -73.836693, 40.84364 ], [ -73.836889, 40.843375 ], [ -73.837146, 40.842728 ], [ -73.837714, 40.840406 ], [ -73.838391, 40.840677 ], [ -73.838808, 40.840767 ], [ -73.839364, 40.840878 ], [ -73.841513, 40.840596 ], [ -73.842041, 40.840646 ], [ -73.84331, 40.839603 ], [ -73.843611, 40.839348 ], [ -73.844581, 40.838536 ], [ -73.846479, 40.839809 ], [ -73.847798, 40.840697 ], [ -73.848986, 40.8416 ], [ -73.850523, 40.84279 ], [ -73.851208, 40.842715 ], [ -73.853335, 40.84247 ], [ -73.855195, 40.842258 ], [ -73.855465, 40.842227 ], [ -73.856916, 40.842062 ], [ -73.861762, 40.841513 ], [ -73.86358, 40.841278 ], [ -73.864465, 40.841088 ], [ -73.865045, 40.840954 ], [ -73.866361, 40.840592 ] ] ] } },
{ "type": "Feature", "properties": { "nta_code": "BX39", "nta_name": "Mott Haven-Port Morris", "boro_name": "Bronx", "trees_2015": 2517, "trees_2005": 890, "area_km2": 3.85, "density_2005": 231.2, "density_2015": 653.8, "tree_change": 1627, "pct_change": 182.8, "data_mode": "official", "generated_at": "2026-08-11T04:47:12.996138+00:00", "tree_source_year": 2015, "geography_vintage": 2010, "dataset_geography": "NTA2010", "tree_2005_unassigned_count": 24027, "tree_2005_mapping_coverage_pct": 95.9 }, "geometry": { "type": "Polygon", "coordinates": [ [ [ -73.932503, 40.811556 ], [ -73.932106, 40.813579 ], [ -73.932267, 40.813901 ], [ -73.932406, 40.814179 ], [ -73.932263, 40.813966 ], [ -73.931456, 40.813774 ], [ -73.930276, 40.813256 ], [ -73.928857, 40.81488 ], [ -73.927313, 40.81856 ], [ -73.925185, 40.818013 ], [ -73.92622, 40.816759 ], [ -73.926627, 40.816119 ], [ -73.924, 40.815439 ], [ -73.923093, 40.816698 ], [ -73.921245, 40.81622 ], [ -73.921583, 40.81555 ], [ -73.920482, 40.814564 ], [ -73.920349, 40.814629 ], [ -73.9179, 40.815902 ], [ -73.917625, 40.816055 ], [ -73.916771, 40.815699 ], [ -73.914954, 40.814937 ], [ -73.912954, 40.814269 ], [ -73.911812, 40.813883 ], [ -73.910948, 40.813621 ], [ -73.910019, 40.813432 ], [ -73.909075, 40.813233 ], [ -73.907245, 40.812855 ], [ -73.90633, 40.812667 ], [ -73.905413, 40.812476 ], [ -73.904466, 40.812282 ], [ -73.90418, 40.812125 ], [ -73.903417, 40.811507 ], [ -73.903074, 40.80988 ], [ -73.903015, 40.809602 ], [ -73.902294, 40.805935 ], [ -73.901892, 40.805007 ], [ -73.892504, 40.801206 ], [ -73.897722, 40.795138 ], [ -73.899809, 40.792524 ], [ -73.912506, 40.79618 ], [ -73.913624, 40.796786 ], [ -73.918633, 40.799105 ], [ -73.922306, 40.802179 ], [ -73.925139, 40.802174 ], [ -73.927204, 40.80217 ], [ -73.928322, 40.804015 ], [ -73.930993, 40.807267 ], [ -73.931681, 40.807955 ], [ -73.932503, 40.811556 ] ] ] } },
{ "type": "Feature", "properties": { "nta_code": "BX40", "nta_name": "Fordham South", "boro_name": "Bronx", "trees_2015": 1060, "trees_2005": 435, "area_km2": 0.59, "density_2005": 737.3, "density_2015": 1796.6, "tree_change": 625, "pct_change": 143.7, "data_mode": "official", "generated_at": "2026-08-11T04:47:12.996138+00:00", "tree_source_year": 2015, "geography_vintage": 2010, "dataset_geography": "NTA2010", "tree_2005_unassigned_count": 24027, "tree_2005_mapping_coverage_pct": 95.9 }, "geometry": { "type": "Polygon", "coordinates": [ [ [ -73.898148, 40.859124 ], [ -73.897358, 40.858763 ], [ -73.896363, 40.858376 ], [ -73.89574, 40.858139 ], [ -73.894694, 40.859426 ], [ -73.893885, 40.85882 ], [ -73.893215, 40.859874 ], [ -73.89138, 40.861701 ], [ -73.891063, 40.861529 ], [ -73.891048, 40.861146 ], [ -73.892257, 40.85941 ], [ -73.892993, 40.858386 ], [ -73.894776, 40.85593 ], [ -73.895609, 40.854571 ], [ -73.89644, 40.854908 ], [ -73.898635, 40.853907 ], [ -73.898165, 40.855146 ], [ -73.898776, 40.855364 ], [ -73.899672, 40.855669 ], [ -73.900779, 40.856047 ], [ -73.900852, 40.855937 ], [ -73.90186, 40.854586 ], [ -73.902988, 40.854773 ], [ -73.903951, 40.854974 ], [ -73.904727, 40.85537 ], [ -73.90557, 40.855787 ], [ -73.905222, 40.856204 ], [ -73.905086, 40.856411 ], [ -73.904684, 40.857061 ], [ -73.906511, 40.857699 ], [ -73.906115, 40.858344 ], [ -73.905264, 40.858047 ], [ -73.904868, 40.858693 ], [ -73.904475, 40.859342 ], [ -73.904081, 40.859988 ], [ -73.903514, 40.860918 ], [ -73.902545, 40.860578 ], [ -73.90108, 40.862756 ], [ -73.899962, 40.862351 ], [ -73.899618, 40.862159 ], [ -73.898387, 40.862344 ], [ -73.897068, 40.862534 ], [ -73.897729, 40.861349 ], [ -73.898832, 40.859305 ], [ -73.898148, 40.859124 ] ] ] } },
{ "type": "Feature", "properties": { "nta_code": "BX41", "nta_name": "Mount Hope", "boro_name": "Bronx", "trees_2015": 2051, "trees_2005": 1042, "area_km2": 1.36, "density_2005": 766.2, "density_2015": 1508.1, "tree_change": 1009, "pct_change": 96.8, "data_mode": "official", "generated_at": "2026-08-11T04:47:12.996138+00:00", "tree_source_year": 2015, "geography_vintage": 2010, "dataset_geography": "NTA2010", "tree_2005_unassigned_count": 24027, "tree_2005_mapping_coverage_pct": 95.9 }, "geometry": { "type": "Polygon", "coordinates": [ [ [ -73.906002, 40.842629 ], [ -73.907744, 40.842703 ], [ -73.908657, 40.84272 ], [ -73.909563, 40.8429 ], [ -73.910444, 40.842948 ], [ -73.910968, 40.843136 ], [ -73.911949, 40.843204 ], [ -73.913027, 40.843645 ], [ -73.913858, 40.843979 ], [ -73.914745, 40.844343 ], [ -73.915867, 40.844794 ], [ -73.916726, 40.84505 ], [ -73.914199, 40.845115 ], [ -73.913975, 40.84543 ], [ -73.913595, 40.84596 ], [ -73.913236, 40.846241 ], [ -73.91315, 40.846577 ], [ -73.912364, 40.847683 ], [ -73.911973, 40.84823 ], [ -73.91168, 40.848639 ], [ -73.911122, 40.849418 ], [ -73.910695, 40.850019 ], [ -73.910582, 40.850182 ], [ -73.909215, 40.851801 ], [ -73.908418, 40.852644 ], [ -73.907333, 40.853816 ], [ -73.90557, 40.855787 ], [ -73.904727, 40.85537 ], [ -73.903951, 40.854974 ], [ -73.902988, 40.854773 ], [ -73.90186, 40.854586 ], [ -73.900852, 40.855937 ], [ -73.900779, 40.856047 ], [ -73.899672, 40.855669 ], [ -73.898776, 40.855364 ], [ -73.898165, 40.855146 ], [ -73.898635, 40.853907 ], [ -73.89644, 40.854908 ], [ -73.895609, 40.854571 ], [ -73.897087, 40.851969 ], [ -73.898086, 40.850213 ], [ -73.898875, 40.848812 ], [ -73.899671, 40.847438 ], [ -73.90141, 40.844383 ], [ -73.902723, 40.844527 ], [ -73.904962, 40.844673 ], [ -73.904847, 40.84459 ], [ -73.904937, 40.843375 ], [ -73.905, 40.842535 ], [ -73.906002, 40.842629 ] ] ] } },
{ "type": "Feature", "properties": { "nta_code": "BX43", "nta_name": "Norwood", "boro_name": "Bronx", "trees_2015": 1981, "trees_2005": 1387, "area_km2": 1.46, "density_2005": 950.0, "density_2015": 1356.8, "tree_change": 594, "pct_change": 42.8, "data_mode": "official", "generated_at": "2026-08-11T04:47:12.996138+00:00", "tree_source_year": 2015, "geography_vintage": 2010, "dataset_geography": "NTA2010", "tree_2005_unassigned_count": 24027, "tree_2005_mapping_coverage_pct": 95.9 }, "geometry": { "type": "Polygon", "coordinates": [ [ [ -73.872553, 40.875175 ], [ -73.874367, 40.872701 ], [ -73.876292, 40.870526 ], [ -73.877727, 40.869555 ], [ -73.87986, 40.868274 ], [ -73.883079, 40.866593 ], [ -73.883625, 40.867258 ], [ -73.881841, 40.86837 ], [ -73.881469, 40.868573 ], [ -73.881976, 40.870387 ], [ -73.88222, 40.871227 ], [ -73.88247, 40.872128 ], [ -73.882957, 40.873052 ], [ -73.8834, 40.873947 ], [ -73.88344, 40.874794 ], [ -73.883424, 40.875742 ], [ -73.88383, 40.876783 ], [ -73.884855, 40.878545 ], [ -73.885323, 40.879178 ], [ -73.885656, 40.87889 ], [ -73.885936, 40.880481 ], [ -73.887011, 40.882472 ], [ -73.887105, 40.882923 ], [ -73.88703, 40.883889 ], [ -73.887071, 40.8844 ], [ -73.885165, 40.883632 ], [ -73.88319, 40.883285 ], [ -73.882087, 40.883133 ], [ -73.881244, 40.88271 ], [ -73.879974, 40.884395 ], [ -73.87802, 40.88709 ], [ -73.877834, 40.886798 ], [ -73.877607, 40.884523 ], [ -73.877729, 40.883454 ], [ -73.878126, 40.882154 ], [ -73.87717, 40.881994 ], [ -73.876258, 40.881832 ], [ -73.875337, 40.881672 ], [ -73.874067, 40.880039 ], [ -73.871918, 40.880237 ], [ -73.87092, 40.880258 ], [ -73.870241, 40.88023 ], [ -73.870944, 40.878511 ], [ -73.872553, 40.875175 ] ] ] } },
{ "type": "Feature", "properties": { "nta_code": "BX44", "nta_name": "Williamsbridge-Olinville", "boro_name": "Bronx", "trees_2015": 3371, "trees_2005": 2379, "area_km2": 3.37, "density_2005": 705.9, "density_2015": 1000.3, "tree_change": 992, "pct_change": 41.7, "data_mode": "official", "generated_at": "2026-08-11T04:47:12.996138+00:00", "tree_source_year": 2015, "geography_vintage": 2010, "dataset_geography": "NTA2010", "tree_2005_unassigned_count": 24027, "tree_2005_mapping_coverage_pct": 95.9 }, "geometry": { "type": "Polygon", "coordinates": [ [ [ -73.863332, 40.871375 ], [ -73.864266, 40.871389 ], [ -73.865209, 40.871407 ], [ -73.867159, 40.871442 ], [ -73.868258, 40.871462 ], [ -73.870562, 40.871511 ], [ -73.870377, 40.873285 ], [ -73.870313, 40.875341 ], [ -73.870147, 40.876412 ], [ -73.869435, 40.878129 ], [ -73.868846, 40.878586 ], [ -73.868119, 40.880062 ], [ -73.867053, 40.882255 ], [ -73.865982, 40.884391 ], [ -73.86538, 40.886884 ], [ -73.8646, 40.8883 ], [ -73.864005, 40.889765 ], [ -73.863044, 40.891116 ], [ -73.862652, 40.891822 ], [ -73.86136, 40.894663 ], [ -73.860711, 40.895371 ], [ -73.859834, 40.895085 ], [ -73.856956, 40.894168 ], [ -73.857368, 40.893394 ], [ -73.855664, 40.892853 ], [ -73.854492, 40.892479 ], [ -73.853403, 40.892132 ], [ -73.851829, 40.89163 ], [ -73.850691, 40.891303 ], [ -73.848742, 40.890648 ], [ -73.845906, 40.889741 ], [ -73.846262, 40.889098 ], [ -73.847049, 40.887672 ], [ -73.847444, 40.886978 ], [ -73.848364, 40.88561 ], [ -73.849278, 40.884242 ], [ -73.849735, 40.883555 ], [ -73.850651, 40.882192 ], [ -73.851106, 40.881509 ], [ -73.852033, 40.88014 ], [ -73.852483, 40.879463 ], [ -73.851865, 40.879059 ], [ -73.851384, 40.878476 ], [ -73.850919, 40.877893 ], [ -73.852112, 40.877298 ], [ -73.852548, 40.877092 ], [ -73.851723, 40.876844 ], [ -73.850932, 40.87583 ], [ -73.850689, 40.875487 ], [ -73.851201, 40.875154 ], [ -73.852155, 40.874434 ], [ -73.853637, 40.873301 ], [ -73.855518, 40.873904 ], [ -73.856513, 40.874218 ], [ -73.856614, 40.87125 ], [ -73.858488, 40.871284 ], [ -73.859427, 40.871301 ], [ -73.860367, 40.871319 ], [ -73.861379, 40.871336 ], [ -73.863332, 40.871375 ] ] ] } },
{ "type": "Feature", "properties": { "nta_code": "BX46", "nta_name": "Parkchester", "boro_name": "Bronx", "trees_2015": 790, "trees_2005": 436, "area_km2": 0.85, "density_2005": 512.9, "density_2015": 929.4, "tree_change": 354, "pct_change": 81.2, "data_mode": "official", "generated_at": "2026-08-11T04:47:12.996138+00:00", "tree_source_year": 2015, "geography_vintage": 2010, "dataset_geography": "NTA2010", "tree_2005_unassigned_count": 24027, "tree_2005_mapping_coverage_pct": 95.9 }, "geometry": { "type": "Polygon", "coordinates": [ [ [ -73.85287, 40.839851 ], [ -73.852331, 40.83701 ], [ -73.852207, 40.836347 ], [ -73.85207, 40.835625 ], [ -73.851684, 40.834201 ], [ -73.853471, 40.834015 ], [ -73.854651, 40.833888 ], [ -73.857732, 40.833558 ], [ -73.860344, 40.833294 ], [ -73.860851, 40.833614 ], [ -73.861362, 40.833502 ], [ -73.861548, 40.833302 ], [ -73.862721, 40.833021 ], [ -73.862837, 40.833688 ], [ -73.86284, 40.833983 ], [ -73.862943, 40.834299 ], [ -73.863156, 40.835531 ], [ -73.863555, 40.837865 ], [ -73.863938, 40.840045 ], [ -73.864465, 40.841088 ], [ -73.86358, 40.841278 ], [ -73.861762, 40.841513 ], [ -73.856916, 40.842062 ], [ -73.855465, 40.842227 ], [ -73.855195, 40.842258 ], [ -73.853335, 40.84247 ], [ -73.853095, 40.841047 ], [ -73.853035, 40.840735 ], [ -73.85287, 40.839851 ] ] ] } },
{ "type": "Feature", "properties": { "nta_code": "BX49", "nta_name": "Pelham Parkway", "boro_name": "Bronx", "trees_2015": 2312, "trees_2005": 1833, "area_km2": 2.15, "density_2005": 852.6, "density_2015": 1075.3, "tree_change": 479, "pct_change": 26.1, "data_mode": "official", "generated_at": "2026-08-11T04:47:12.996138+00:00", "tree_source_year": 2015, "geography_vintage": 2010, "dataset_geography": "NTA2010", "tree_2005_unassigned_count": 24027, "tree_2005_mapping_coverage_pct": 95.9 }, "geometry": { "type": "Polygon", "coordinates": [ [ [ -73.860234, 40.84896 ], [ -73.861193, 40.848603 ], [ -73.861603, 40.848547 ], [ -73.862509, 40.848362 ], [ -73.862789, 40.849238 ], [ -73.86304, 40.850611 ], [ -73.865221, 40.850178 ], [ -73.865605, 40.850318 ], [ -73.865651, 40.850335 ], [ -73.866142, 40.850536 ], [ -73.867801, 40.851589 ], [ -73.868609, 40.852088 ], [ -73.869377, 40.854266 ], [ -73.869815, 40.855484 ], [ -73.869889, 40.855971 ], [ -73.869327, 40.856647 ], [ -73.868383, 40.857812 ], [ -73.867588, 40.85783 ], [ -73.866583, 40.857856 ], [ -73.864671, 40.857906 ], [ -73.861791, 40.857983 ], [ -73.856638, 40.858119 ], [ -73.855907, 40.858168 ], [ -73.853109, 40.85841 ], [ -73.850282, 40.858657 ], [ -73.849309, 40.858718 ], [ -73.848337, 40.858702 ], [ -73.847397, 40.858683 ], [ -73.844588, 40.858446 ], [ -73.843295, 40.85829 ], [ -73.840972, 40.857949 ], [ -73.840046, 40.857807 ], [ -73.836819, 40.857277 ], [ -73.837219, 40.857147 ], [ -73.836841, 40.856878 ], [ -73.835015, 40.85657 ], [ -73.835738, 40.856333 ], [ -73.839629, 40.85475 ], [ -73.843588, 40.850071 ], [ -73.844796, 40.848372 ], [ -73.844929, 40.850144 ], [ -73.844758, 40.850468 ], [ -73.844362, 40.851119 ], [ -73.848214, 40.851091 ], [ -73.848613, 40.85108 ], [ -73.849689, 40.851059 ], [ -73.851368, 40.850304 ], [ -73.853046, 40.849547 ], [ -73.854573, 40.851509 ], [ -73.855383, 40.851144 ], [ -73.85619, 40.850779 ], [ -73.857808, 40.850051 ], [ -73.858617, 40.849687 ], [ -73.860234, 40.84896 ] ] ] } },
{ "type": "Feature", "properties": { "nta_code": "BX52", "nta_name": "Schuylerville-Throgs Neck-Edgewater Park", "boro_name": "Bronx", "trees_2015": 5023, "trees_2005": 3733, "area_km2": 8.37, "density_2005": 446.0, "density_2015": 600.1, "tree_change": 1290, "pct_change": 34.6, "data_mode": "official", "generated_at": "2026-08-11T04:47:12.996138+00:00", "tree_source_year": 2015, "geography_vintage": 2010, "dataset_geography": "NTA2010", "tree_2005_unassigned_count": 24027, "tree_2005_mapping_coverage_pct": 95.9 }, "geometry": { "type": "Polygon", "coordinates": [ [ [ -73.827093, 40.803084 ], [ -73.830548, 40.803162 ], [ -73.831616, 40.804938 ], [ -73.837984, 40.806226 ], [ -73.840426, 40.811873 ], [ -73.83998, 40.816391 ], [ -73.836961, 40.816341 ], [ -73.836043, 40.820842 ], [ -73.836071, 40.821065 ], [ -73.836549, 40.824918 ], [ -73.837216, 40.828109 ], [ -73.83724, 40.828308 ], [ -73.837293, 40.828568 ], [ -73.840627, 40.828681 ], [ -73.841884, 40.828596 ], [ -73.842544, 40.828513 ], [ -73.842646, 40.8285 ], [ -73.842683, 40.828497 ], [ -73.842279, 40.831267 ], [ -73.839589, 40.833496 ], [ -73.839364, 40.840878 ], [ -73.838808, 40.840767 ], [ -73.838391, 40.840677 ], [ -73.837714, 40.840406 ], [ -73.837146, 40.842728 ], [ -73.836889, 40.843375 ], [ -73.835829, 40.843472 ], [ -73.834749, 40.843503 ], [ -73.833001, 40.84354 ], [ -73.832008, 40.84363 ], [ -73.831084, 40.843745 ], [ -73.830432, 40.843858 ], [ -73.829315, 40.844192 ], [ -73.827575, 40.844732 ], [ -73.826113, 40.845339 ], [ -73.826241, 40.842994 ], [ -73.826084, 40.841372 ], [ -73.825908, 40.838745 ], [ -73.825495, 40.835218 ], [ -73.82622, 40.834355 ], [ -73.826124, 40.834214 ], [ -73.826013, 40.834021 ], [ -73.823773, 40.834266 ], [ -73.823335, 40.834415 ], [ -73.822636, 40.834508 ], [ -73.819775, 40.835133 ], [ -73.818046, 40.835543 ], [ -73.817204, 40.83574 ], [ -73.816408, 40.835932 ], [ -73.815304850601009, 40.836258364537201 ], [ -73.8155738207561, 40.835128689677397 ], [ -73.815244615822792, 40.831507422652003 ], [ -73.81520530787769, 40.831075033732496 ], [ -73.814431924600896, 40.8297430968383 ], [ -73.813123181636797, 40.827489152266203 ], [ -73.812088630167096, 40.825707426034398 ], [ -73.8118886812602, 40.825363069834694 ], [ -73.811185806727892, 40.824712910424097 ], [ -73.8101315720765, 40.823737742669302 ], [ -73.807990869109503, 40.8217575909988 ], [ -73.804518405838905, 40.818545560160402 ], [ -73.803677279229191, 40.8182004829413 ], [ -73.803510564512209, 40.8181320872322 ], [ -73.802487427675999, 40.8177123392298 ], [ -73.799067527105194, 40.816309304579597 ], [ -73.797699903595898, 40.8157482288605 ], [ -73.797332379715598, 40.815597449991898 ], [ -73.790950454147591, 40.807325549761195 ], [ -73.790900282527787, 40.807260520072496 ], [ -73.785963605426389, 40.800861871260395 ], [ -73.787302, 40.799979 ], [ -73.793668, 40.79996 ], [ -73.799967, 40.801872 ], [ -73.8047, 40.803242 ], [ -73.811234, 40.805098 ], [ -73.817083, 40.80548 ], [ -73.82321, 40.804292 ], [ -73.827093, 40.803084 ] ] ] } },
{ "type": "Feature", "properties": { "nta_code": "BX55", "nta_name": "Soundview-Bruckner", "boro_name": "Bronx", "trees_2015": 1921, "trees_2005": 1168, "area_km2": 1.5, "density_2005": 778.7, "density_2015": 1280.7, "tree_change": 753, "pct_change": 64.5, "data_mode": "official", "generated_at": "2026-08-11T04:47:12.996138+00:00", "tree_source_year": 2015, "geography_vintage": 2010, "dataset_geography": "NTA2010", "tree_2005_unassigned_count": 24027, "tree_2005_mapping_coverage_pct": 95.9 }, "geometry": { "type": "Polygon", "coordinates": [ [ [ -73.882761, 40.823248 ], [ -73.884568, 40.82316 ], [ -73.884531, 40.825647 ], [ -73.883817, 40.828327 ], [ -73.882951, 40.828304 ], [ -73.881981, 40.828356 ], [ -73.881046, 40.828432 ], [ -73.880112, 40.828511 ], [ -73.879171, 40.828582 ], [ -73.878235, 40.82866 ], [ -73.877299, 40.828742 ], [ -73.876402, 40.828977 ], [ -73.875507, 40.829234 ], [ -73.874547, 40.829522 ], [ -73.873193, 40.829905 ], [ -73.872755, 40.830028 ], [ -73.871794, 40.830305 ], [ -73.870903, 40.830563 ], [ -73.870007, 40.83082 ], [ -73.86815, 40.83136 ], [ -73.867258, 40.831624 ], [ -73.866355, 40.831874 ], [ -73.865461, 40.832132 ], [ -73.863657, 40.832652 ], [ -73.862721, 40.833021 ], [ -73.861548, 40.833302 ], [ -73.861362, 40.833502 ], [ -73.860851, 40.833614 ], [ -73.860344, 40.833294 ], [ -73.860324, 40.833184 ], [ -73.857391, 40.832297 ], [ -73.857376, 40.832046 ], [ -73.857323, 40.831822 ], [ -73.857157, 40.831102 ], [ -73.85699, 40.830385 ], [ -73.856822, 40.829665 ], [ -73.856656, 40.828945 ], [ -73.856491, 40.828225 ], [ -73.856151, 40.82677 ], [ -73.8563, 40.826757 ], [ -73.856747, 40.826705 ], [ -73.857278, 40.826599 ], [ -73.858672, 40.826424 ], [ -73.859703, 40.826277 ], [ -73.861207, 40.826087 ], [ -73.86491, 40.825596 ], [ -73.867703, 40.825201 ], [ -73.869842, 40.824923 ], [ -73.870519, 40.824841 ], [ -73.871546, 40.824826 ], [ -73.872492, 40.824688 ], [ -73.873014, 40.824623 ], [ -73.873595, 40.824433 ], [ -73.875285, 40.824208 ], [ -73.876213, 40.824084 ], [ -73.877136, 40.823958 ], [ -73.878064, 40.823834 ], [ -73.878989, 40.823711 ], [ -73.87993, 40.823641 ], [ -73.882761, 40.823248 ] ] ] } },
{ "type": "Feature", "properties": { "nta_code": "BX59", "nta_name": "Westchester-Unionport", "boro_name": "Bronx", "trees_2015": 2820, "trees_2005": 1252, "area_km2": 2.24, "density_2005": 558.9, "density_2015": 1258.9, "tree_change": 1568, "pct_change": 125.2, "data_mode": "official", "generated_at": "2026-08-11T04:47:12.996138+00:00", "tree_source_year": 2015, "geography_vintage": 2010, "dataset_geography": "NTA2010", "tree_2005_unassigned_count": 24027, "tree_2005_mapping_coverage_pct": 95.9 }, "geometry": { "type": "Polygon", "coordinates": [ [ [ -73.845955, 40.823671 ], [ -73.849018, 40.82326 ], [ -73.852078, 40.822847 ], [ -73.855136, 40.822436 ], [ -73.855312, 40.823192 ], [ -73.855646, 40.824633 ], [ -73.855972, 40.826064 ], [ -73.856117, 40.826047 ], [ -73.856231, 40.826468 ], [ -73.856286, 40.82667 ], [ -73.8563, 40.826757 ], [ -73.856151, 40.82677 ], [ -73.856491, 40.828225 ], [ -73.856656, 40.828945 ], [ -73.856822, 40.829665 ], [ -73.85699, 40.830385 ], [ -73.857157, 40.831102 ], [ -73.857323, 40.831822 ], [ -73.857376, 40.832046 ], [ -73.857391, 40.832297 ], [ -73.860324, 40.833184 ], [ -73.860344, 40.833294 ], [ -73.857732, 40.833558 ], [ -73.854651, 40.833888 ], [ -73.853471, 40.834015 ], [ -73.851684, 40.834201 ], [ -73.85207, 40.835625 ], [ -73.852207, 40.836347 ], [ -73.852331, 40.83701 ], [ -73.85287, 40.839851 ], [ -73.853035, 40.840735 ], [ -73.853095, 40.841047 ], [ -73.853335, 40.84247 ], [ -73.851208, 40.842715 ], [ -73.850523, 40.84279 ], [ -73.848986, 40.8416 ], [ -73.847798, 40.840697 ], [ -73.846479, 40.839809 ], [ -73.844581, 40.838536 ], [ -73.843611, 40.839348 ], [ -73.84331, 40.839603 ], [ -73.842041, 40.840646 ], [ -73.841513, 40.840596 ], [ -73.839364, 40.840878 ], [ -73.839589, 40.833496 ], [ -73.842279, 40.831267 ], [ -73.842683, 40.828497 ], [ -73.842905, 40.828478 ], [ -73.843777, 40.828408 ], [ -73.843665, 40.827779 ], [ -73.843585, 40.827003 ], [ -73.843247, 40.825554 ], [ -73.842898, 40.824083 ], [ -73.845955, 40.823671 ] ] ] } },
{ "type": "Feature", "properties": { "nta_code": "BX62", "nta_name": "Woodlawn-Wakefield", "boro_name": "Bronx", "trees_2015": 4083, "trees_2005": 3889, "area_km2": 3.65, "density_2005": 1065.5, "density_2015": 1118.6, "tree_change": 194, "pct_change": 5.0, "data_mode": "official", "generated_at": "2026-08-11T04:47:12.996138+00:00", "tree_source_year": 2015, "geography_vintage": 2010, "dataset_geography": "NTA2010", "tree_2005_unassigned_count": 24027, "tree_2005_mapping_coverage_pct": 95.9 }, "geometry": { "type": "Polygon", "coordinates": [ [ [ -73.863559, 40.895377 ], [ -73.864017, 40.895523 ], [ -73.864917, 40.89575 ], [ -73.866917, 40.896083 ], [ -73.870487, 40.89664 ], [ -73.874806, 40.895726 ], [ -73.87712, 40.895469 ], [ -73.876438, 40.896871 ], [ -73.875895, 40.897559 ], [ -73.873018, 40.899355 ], [ -73.871364, 40.900039 ], [ -73.868042, 40.902642 ], [ -73.867876, 40.902983 ], [ -73.866952, 40.902475 ], [ -73.865635, 40.902086 ], [ -73.864669, 40.901793 ], [ -73.86286, 40.901525 ], [ -73.862643, 40.901474 ], [ -73.862041, 40.901203 ], [ -73.860006, 40.900565 ], [ -73.858221, 40.902335 ], [ -73.856324, 40.906166 ], [ -73.856108, 40.90606 ], [ -73.854104, 40.906679 ], [ -73.854881, 40.908217 ], [ -73.852678, 40.909899 ], [ -73.851123, 40.910009 ], [ -73.85279, 40.907073 ], [ -73.852601, 40.906977 ], [ -73.852204, 40.906878 ], [ -73.851506, 40.906645 ], [ -73.848683, 40.906743 ], [ -73.847071, 40.906173 ], [ -73.846104, 40.905777 ], [ -73.84532, 40.905582 ], [ -73.844847, 40.90531 ], [ -73.844702, 40.904177 ], [ -73.844389, 40.904096 ], [ -73.843305, 40.90408 ], [ -73.842308, 40.903988 ], [ -73.841318, 40.903987 ], [ -73.840999, 40.902812 ], [ -73.840036, 40.900567 ], [ -73.839649, 40.897891 ], [ -73.838985, 40.895602 ], [ -73.838407, 40.894061 ], [ -73.837337, 40.893814 ], [ -73.836459, 40.891516 ], [ -73.835549, 40.889133 ], [ -73.837322, 40.888742 ], [ -73.838227, 40.888644 ], [ -73.839773, 40.888738 ], [ -73.840176, 40.888687 ], [ -73.841053, 40.888553 ], [ -73.841955, 40.888454 ], [ -73.841941, 40.888418 ], [ -73.842859, 40.888307 ], [ -73.843765, 40.888168 ], [ -73.847049, 40.887672 ], [ -73.846262, 40.889098 ], [ -73.845906, 40.889741 ], [ -73.848742, 40.890648 ], [ -73.850691, 40.891303 ], [ -73.851829, 40.89163 ], [ -73.853403, 40.892132 ], [ -73.854492, 40.892479 ], [ -73.855664, 40.892853 ], [ -73.857368, 40.893394 ], [ -73.856956, 40.894168 ], [ -73.859834, 40.895085 ], [ -73.860711, 40.895371 ], [ -73.86136, 40.894663 ], [ -73.861825, 40.894812 ], [ -73.862875, 40.895154 ], [ -73.863559, 40.895377 ] ] ] } },
{ "type": "Feature", "properties": { "nta_code": "BX63", "nta_name": "West Concourse", "boro_name": "Bronx", "trees_2015": 2142, "trees_2005": 937, "area_km2": 1.77, "density_2005": 529.4, "density_2015": 1210.2, "tree_change": 1205, "pct_change": 128.6, "data_mode": "official", "generated_at": "2026-08-11T04:47:12.996138+00:00", "tree_source_year": 2015, "geography_vintage": 2010, "dataset_geography": "NTA2010", "tree_2005_unassigned_count": 24027, "tree_2005_mapping_coverage_pct": 95.9 }, "geometry": { "type": "Polygon", "coordinates": [ [ [ -73.932263, 40.813966 ], [ -73.932406, 40.814179 ], [ -73.932101, 40.81498 ], [ -73.932106, 40.819347 ], [ -73.932941, 40.828213 ], [ -73.931965, 40.828265 ], [ -73.931555, 40.828311 ], [ -73.930964, 40.828352 ], [ -73.929932, 40.828636 ], [ -73.929772, 40.82868 ], [ -73.928756, 40.829186 ], [ -73.927264, 40.830565 ], [ -73.926429, 40.831423 ], [ -73.925364, 40.832625 ], [ -73.925029, 40.833273 ], [ -73.924394, 40.834484 ], [ -73.923967, 40.835082 ], [ -73.922372, 40.836109 ], [ -73.920365, 40.837426 ], [ -73.920097, 40.837734 ], [ -73.919696, 40.837872 ], [ -73.919309, 40.838126 ], [ -73.919017, 40.838381 ], [ -73.918592, 40.838982 ], [ -73.917683, 40.840225 ], [ -73.917299, 40.840766 ], [ -73.916184, 40.842335 ], [ -73.917687, 40.842239 ], [ -73.917949, 40.842229 ], [ -73.917955, 40.843102 ], [ -73.917452, 40.844176 ], [ -73.91741, 40.844926 ], [ -73.917347, 40.845024 ], [ -73.916726, 40.84505 ], [ -73.915867, 40.844794 ], [ -73.914745, 40.844343 ], [ -73.913858, 40.843979 ], [ -73.913027, 40.843645 ], [ -73.911949, 40.843204 ], [ -73.912698, 40.84093 ], [ -73.913137, 40.839814 ], [ -73.913755, 40.838743 ], [ -73.914238, 40.838109 ], [ -73.91478, 40.837517 ], [ -73.915328, 40.836954 ], [ -73.915871, 40.836393 ], [ -73.916467, 40.835778 ], [ -73.917706, 40.83451 ], [ -73.918389, 40.833809 ], [ -73.919029, 40.83309 ], [ -73.919856, 40.831949 ], [ -73.920461, 40.830915 ], [ -73.921171, 40.829628 ], [ -73.921742, 40.8286 ], [ -73.922669, 40.826854 ], [ -73.923062, 40.826096 ], [ -73.923473, 40.825425 ], [ -73.924434, 40.823458 ], [ -73.925645, 40.821131 ], [ -73.927313, 40.81856 ], [ -73.928857, 40.81488 ], [ -73.930276, 40.813256 ], [ -73.931456, 40.813774 ], [ -73.932263, 40.813966 ] ] ] } },
{ "type": "Feature", "properties": { "nta_code": "BX75", "nta_name": "Crotona Park East", "boro_name": "Bronx", "trees_2015": 1546, "trees_2005": 673, "area_km2": 1.53, "density_2005": 439.9, "density_2015": 1010.5, "tree_change": 873, "pct_change": 129.7, "data_mode": "official", "generated_at": "2026-08-11T04:47:12.996138+00:00", "tree_source_year": 2015, "geography_vintage": 2010, "dataset_geography": "NTA2010", "tree_2005_unassigned_count": 24027, "tree_2005_mapping_coverage_pct": 95.9 }, "geometry": { "type": "Polygon", "coordinates": [ [ [ -73.887011, 40.822807 ], [ -73.887544, 40.822561 ], [ -73.887074, 40.823307 ], [ -73.886613, 40.825329 ], [ -73.886351, 40.826012 ], [ -73.886096, 40.827656 ], [ -73.886013, 40.828239 ], [ -73.887613, 40.829337 ], [ -73.888054, 40.829503 ], [ -73.889912, 40.830124 ], [ -73.890873, 40.830136 ], [ -73.892886, 40.830148 ], [ -73.89336, 40.830152 ], [ -73.894692, 40.830619 ], [ -73.896696, 40.830414 ], [ -73.897172, 40.830368 ], [ -73.8969, 40.831034 ], [ -73.896692, 40.831966 ], [ -73.896473, 40.833047 ], [ -73.896302, 40.833543 ], [ -73.896966, 40.834343 ], [ -73.895139, 40.835429 ], [ -73.893377, 40.83654 ], [ -73.891481, 40.836687 ], [ -73.890601, 40.836898 ], [ -73.888412, 40.838553 ], [ -73.887289, 40.838135 ], [ -73.886598, 40.839279 ], [ -73.886185, 40.840105 ], [ -73.885835, 40.839897 ], [ -73.884649, 40.839175 ], [ -73.884499, 40.839229 ], [ -73.884196, 40.839549 ], [ -73.883416, 40.839216 ], [ -73.882576, 40.838746 ], [ -73.882115, 40.837744 ], [ -73.881875, 40.83819 ], [ -73.881135, 40.838622 ], [ -73.880042, 40.840235 ], [ -73.87866, 40.84002 ], [ -73.878505, 40.840005 ], [ -73.877914, 40.839971 ], [ -73.877415, 40.839988 ], [ -73.873561, 40.839794 ], [ -73.8727, 40.839752 ], [ -73.87283, 40.838964 ], [ -73.873045, 40.838367 ], [ -73.873276, 40.837816 ], [ -73.875363, 40.836773 ], [ -73.876152, 40.836498 ], [ -73.876937, 40.836137 ], [ -73.879252, 40.834424 ], [ -73.879983, 40.83468 ], [ -73.882354, 40.831505 ], [ -73.88397, 40.829717 ], [ -73.883817, 40.828327 ], [ -73.884531, 40.825647 ], [ -73.884568, 40.82316 ], [ -73.88529, 40.823069 ], [ -73.885424, 40.823056 ], [ -73.886305, 40.822973 ], [ -73.887011, 40.822807 ] ] ] } },
{ "type": "Feature", "properties": { "nta_code": "BX98", "nta_name": "Rikers Island", "boro_name": "Bronx", "trees_2015": 0, "trees_2005": 0, "area_km2": 1.58, "density_2005": 0.0, "density_2015": 0.0, "tree_change": 0, "pct_change": null, "data_mode": "official", "generated_at": "2026-08-11T04:47:12.996138+00:00", "tree_source_year": 2015, "geography_vintage": 2010, "dataset_geography": "NTA2010", "tree_2005_unassigned_count": 24027, "tree_2005_mapping_coverage_pct": 95.9 }, "geometry": { "type": "Polygon", "coordinates": [ [ [ -73.872264, 40.794992 ], [ -73.866707, 40.793653 ], [ -73.870005, 40.790681 ], [ -73.871021, 40.788833 ], [ -73.871254, 40.787593 ], [ -73.870992, 40.786979 ], [ -73.873688, 40.78616 ], [ -73.878964, 40.785743 ], [ -73.884867, 40.786621 ], [ -73.889918, 40.787398 ], [ -73.890586, 40.790145 ], [ -73.892866, 40.790567 ], [ -73.899809, 40.792524 ], [ -73.897722, 40.795138 ], [ -73.892504, 40.801206 ], [ -73.872264, 40.794992 ] ] ] } },
{ "type": "Feature", "properties": { "nta_code": "BX99", "nta_name": "park-cemetery-etc-Bronx", "boro_name": "Bronx", "trees_2015": 0, "trees_2005": 130, "area_km2": 19.95, "density_2005": 6.5, "density_2015": 0.0, "tree_change": -130, "pct_change": -100.0, "data_mode": "official", "generated_at": "2026-08-11T04:47:12.996138+00:00", "tree_source_year": 2015, "geography_vintage": 2010, "dataset_geography": "NTA2010", "tree_2005_unassigned_count": 24027, "tree_2005_mapping_coverage_pct": 95.9 }, "geometry": { "type": "MultiPolygon", "coordinates": [ [ [ [ -73.869545, 40.816095 ], [ -73.86708, 40.814441 ], [ -73.861612, 40.811359 ], [ -73.861357, 40.810837 ], [ -73.866484, 40.805901 ], [ -73.871303, 40.813954 ], [ -73.87797, 40.816152 ], [ -73.880981, 40.818238 ], [ -73.880546, 40.818468 ], [ -73.879769, 40.819181 ], [ -73.877844, 40.819418 ], [ -73.876126, 40.81963 ], [ -73.872468, 40.820151 ], [ -73.872991, 40.822302 ], [ -73.87332, 40.824166 ], [ -73.873423, 40.824392 ], [ -73.873595, 40.824433 ], [ -73.873014, 40.824623 ], [ -73.872492, 40.824688 ], [ -73.871546, 40.824826 ], [ -73.871439, 40.824663 ], [ -73.871002, 40.822563 ], [ -73.870501, 40.820364 ], [ -73.869969, 40.818268 ], [ -73.869545, 40.816095 ] ] ], [ [ [ -73.896966, 40.834343 ], [ -73.897015, 40.834391 ], [ -73.898093, 40.834629 ], [ -73.898453, 40.834721 ], [ -73.899634, 40.835016 ], [ -73.901212, 40.835498 ], [ -73.900567, 40.836592 ], [ -73.899968, 40.837655 ], [ -73.899031, 40.839331 ], [ -73.89827, 40.84068 ], [ -73.896599, 40.843696 ], [ -73.895378, 40.842939 ], [ -73.894101, 40.84219 ], [ -73.893171, 40.841638 ], [ -73.892169, 40.84105 ], [ -73.890174, 40.839874 ], [ -73.888691, 40.839158 ], [ -73.888138, 40.839862 ], [ -73.886598, 40.839279 ], [ -73.887289, 40.838135 ], [ -73.888412, 40.838553 ], [ -73.890601, 40.836898 ], [ -73.891481, 40.836687 ], [ -73.893377, 40.83654 ], [ -73.895139, 40.835429 ], [ -73.896966, 40.834343 ] ] ], [ [ [ -73.90798, 40.837178 ], [ -73.909307, 40.836958 ], [ -73.909458, 40.837057 ], [ -73.90891, 40.838376 ], [ -73.909117, 40.840171 ], [ -73.909394, 40.841254 ], [ -73.909563, 40.8429 ], [ -73.908657, 40.84272 ], [ -73.907744, 40.842703 ], [ -73.906002, 40.842629 ], [ -73.905, 40.842535 ], [ -73.905032, 40.842263 ], [ -73.905607, 40.839844 ], [ -73.906445, 40.838669 ], [ -73.90798, 40.837178 ] ] ], [ [ [ -73.820484, 40.848501 ], [ -73.822038, 40.84769 ], [ -73.824437, 40.846378 ], [ -73.824957, 40.846105 ], [ -73.825085, 40.844698 ], [ -73.825079, 40.844304 ], [ -73.82518, 40.8427 ], [ -73.825568, 40.842817 ], [ -73.826241, 40.842994 ], [ -73.826113, 40.845339 ], [ -73.826883, 40.846903 ], [ -73.827997, 40.848624 ], [ -73.827355, 40.85283 ], [ -73.827218, 40.853251 ], [ -73.828014, 40.854723 ], [ -73.828602, 40.855718 ], [ -73.831291, 40.855434 ], [ -73.832308, 40.85576 ], [ -73.832935, 40.856053 ], [ -73.831027, 40.857904 ], [ -73.828755, 40.860431 ], [ -73.828237, 40.861021 ], [ -73.827995, 40.86084 ], [ -73.827856, 40.860421 ], [ -73.827211, 40.859204 ], [ -73.826194, 40.858774 ], [ -73.820554, 40.860967 ], [ -73.818807, 40.862482 ], [ -73.817557, 40.863588 ], [ -73.816752, 40.864544 ], [ -73.816679, 40.86528 ], [ -73.816341, 40.8661 ], [ -73.820873, 40.868907 ], [ -73.821267, 40.869071 ], [ -73.823296, 40.873098 ], [ -73.819926, 40.88212 ], [ -73.819803, 40.885451 ], [ -73.81936, 40.885726 ], [ -73.815345, 40.886779 ], [ -73.807243, 40.885763 ], [ -73.805298, 40.885998 ], [ -73.799251, 40.88463 ], [ -73.793702, 40.882897 ], [ -73.792942, 40.883411 ], [ -73.783702, 40.881078 ], [ -73.783545225362104, 40.881039556340504 ], [ -73.784803, 40.878528 ], [ -73.785269188678896, 40.872226116127095 ], [ -73.785488528300306, 40.869261108856101 ], [ -73.785502, 40.869079 ], [ -73.788070031557893, 40.8607946062087 ], [ -73.790063, 40.860801 ], [ -73.794116422273504, 40.855259045019594 ], [ -73.797252415057201, 40.852195983483895 ], [ -73.799543464127296, 40.848026676127894 ], [ -73.800111001193997, 40.848140183761203 ], [ -73.80040679745089, 40.848199343127199 ], [ -73.806913743119196, 40.849500734782801 ], [ -73.809323530085592, 40.848371146184597 ], [ -73.809335, 40.849429 ], [ -73.815674, 40.848855 ], [ -73.816312, 40.848551 ], [ -73.818202, 40.848311 ], [ -73.820141, 40.84802 ], [ -73.820484, 40.848501 ] ] ], [ [ [ -73.882781, 40.84807 ], [ -73.883109, 40.848273 ], [ -73.882883, 40.849074 ], [ -73.882558, 40.850224 ], [ -73.882322, 40.851061 ], [ -73.882003, 40.852189 ], [ -73.881668, 40.853348 ], [ -73.880714, 40.856798 ], [ -73.880787, 40.857077 ], [ -73.880611, 40.86049 ], [ -73.884007, 40.86495 ], [ -73.882766, 40.865873 ], [ -73.883079, 40.866593 ], [ -73.87986, 40.868274 ], [ -73.877727, 40.869555 ], [ -73.876292, 40.870526 ], [ -73.874367, 40.872701 ], [ -73.872553, 40.875175 ], [ -73.870944, 40.878511 ], [ -73.870241, 40.88023 ], [ -73.87092, 40.880258 ], [ -73.871918, 40.880237 ], [ -73.874067, 40.880039 ], [ -73.875337, 40.881672 ], [ -73.876258, 40.881832 ], [ -73.87717, 40.881994 ], [ -73.878126, 40.882154 ], [ -73.877729, 40.883454 ], [ -73.877607, 40.884523 ], [ -73.877834, 40.886798 ], [ -73.87802, 40.88709 ], [ -73.879974, 40.884395 ], [ -73.881244, 40.88271 ], [ -73.882087, 40.883133 ], [ -73.88319, 40.883285 ], [ -73.885165, 40.883632 ], [ -73.887071, 40.8844 ], [ -73.887544, 40.884266 ], [ -73.888896, 40.884504 ], [ -73.889847, 40.884685 ], [ -73.890806, 40.884868 ], [ -73.891766, 40.88505 ], [ -73.892886, 40.885264 ], [ -73.894529, 40.885504 ], [ -73.8947, 40.885467 ], [ -73.89571, 40.885781 ], [ -73.896349, 40.885896 ], [ -73.898926, 40.886383 ], [ -73.89984, 40.886537 ], [ -73.897841, 40.890517 ], [ -73.897501, 40.892106 ], [ -73.896707, 40.895805 ], [ -73.896994, 40.897879 ], [ -73.89713, 40.899674 ], [ -73.897113, 40.899875 ], [ -73.897035, 40.900288 ], [ -73.896409, 40.902961 ], [ -73.896411, 40.904505 ], [ -73.896493, 40.906339 ], [ -73.896546, 40.907507 ], [ -73.896596, 40.909628 ], [ -73.896606, 40.910202 ], [ -73.896634, 40.911324 ], [ -73.892799, 40.910058 ], [ -73.891928, 40.909809 ], [ -73.891805, 40.909778 ], [ -73.887984, 40.908593 ], [ -73.886237, 40.908052 ], [ -73.88601, 40.907979 ], [ -73.885401, 40.907977 ], [ -73.884832, 40.907723 ], [ -73.884106, 40.907501 ], [ -73.882993, 40.907423 ], [ -73.881825, 40.907134 ], [ -73.880929, 40.90683 ], [ -73.880111, 40.906591 ], [ -73.879239, 40.906365 ], [ -73.87835, 40.905983 ], [ -73.878189, 40.905983 ], [ -73.878012, 40.905965 ], [ -73.877855, 40.905922 ], [ -73.874087, 40.904807 ], [ -73.872913, 40.904467 ], [ -73.867876, 40.902983 ], [ -73.868042, 40.902642 ], [ -73.871364, 40.900039 ], [ -73.873018, 40.899355 ], [ -73.875895, 40.897559 ], [ -73.876438, 40.896871 ], [ -73.87712, 40.895469 ], [ -73.874806, 40.895726 ], [ -73.870487, 40.89664 ], [ -73.866917, 40.896083 ], [ -73.864917, 40.89575 ], [ -73.864017, 40.895523 ], [ -73.863559, 40.895377 ], [ -73.862875, 40.895154 ], [ -73.861825, 40.894812 ], [ -73.86136, 40.894663 ], [ -73.862652, 40.891822 ], [ -73.863044, 40.891116 ], [ -73.864005, 40.889765 ], [ -73.8646, 40.8883 ], [ -73.86538, 40.886884 ], [ -73.865982, 40.884391 ], [ -73.867053, 40.882255 ], [ -73.868119, 40.880062 ], [ -73.868846, 40.878586 ], [ -73.869435, 40.878129 ], [ -73.870147, 40.876412 ], [ -73.870313, 40.875341 ], [ -73.870377, 40.873285 ], [ -73.870562, 40.871511 ], [ -73.870537, 40.869674 ], [ -73.870492, 40.867951 ], [ -73.870455, 40.866633 ], [ -73.870419, 40.865363 ], [ -73.870462, 40.863272 ], [ -73.870579, 40.861405 ], [ -73.870884, 40.858895 ], [ -73.871083, 40.857377 ], [ -73.868383, 40.857812 ], [ -73.869327, 40.856647 ], [ -73.869889, 40.855971 ], [ -73.869815, 40.855484 ], [ -73.869377, 40.854266 ], [ -73.868609, 40.852088 ], [ -73.868235, 40.850913 ], [ -73.869209, 40.849239 ], [ -73.869469, 40.84844 ], [ -73.871745, 40.844191 ], [ -73.874591, 40.841521 ], [ -73.876085, 40.842065 ], [ -73.876856, 40.84223 ], [ -73.877456, 40.842398 ], [ -73.878171, 40.842625 ], [ -73.877314, 40.844007 ], [ -73.878007, 40.844484 ], [ -73.879194, 40.845321 ], [ -73.881056, 40.846594 ], [ -73.881998, 40.847235 ], [ -73.882844, 40.847818 ], [ -73.882781, 40.84807 ] ] ] ] } },
{ "type": "Feature", "properties": { "nta_code": "MN01", "nta_name": "Marble Hill-Inwood", "boro_name": "Manhattan", "trees_2015": 1754, "trees_2005": 1032, "area_km2": 1.65, "density_2005": 625.5, "density_2015": 1063.0, "tree_change": 722, "pct_change": 70.0, "data_mode": "official", "generated_at": "2026-08-11T04:47:12.996138+00:00", "tree_source_year": 2015, "geography_vintage": 2010, "dataset_geography": "NTA2010", "tree_2005_unassigned_count": 24027, "tree_2005_mapping_coverage_pct": 95.9 }, "geometry": { "type": "Polygon", "coordinates": [ [ [ -73.913665, 40.871501 ], [ -73.91146, 40.873322 ], [ -73.910524, 40.874063 ], [ -73.912851, 40.874738 ], [ -73.9152, 40.875581 ], [ -73.914905, 40.876578 ], [ -73.910184, 40.879021 ], [ -73.909505, 40.878878 ], [ -73.909189, 40.878168 ], [ -73.908682, 40.877763 ], [ -73.908005, 40.877478 ], [ -73.907245, 40.876446 ], [ -73.907105, 40.876277 ], [ -73.907, 40.873455 ], [ -73.908605, 40.871678 ], [ -73.910851, 40.866528 ], [ -73.91434, 40.862521 ], [ -73.916975, 40.859909 ], [ -73.918206, 40.858679 ], [ -73.91929, 40.857475 ], [ -73.920005, 40.856679 ], [ -73.920273, 40.856234 ], [ -73.920958, 40.855112 ], [ -73.92216, 40.855607 ], [ -73.922929, 40.858941 ], [ -73.924715, 40.861552 ], [ -73.925373, 40.862582 ], [ -73.926011, 40.863575 ], [ -73.927301, 40.865536 ], [ -73.928057, 40.8662 ], [ -73.928722, 40.866743 ], [ -73.927002, 40.867951 ], [ -73.923821, 40.869018 ], [ -73.922343, 40.869459 ], [ -73.922145, 40.86915 ], [ -73.920897, 40.869877 ], [ -73.91925, 40.871011 ], [ -73.919671, 40.872076 ], [ -73.919458, 40.872249 ], [ -73.918459, 40.873022 ], [ -73.917176, 40.872499 ], [ -73.916278, 40.872116 ], [ -73.915056, 40.871603 ], [ -73.91415, 40.87122 ], [ -73.914009, 40.87116 ], [ -73.913665, 40.871501 ] ] ] } },
{ "type": "Feature", "properties": { "nta_code": "MN03", "nta_name": "Central Harlem North-Polo Grounds", "boro_name": "Manhattan", "trees_2015": 3515, "trees_2005": 2172, "area_km2": 2.41, "density_2005": 901.2, "density_2015": 1458.5, "tree_change": 1343, "pct_change": 61.8, "data_mode": "official", "generated_at": "2026-08-11T04:47:12.996138+00:00", "tree_source_year": 2015, "geography_vintage": 2010, "dataset_geography": "NTA2010", "tree_2005_unassigned_count": 24027, "tree_2005_mapping_coverage_pct": 95.9 }, "geometry": { "type": "Polygon", "coordinates": [ [ [ -73.95068, 40.810843 ], [ -73.952101, 40.811442 ], [ -73.951506, 40.812008 ], [ -73.950927, 40.812575 ], [ -73.95035, 40.813159 ], [ -73.949861, 40.8138 ], [ -73.949189, 40.814737 ], [ -73.948677, 40.815692 ], [ -73.948356, 40.816374 ], [ -73.948009, 40.817116 ], [ -73.947666, 40.817855 ], [ -73.947036, 40.819209 ], [ -73.946078, 40.821264 ], [ -73.945155, 40.820876 ], [ -73.942924, 40.82326 ], [ -73.940595, 40.826414 ], [ -73.939248, 40.828296 ], [ -73.938588, 40.829717 ], [ -73.940167, 40.830383 ], [ -73.939844, 40.831026 ], [ -73.939343, 40.831612 ], [ -73.938773, 40.832663 ], [ -73.937859, 40.833415 ], [ -73.935715, 40.835143 ], [ -73.935069, 40.835674 ], [ -73.934243, 40.83598 ], [ -73.934263, 40.835944 ], [ -73.933006, 40.835679 ], [ -73.933144, 40.834815 ], [ -73.933406, 40.833179 ], [ -73.932941, 40.828213 ], [ -73.932106, 40.819347 ], [ -73.933377, 40.819473 ], [ -73.934289, 40.819569 ], [ -73.933993, 40.817786 ], [ -73.935756, 40.815326 ], [ -73.936224, 40.81467 ], [ -73.936688, 40.814044 ], [ -73.937635, 40.812748 ], [ -73.938593, 40.811435 ], [ -73.939018, 40.810856 ], [ -73.937408, 40.810176 ], [ -73.935819, 40.809503 ], [ -73.936264, 40.808858 ], [ -73.93718, 40.807599 ], [ -73.937636, 40.806975 ], [ -73.938089, 40.806353 ], [ -73.938544, 40.80573 ], [ -73.940157, 40.806409 ], [ -73.941771, 40.807089 ], [ -73.944994, 40.808446 ], [ -73.947839, 40.809641 ], [ -73.95068, 40.810843 ] ] ] } },
{ "type": "Feature", "properties": { "nta_code": "MN04", "nta_name": "Hamilton Heights", "boro_name": "Manhattan", "trees_2015": 2407, "trees_2005": 1486, "area_km2": 1.49, "density_2005": 997.3, "density_2015": 1615.4, "tree_change": 921, "pct_change": 62.0, "data_mode": "official", "generated_at": "2026-08-11T04:47:12.996138+00:00", "tree_source_year": 2015, "geography_vintage": 2010, "dataset_geography": "NTA2010", "tree_2005_unassigned_count": 24027, "tree_2005_mapping_coverage_pct": 95.9 }, "geometry": { "type": "Polygon", "coordinates": [ [ [ -73.942924, 40.82326 ], [ -73.945155, 40.820876 ], [ -73.946078, 40.821264 ], [ -73.948083, 40.822108 ], [ -73.948541, 40.821487 ], [ -73.949921, 40.822073 ], [ -73.950377, 40.821445 ], [ -73.950829, 40.820829 ], [ -73.952911, 40.821697 ], [ -73.953676, 40.822019 ], [ -73.955737, 40.822887 ], [ -73.95634, 40.823092 ], [ -73.956953, 40.823361 ], [ -73.957241, 40.823487 ], [ -73.959192, 40.824342 ], [ -73.963657476541201, 40.826298376621303 ], [ -73.963182, 40.8269 ], [ -73.962349903972907, 40.828808394149299 ], [ -73.961451210606896, 40.830869527847497 ], [ -73.959918221647698, 40.834385404699496 ], [ -73.958611432707386, 40.837382496725496 ], [ -73.950403, 40.834372 ], [ -73.949342, 40.833982 ], [ -73.948905, 40.834066 ], [ -73.9485, 40.833842 ], [ -73.945824, 40.832766 ], [ -73.94298, 40.831568 ], [ -73.941368, 40.830891 ], [ -73.940346, 40.830458 ], [ -73.940167, 40.830383 ], [ -73.938588, 40.829717 ], [ -73.939248, 40.828296 ], [ -73.940595, 40.826414 ], [ -73.942924, 40.82326 ] ] ] } },
{ "type": "Feature", "properties": { "nta_code": "MN06", "nta_name": "Manhattanville", "boro_name": "Manhattan", "trees_2015": 913, "trees_2005": 566, "area_km2": 1.0, "density_2005": 566.0, "density_2015": 913.0, "tree_change": 347, "pct_change": 61.3, "data_mode": "official", "generated_at": "2026-08-11T04:47:12.996138+00:00", "tree_source_year": 2015, "geography_vintage": 2010, "dataset_geography": "NTA2010", "tree_2005_unassigned_count": 24027, "tree_2005_mapping_coverage_pct": 95.9 }, "geometry": { "type": "Polygon", "coordinates": [ [ [ -73.952101, 40.811442 ], [ -73.953544, 40.812051 ], [ -73.954081, 40.81228 ], [ -73.955707, 40.814144 ], [ -73.956269, 40.813375 ], [ -73.957546, 40.814834 ], [ -73.958292, 40.815687 ], [ -73.959493, 40.817007 ], [ -73.960687, 40.81751 ], [ -73.96102, 40.817649 ], [ -73.961583, 40.817908 ], [ -73.96179, 40.818025 ], [ -73.962067, 40.818099 ], [ -73.96298, 40.818512 ], [ -73.967982575439095, 40.820825802505702 ], [ -73.965986039711794, 40.823352031385099 ], [ -73.965092129063294, 40.824483102001601 ], [ -73.963657476541201, 40.826298376621303 ], [ -73.959192, 40.824342 ], [ -73.957241, 40.823487 ], [ -73.956953, 40.823361 ], [ -73.95634, 40.823092 ], [ -73.955737, 40.822887 ], [ -73.953676, 40.822019 ], [ -73.952911, 40.821697 ], [ -73.950829, 40.820829 ], [ -73.950377, 40.821445 ], [ -73.949921, 40.822073 ], [ -73.948541, 40.821487 ], [ -73.948083, 40.822108 ], [ -73.946078, 40.821264 ], [ -73.947036, 40.819209 ], [ -73.947666, 40.817855 ], [ -73.948009, 40.817116 ], [ -73.948356, 40.816374 ], [ -73.948677, 40.815692 ], [ -73.949189, 40.814737 ], [ -73.949861, 40.8138 ], [ -73.95035, 40.813159 ], [ -73.950927, 40.812575 ], [ -73.951506, 40.812008 ], [ -73.952101, 40.811442 ] ] ] } },
{ "type": "Feature", "properties": { "nta_code": "MN09", "nta_name": "Morningside Heights", "boro_name": "Manhattan", "trees_2015": 2751, "trees_2005": 1836, "area_km2": 1.88, "density_2005": 976.6, "density_2015": 1463.3, "tree_change": 915, "pct_change": 49.8, "data_mode": "official", "generated_at": "2026-08-11T04:47:12.996138+00:00", "tree_source_year": 2015, "geography_vintage": 2010, "dataset_geography": "NTA2010", "tree_2005_unassigned_count": 24027, "tree_2005_mapping_coverage_pct": 95.9 }, "geometry": { "type": "Polygon", "coordinates": [ [ [ -73.960037, 40.798038 ], [ -73.961478, 40.798654 ], [ -73.962869, 40.79924 ], [ -73.965711, 40.800437 ], [ -73.967878, 40.801354 ], [ -73.968584, 40.801636 ], [ -73.970047, 40.802265 ], [ -73.972356, 40.803172 ], [ -73.972899, 40.803383 ], [ -73.978854742559392, 40.805734479407299 ], [ -73.977169370401498, 40.808075802575196 ], [ -73.975096990328495, 40.810954758095292 ], [ -73.971227537681017, 40.816330211278007 ], [ -73.968082, 40.8207 ], [ -73.967982575439095, 40.820825802505702 ], [ -73.96298, 40.818512 ], [ -73.962067, 40.818099 ], [ -73.96179, 40.818025 ], [ -73.961583, 40.817908 ], [ -73.96102, 40.817649 ], [ -73.960687, 40.81751 ], [ -73.959493, 40.817007 ], [ -73.958292, 40.815687 ], [ -73.957546, 40.814834 ], [ -73.956269, 40.813375 ], [ -73.955707, 40.814144 ], [ -73.954081, 40.81228 ], [ -73.953544, 40.812051 ], [ -73.952101, 40.811442 ], [ -73.952591, 40.810765 ], [ -73.953079, 40.810094 ], [ -73.953277, 40.80988 ], [ -73.953576, 40.809477 ], [ -73.954966, 40.810064 ], [ -73.95543, 40.809429 ], [ -73.955884, 40.808802 ], [ -73.956344, 40.808174 ], [ -73.957266, 40.806916 ], [ -73.957722, 40.806291 ], [ -73.958182, 40.805597 ], [ -73.958254, 40.804714 ], [ -73.958204, 40.803894 ], [ -73.958249, 40.803107 ], [ -73.958688, 40.80247 ], [ -73.959647, 40.801156 ], [ -73.958195, 40.800553 ], [ -73.958619, 40.799977 ], [ -73.959077, 40.799352 ], [ -73.960037, 40.798038 ] ] ] } },
{ "type": "Feature", "properties": { "nta_code": "MN11", "nta_name": "Central Harlem South", "boro_name": "Manhattan", "trees_2015": 2670, "trees_2005": 1778, "area_km2": 1.34, "density_2005": 1326.9, "density_2015": 1992.5, "tree_change": 892, "pct_change": 50.2, "data_mode": "official", "generated_at": "2026-08-11T04:47:12.996138+00:00", "tree_source_year": 2015, "geography_vintage": 2010, "dataset_geography": "NTA2010", "tree_2005_unassigned_count": 24027, "tree_2005_mapping_coverage_pct": 95.9 }, "geometry": { "type": "Polygon", "coordinates": [ [ [ -73.952483, 40.798253 ], [ -73.955289, 40.799435 ], [ -73.957762, 40.800472 ], [ -73.958195, 40.800553 ], [ -73.959647, 40.801156 ], [ -73.958688, 40.80247 ], [ -73.958249, 40.803107 ], [ -73.958204, 40.803894 ], [ -73.958254, 40.804714 ], [ -73.958182, 40.805597 ], [ -73.957722, 40.806291 ], [ -73.957266, 40.806916 ], [ -73.956344, 40.808174 ], [ -73.955884, 40.808802 ], [ -73.95543, 40.809429 ], [ -73.954966, 40.810064 ], [ -73.953576, 40.809477 ], [ -73.953277, 40.80988 ], [ -73.953079, 40.810094 ], [ -73.952591, 40.810765 ], [ -73.952101, 40.811442 ], [ -73.95068, 40.810843 ], [ -73.947839, 40.809641 ], [ -73.944994, 40.808446 ], [ -73.941771, 40.807089 ], [ -73.942262, 40.806416 ], [ -73.942754, 40.805744 ], [ -73.944302, 40.806391 ], [ -73.944783, 40.805761 ], [ -73.945693, 40.804515 ], [ -73.946131, 40.803877 ], [ -73.944597, 40.803228 ], [ -73.945052, 40.802599 ], [ -73.945508, 40.801971 ], [ -73.945968, 40.801342 ], [ -73.946974, 40.799961 ], [ -73.948311, 40.798129 ], [ -73.948792, 40.797478 ], [ -73.949097, 40.797057 ], [ -73.94922, 40.79691 ], [ -73.952483, 40.798253 ] ] ] } },
{ "type": "Feature", "properties": { "nta_code": "MN12", "nta_name": "Upper West Side", "boro_name": "Manhattan", "trees_2015": 5881, "trees_2005": 5233, "area_km2": 3.2, "density_2005": 1635.3, "density_2015": 1837.8, "tree_change": 648, "pct_change": 12.4, "data_mode": "official", "generated_at": "2026-08-11T04:47:12.996138+00:00", "tree_source_year": 2015, "geography_vintage": 2010, "dataset_geography": "NTA2010", "tree_2005_unassigned_count": 24027, "tree_2005_mapping_coverage_pct": 95.9 }, "geometry": { "type": "Polygon", "coordinates": [ [ [ -73.974067, 40.778805 ], [ -73.974532, 40.778168 ], [ -73.974997, 40.777533 ], [ -73.977831, 40.77873 ], [ -73.980673, 40.779925 ], [ -73.981521, 40.780282 ], [ -73.983515, 40.781126 ], [ -73.985174, 40.781817 ], [ -73.98537, 40.781078 ], [ -73.985679, 40.780313 ], [ -73.986609, 40.780712 ], [ -73.987067, 40.780949 ], [ -73.987223, 40.781007 ], [ -73.987399, 40.781079 ], [ -73.98814, 40.781409 ], [ -73.990484, 40.782377 ], [ -73.99467361743001, 40.783758859334498 ], [ -73.991242091840306, 40.788525943166 ], [ -73.989894390288086, 40.790398173493799 ], [ -73.988054541203695, 40.792954096389693 ], [ -73.986181994136601, 40.795555443404098 ], [ -73.984308895501499, 40.798157556658097 ], [ -73.982483409789197, 40.800693525922 ], [ -73.980616389783094, 40.803287194729599 ], [ -73.978854742559392, 40.805734479407299 ], [ -73.972899, 40.803383 ], [ -73.972356, 40.803172 ], [ -73.970047, 40.802265 ], [ -73.968584, 40.801636 ], [ -73.967878, 40.801354 ], [ -73.965711, 40.800437 ], [ -73.962869, 40.79924 ], [ -73.961478, 40.798654 ], [ -73.960037, 40.798038 ], [ -73.960523, 40.797369 ], [ -73.96144, 40.796111 ], [ -73.962359, 40.794852 ], [ -73.962834, 40.794203 ], [ -73.963804, 40.792881 ], [ -73.964176, 40.792362 ], [ -73.964685, 40.791664 ], [ -73.965177, 40.790991 ], [ -73.965632, 40.790365 ], [ -73.966094, 40.789734 ], [ -73.966552, 40.789108 ], [ -73.96701, 40.788476 ], [ -73.96745, 40.787861 ], [ -73.967927, 40.787222 ], [ -73.968385, 40.786596 ], [ -73.968844, 40.785967 ], [ -73.969335, 40.785294 ], [ -73.969832, 40.784611 ], [ -73.970301, 40.783975 ], [ -73.97076, 40.78334 ], [ -73.971223, 40.782706 ], [ -73.971724, 40.782021 ], [ -73.973571, 40.779478 ], [ -73.974067, 40.778805 ] ] ] } },
{ "type": "Feature", "properties": { "nta_code": "MN13", "nta_name": "Hudson Yards-Chelsea-Flat Iron-Union Square", "boro_name": "Manhattan", "trees_2015": 2988, "trees_2005": 2210, "area_km2": 3.45, "density_2005": 640.6, "density_2015": 866.1, "tree_change": 778, "pct_change": 35.2, "data_mode": "official", "generated_at": "2026-08-11T04:47:12.996138+00:00", "tree_source_year": 2015, "geography_vintage": 2010, "dataset_geography": "NTA2010", "tree_2005_unassigned_count": 24027, "tree_2005_mapping_coverage_pct": 95.9 }, "geometry": { "type": "Polygon", "coordinates": [ [ [ -73.999684, 40.738552 ], [ -74.002523, 40.739753 ], [ -74.005158, 40.740858 ], [ -74.005366, 40.740945 ], [ -74.008205, 40.742144 ], [ -74.00881, 40.742378 ], [ -74.009331, 40.742572 ], [ -74.016923327560789, 40.7441070499749 ], [ -74.013784, 40.756601 ], [ -74.009851728778301, 40.762584890989594 ], [ -74.009184, 40.763601 ], [ -74.008281252067192, 40.764855099659698 ], [ -74.001716, 40.762208 ], [ -74.001163, 40.762021 ], [ -73.998315, 40.760823 ], [ -73.995474, 40.759627 ], [ -73.997306, 40.75711 ], [ -73.995757, 40.756429 ], [ -73.995349, 40.756242 ], [ -73.994468, 40.755909 ], [ -73.991633, 40.754707 ], [ -73.992079, 40.754091 ], [ -73.992528, 40.753474 ], [ -73.992979, 40.752854 ], [ -73.993464, 40.75219 ], [ -73.994844, 40.750293 ], [ -73.995299, 40.749671 ], [ -73.995749, 40.749052 ], [ -73.996196, 40.74844 ], [ -73.997099, 40.747205 ], [ -73.994262, 40.746004 ], [ -73.991419, 40.744802 ], [ -73.990518, 40.746038 ], [ -73.987298, 40.744682 ], [ -73.985696, 40.744008 ], [ -73.984078, 40.743326 ], [ -73.984529, 40.742708 ], [ -73.985879, 40.740853 ], [ -73.986366, 40.740187 ], [ -73.986849, 40.739522 ], [ -73.987302, 40.738903 ], [ -73.987726, 40.738317 ], [ -73.988159, 40.737732 ], [ -73.988578, 40.737147 ], [ -73.989045, 40.736546 ], [ -73.990021, 40.735232 ], [ -73.989938, 40.734473 ], [ -73.990754, 40.734839 ], [ -73.991692, 40.735204 ], [ -73.993617, 40.736005 ], [ -73.99684, 40.737361 ], [ -73.999684, 40.738552 ] ] ] } },
{ "type": "Feature", "properties": { "nta_code": "MN14", "nta_name": "Lincoln Square", "boro_name": "Manhattan", "trees_2015": 2065, "trees_2005": 1828, "area_km2": 1.5, "density_2005": 1218.7, "density_2015": 1376.7, "tree_change": 237, "pct_change": 13.0, "data_mode": "official", "generated_at": "2026-08-11T04:47:12.996138+00:00", "tree_source_year": 2015, "geography_vintage": 2010, "dataset_geography": "NTA2010", "tree_2005_unassigned_count": 24027, "tree_2005_mapping_coverage_pct": 95.9 }, "geometry": { "type": "Polygon", "coordinates": [ [ [ -73.981362, 40.767837 ], [ -73.98151, 40.767704 ], [ -73.981634, 40.767645 ], [ -73.981818, 40.76761 ], [ -73.982152, 40.767681 ], [ -73.98238, 40.7674 ], [ -73.985218, 40.768595 ], [ -73.988063, 40.769791 ], [ -73.990913, 40.770988 ], [ -73.9937, 40.772166 ], [ -73.99334, 40.772727 ], [ -73.993836, 40.772825 ], [ -73.996142, 40.773831 ], [ -73.995969, 40.774012 ], [ -73.996251, 40.77402 ], [ -73.996735, 40.774234 ], [ -73.996783, 40.774416 ], [ -74.000222888101092, 40.776049798800898 ], [ -73.997608360215594, 40.779681907402299 ], [ -73.995586823562306, 40.782490231118096 ], [ -73.99467361743001, 40.783758859334498 ], [ -73.990484, 40.782377 ], [ -73.98814, 40.781409 ], [ -73.987399, 40.781079 ], [ -73.987223, 40.781007 ], [ -73.987067, 40.780949 ], [ -73.986609, 40.780712 ], [ -73.985679, 40.780313 ], [ -73.98537, 40.781078 ], [ -73.985174, 40.781817 ], [ -73.983515, 40.781126 ], [ -73.981521, 40.780282 ], [ -73.980673, 40.779925 ], [ -73.977831, 40.77873 ], [ -73.974997, 40.777533 ], [ -73.975461, 40.776899 ], [ -73.975955, 40.77622 ], [ -73.976458, 40.775533 ], [ -73.976912, 40.774909 ], [ -73.97737, 40.774281 ], [ -73.977827, 40.773656 ], [ -73.978281, 40.773031 ], [ -73.978728, 40.772417 ], [ -73.979193, 40.771782 ], [ -73.979652, 40.771156 ], [ -73.980112, 40.770529 ], [ -73.980564, 40.769905 ], [ -73.981023, 40.769272 ], [ -73.981648, 40.768436 ], [ -73.98133, 40.768195 ], [ -73.981362, 40.767837 ] ] ] } },
{ "type": "Feature", "properties": { "nta_code": "MN15", "nta_name": "Clinton", "boro_name": "Manhattan", "trees_2015": 2008, "trees_2005": 1602, "area_km2": 1.71, "density_2005": 936.8, "density_2015": 1174.3, "tree_change": 406, "pct_change": 25.3, "data_mode": "official", "generated_at": "2026-08-11T04:47:12.996138+00:00", "tree_source_year": 2015, "geography_vintage": 2010, "dataset_geography": "NTA2010", "tree_2005_unassigned_count": 24027, "tree_2005_mapping_coverage_pct": 95.9 }, "geometry": { "type": "Polygon", "coordinates": [ [ [ -73.995757, 40.756429 ], [ -73.997306, 40.75711 ], [ -73.995474, 40.759627 ], [ -73.998315, 40.760823 ], [ -74.001163, 40.762021 ], [ -74.001716, 40.762208 ], [ -74.008281252067192, 40.764855099659698 ], [ -74.004378718434097, 40.770276509029493 ], [ -74.000222888101092, 40.776049798800898 ], [ -73.996783, 40.774416 ], [ -73.996735, 40.774234 ], [ -73.996251, 40.77402 ], [ -73.995969, 40.774012 ], [ -73.996142, 40.773831 ], [ -73.993836, 40.772825 ], [ -73.99334, 40.772727 ], [ -73.9937, 40.772166 ], [ -73.990913, 40.770988 ], [ -73.988063, 40.769791 ], [ -73.985218, 40.768595 ], [ -73.98238, 40.7674 ], [ -73.982877, 40.766715 ], [ -73.983367, 40.766045 ], [ -73.983822, 40.765418 ], [ -73.984283, 40.764792 ], [ -73.984734, 40.76417 ], [ -73.985192, 40.763543 ], [ -73.985647, 40.762915 ], [ -73.986104, 40.76229 ], [ -73.986561, 40.76166 ], [ -73.987015, 40.761038 ], [ -73.987927, 40.759791 ], [ -73.988391, 40.759164 ], [ -73.988842, 40.758533 ], [ -73.989297, 40.757907 ], [ -73.989791, 40.757234 ], [ -73.990276, 40.756567 ], [ -73.991177, 40.75533 ], [ -73.991633, 40.754707 ], [ -73.994468, 40.755909 ], [ -73.995349, 40.756242 ], [ -73.995757, 40.756429 ] ] ] } },
{ "type": "Feature", "properties": { "nta_code": "MN17", "nta_name": "Midtown-Midtown South", "boro_name": "Manhattan", "trees_2015": 1196, "trees_2005": 1142, "area_km2": 2.8, "density_2005": 407.9, "density_2015": 427.1, "tree_change": 54, "pct_change": 4.7, "data_mode": "official", "generated_at": "2026-08-11T04:47:12.996138+00:00", "tree_source_year": 2015, "geography_vintage": 2010, "dataset_geography": "NTA2010", "tree_2005_unassigned_count": 24027, "tree_2005_mapping_coverage_pct": 95.9 }, "geometry": { "type": "Polygon", "coordinates": [ [ [ -73.990518, 40.746038 ], [ -73.991419, 40.744802 ], [ -73.994262, 40.746004 ], [ -73.997099, 40.747205 ], [ -73.996196, 40.74844 ], [ -73.995749, 40.749052 ], [ -73.995299, 40.749671 ], [ -73.994844, 40.750293 ], [ -73.993464, 40.75219 ], [ -73.992979, 40.752854 ], [ -73.992528, 40.753474 ], [ -73.992079, 40.754091 ], [ -73.991633, 40.754707 ], [ -73.991177, 40.75533 ], [ -73.990276, 40.756567 ], [ -73.989791, 40.757234 ], [ -73.989297, 40.757907 ], [ -73.988842, 40.758533 ], [ -73.988391, 40.759164 ], [ -73.987927, 40.759791 ], [ -73.987015, 40.761038 ], [ -73.986561, 40.76166 ], [ -73.986104, 40.76229 ], [ -73.985647, 40.762915 ], [ -73.985192, 40.763543 ], [ -73.984734, 40.76417 ], [ -73.984283, 40.764792 ], [ -73.983822, 40.765418 ], [ -73.983367, 40.766045 ], [ -73.982877, 40.766715 ], [ -73.98238, 40.7674 ], [ -73.982152, 40.767681 ], [ -73.981818, 40.76761 ], [ -73.981634, 40.767645 ], [ -73.98151, 40.767704 ], [ -73.981362, 40.767837 ], [ -73.979076, 40.766876 ], [ -73.976234, 40.765675 ], [ -73.973015, 40.764279 ], [ -73.971411, 40.763588 ], [ -73.969801, 40.762914 ], [ -73.970258, 40.762288 ], [ -73.97075, 40.761609 ], [ -73.971243, 40.760937 ], [ -73.971696, 40.760312 ], [ -73.974439, 40.756556 ], [ -73.975352, 40.755303 ], [ -73.975807, 40.754678 ], [ -73.976516, 40.754974 ], [ -73.97837, 40.752416 ], [ -73.980888, 40.753481 ], [ -73.981822, 40.752197 ], [ -73.982724, 40.750959 ], [ -73.983174, 40.750342 ], [ -73.983621, 40.749724 ], [ -73.984076, 40.749102 ], [ -73.982473, 40.748432 ], [ -73.980853, 40.747751 ], [ -73.981361, 40.747145 ], [ -73.981833, 40.746417 ], [ -73.982727, 40.745181 ], [ -73.983627, 40.743945 ], [ -73.984078, 40.743326 ], [ -73.985696, 40.744008 ], [ -73.987298, 40.744682 ], [ -73.990518, 40.746038 ] ] ] } },
{ "type": "Feature", "properties": { "nta_code": "MN19", "nta_name": "Turtle Bay-East Midtown", "boro_name": "Manhattan", "trees_2015": 2253, "trees_2005": 2084, "area_km2": 1.66, "density_2005": 1255.4, "density_2015": 1357.2, "tree_change": 169, "pct_change": 8.1, "data_mode": "official", "generated_at": "2026-08-11T04:47:12.996138+00:00", "tree_source_year": 2015, "geography_vintage": 2010, "dataset_geography": "NTA2010", "tree_2005_unassigned_count": 24027, "tree_2005_mapping_coverage_pct": 95.9 }, "geometry": { "type": "Polygon", "coordinates": [ [ [ -73.976048, 40.751441 ], [ -73.977677, 40.752119 ], [ -73.97837, 40.752416 ], [ -73.976516, 40.754974 ], [ -73.975807, 40.754678 ], [ -73.975352, 40.755303 ], [ -73.974439, 40.756556 ], [ -73.971696, 40.760312 ], [ -73.971243, 40.760937 ], [ -73.97075, 40.761609 ], [ -73.970258, 40.762288 ], [ -73.969801, 40.762914 ], [ -73.968187, 40.762227 ], [ -73.966583, 40.761552 ], [ -73.964332, 40.760603 ], [ -73.961966, 40.759619 ], [ -73.959722, 40.758663 ], [ -73.959072, 40.758398 ], [ -73.958729, 40.758166 ], [ -73.958599, 40.758133 ], [ -73.958207, 40.758528 ], [ -73.955462, 40.757316 ], [ -73.958614, 40.753848 ], [ -73.96156, 40.749458 ], [ -73.961582, 40.749415 ], [ -73.957236, 40.74756 ], [ -73.9583, 40.745731 ], [ -73.959941, 40.74439 ], [ -73.961544, 40.743081 ], [ -73.962503, 40.739322 ], [ -73.971566, 40.742993 ], [ -73.972122, 40.743159 ], [ -73.972254, 40.743212 ], [ -73.973512, 40.743782 ], [ -73.972576, 40.745068 ], [ -73.972122, 40.745685 ], [ -73.971679, 40.746297 ], [ -73.97122, 40.746922 ], [ -73.973592, 40.747919 ], [ -73.97497, 40.748502 ], [ -73.975835, 40.748863 ], [ -73.975383, 40.749483 ], [ -73.974935, 40.7501 ], [ -73.974449, 40.750766 ], [ -73.976048, 40.751441 ] ] ] } },
{ "type": "Feature", "properties": { "nta_code": "MN20", "nta_name": "Murray Hill-Kips Bay", "boro_name": "Manhattan", "trees_2015": 1746, "trees_2005": 1623, "area_km2": 1.36, "density_2005": 1193.4, "density_2015": 1283.8, "tree_change": 123, "pct_change": 7.6, "data_mode": "official", "generated_at": "2026-08-11T04:47:12.996138+00:00", "tree_source_year": 2015, "geography_vintage": 2010, "dataset_geography": "NTA2010", "tree_2005_unassigned_count": 24027, "tree_2005_mapping_coverage_pct": 95.9 }, "geometry": { "type": "Polygon", "coordinates": [ [ [ -73.971566, 40.742993 ], [ -73.962503, 40.739322 ], [ -73.962703, 40.738303 ], [ -73.962795, 40.737674 ], [ -73.962549, 40.733542 ], [ -73.962057, 40.73153 ], [ -73.961741, 40.730789 ], [ -73.961572, 40.730064 ], [ -73.973116, 40.734782 ], [ -73.974076, 40.735079 ], [ -73.974648, 40.735083 ], [ -73.975142, 40.73541 ], [ -73.978525, 40.736858 ], [ -73.978052, 40.737554 ], [ -73.980418, 40.73855 ], [ -73.982665, 40.739497 ], [ -73.982211, 40.740115 ], [ -73.981762, 40.740733 ], [ -73.981312, 40.741351 ], [ -73.980859, 40.74197 ], [ -73.982462, 40.742645 ], [ -73.984078, 40.743326 ], [ -73.983627, 40.743945 ], [ -73.982727, 40.745181 ], [ -73.981833, 40.746417 ], [ -73.981361, 40.747145 ], [ -73.980853, 40.747751 ], [ -73.982473, 40.748432 ], [ -73.984076, 40.749102 ], [ -73.983621, 40.749724 ], [ -73.983174, 40.750342 ], [ -73.982724, 40.750959 ], [ -73.981822, 40.752197 ], [ -73.980888, 40.753481 ], [ -73.97837, 40.752416 ], [ -73.977677, 40.752119 ], [ -73.976048, 40.751441 ], [ -73.974449, 40.750766 ], [ -73.974935, 40.7501 ], [ -73.975383, 40.749483 ], [ -73.975835, 40.748863 ], [ -73.97497, 40.748502 ], [ -73.973592, 40.747919 ], [ -73.97122, 40.746922 ], [ -73.971679, 40.746297 ], [ -73.972122, 40.745685 ], [ -73.972576, 40.745068 ], [ -73.973512, 40.743782 ], [ -73.972254, 40.743212 ], [ -73.972122, 40.743159 ], [ -73.971566, 40.742993 ] ] ] } },
{ "type": "Feature", "properties": { "nta_code": "MN21", "nta_name": "Gramercy", "boro_name": "Manhattan", "trees_2015": 1172, "trees_2005": 1097, "area_km2": 0.69, "density_2005": 1589.9, "density_2015": 1698.6, "tree_change": 75, "pct_change": 6.8, "data_mode": "official", "generated_at": "2026-08-11T04:47:12.996138+00:00", "tree_source_year": 2015, "geography_vintage": 2010, "dataset_geography": "NTA2010", "tree_2005_unassigned_count": 24027, "tree_2005_mapping_coverage_pct": 95.9 }, "geometry": { "type": "Polygon", "coordinates": [ [ [ -73.982564, 40.731361 ], [ -73.984941, 40.732347 ], [ -73.98718, 40.733292 ], [ -73.988779, 40.733966 ], [ -73.989938, 40.734473 ], [ -73.990021, 40.735232 ], [ -73.989045, 40.736546 ], [ -73.988578, 40.737147 ], [ -73.988159, 40.737732 ], [ -73.987726, 40.738317 ], [ -73.987302, 40.738903 ], [ -73.986849, 40.739522 ], [ -73.986366, 40.740187 ], [ -73.985879, 40.740853 ], [ -73.984529, 40.742708 ], [ -73.984078, 40.743326 ], [ -73.982462, 40.742645 ], [ -73.980859, 40.74197 ], [ -73.981312, 40.741351 ], [ -73.981762, 40.740733 ], [ -73.982211, 40.740115 ], [ -73.982665, 40.739497 ], [ -73.980418, 40.73855 ], [ -73.978052, 40.737554 ], [ -73.978525, 40.736858 ], [ -73.978971, 40.736176 ], [ -73.979439, 40.73559 ], [ -73.979864, 40.734975 ], [ -73.980275, 40.73441 ], [ -73.980711, 40.733813 ], [ -73.981127, 40.733242 ], [ -73.981562, 40.732643 ], [ -73.982022, 40.732012 ], [ -73.982564, 40.731361 ] ] ] } },
{ "type": "Feature", "properties": { "nta_code": "MN22", "nta_name": "East Village", "boro_name": "Manhattan", "trees_2015": 1575, "trees_2005": 1306, "area_km2": 1.01, "density_2005": 1293.1, "density_2015": 1559.4, "tree_change": 269, "pct_change": 20.6, "data_mode": "official", "generated_at": "2026-08-11T04:47:12.996138+00:00", "tree_source_year": 2015, "geography_vintage": 2010, "dataset_geography": "NTA2010", "tree_2005_unassigned_count": 24027, "tree_2005_mapping_coverage_pct": 95.9 }, "geometry": { "type": "Polygon", "coordinates": [ [ [ -73.984678, 40.72173 ], [ -73.985516, 40.721985 ], [ -73.986285, 40.722242 ], [ -73.987136, 40.722469 ], [ -73.987865, 40.722697 ], [ -73.988643, 40.722933 ], [ -73.989392, 40.723174 ], [ -73.990274, 40.723426 ], [ -73.992604, 40.724136 ], [ -73.992326, 40.724909 ], [ -73.992209, 40.725231 ], [ -73.992061, 40.725642 ], [ -73.991794, 40.726391 ], [ -73.991548, 40.727089 ], [ -73.991285, 40.727762 ], [ -73.990757, 40.729741 ], [ -73.990722, 40.729897 ], [ -73.990505, 40.730565 ], [ -73.99039, 40.731289 ], [ -73.990212, 40.731996 ], [ -73.990027, 40.732756 ], [ -73.989835, 40.733868 ], [ -73.989938, 40.734473 ], [ -73.988779, 40.733966 ], [ -73.98718, 40.733292 ], [ -73.984941, 40.732347 ], [ -73.982564, 40.731361 ], [ -73.980338, 40.730448 ], [ -73.978001, 40.729429 ], [ -73.978536, 40.728746 ], [ -73.978998, 40.728106 ], [ -73.979469, 40.727468 ], [ -73.979906, 40.726866 ], [ -73.980333, 40.726281 ], [ -73.980768, 40.725685 ], [ -73.981211, 40.725073 ], [ -73.981637, 40.724494 ], [ -73.982083, 40.723882 ], [ -73.982524, 40.723278 ], [ -73.982964, 40.722671 ], [ -73.983444, 40.722019 ], [ -73.983824, 40.721473 ], [ -73.984678, 40.72173 ] ] ] } },
{ "type": "Feature", "properties": { "nta_code": "MN23", "nta_name": "West Village", "boro_name": "Manhattan", "trees_2015": 3837, "trees_2005": 3078, "area_km2": 2.36, "density_2005": 1304.2, "density_2015": 1625.8, "tree_change": 759, "pct_change": 24.7, "data_mode": "official", "generated_at": "2026-08-11T04:47:12.996138+00:00", "tree_source_year": 2015, "geography_vintage": 2010, "dataset_geography": "NTA2010", "tree_2005_unassigned_count": 24027, "tree_2005_mapping_coverage_pct": 95.9 }, "geometry": { "type": "Polygon", "coordinates": [ [ [ -74.008593, 40.728915 ], [ -74.010722, 40.729047 ], [ -74.010799, 40.728196 ], [ -74.011376, 40.728233 ], [ -74.014886, 40.728495 ], [ -74.020715415262089, 40.729015233873199 ], [ -74.01977669977019, 40.732751149994002 ], [ -74.018871216874786, 40.736354806453697 ], [ -74.017788551537691, 40.740663616653798 ], [ -74.016923327560789, 40.7441070499749 ], [ -74.009331, 40.742572 ], [ -74.00881, 40.742378 ], [ -74.008205, 40.742144 ], [ -74.005366, 40.740945 ], [ -74.005158, 40.740858 ], [ -74.002523, 40.739753 ], [ -73.999684, 40.738552 ], [ -73.99684, 40.737361 ], [ -73.993617, 40.736005 ], [ -73.991692, 40.735204 ], [ -73.990754, 40.734839 ], [ -73.989938, 40.734473 ], [ -73.989835, 40.733868 ], [ -73.990027, 40.732756 ], [ -73.990212, 40.731996 ], [ -73.99039, 40.731289 ], [ -73.990505, 40.730565 ], [ -73.990722, 40.729897 ], [ -73.990757, 40.729741 ], [ -73.991285, 40.727762 ], [ -73.991548, 40.727089 ], [ -73.991794, 40.726391 ], [ -73.992061, 40.725642 ], [ -73.992209, 40.725231 ], [ -73.992326, 40.724909 ], [ -73.992604, 40.724136 ], [ -73.993458, 40.724433 ], [ -73.99418, 40.724693 ], [ -73.994908, 40.724951 ], [ -73.995329, 40.725084 ], [ -73.996772, 40.725432 ], [ -73.99761, 40.725797 ], [ -73.999916, 40.726935 ], [ -74.000632, 40.727287 ], [ -74.00139, 40.72766 ], [ -74.002149, 40.728036 ], [ -74.002808, 40.728365 ], [ -74.003128, 40.728394 ], [ -74.005314, 40.728605 ], [ -74.00709, 40.728772 ], [ -74.008593, 40.728915 ] ] ] } },
{ "type": "Feature", "properties": { "nta_code": "MN24", "nta_name": "SoHo-TriBeCa-Civic Center-Little Italy", "boro_name": "Manhattan", "trees_2015": 2215, "trees_2005": 1584, "area_km2": 2.35, "density_2005": 674.0, "density_2015": 942.6, "tree_change": 631, "pct_change": 39.8, "data_mode": "official", "generated_at": "2026-08-11T04:47:12.996138+00:00", "tree_source_year": 2015, "geography_vintage": 2010, "dataset_geography": "NTA2010", "tree_2005_unassigned_count": 24027, "tree_2005_mapping_coverage_pct": 95.9 }, "geometry": { "type": "Polygon", "coordinates": [ [ [ -74.012544, 40.713179 ], [ -74.013754, 40.71369 ], [ -74.013234, 40.715656 ], [ -74.012894, 40.71719 ], [ -74.012441, 40.719058 ], [ -74.013046, 40.719086 ], [ -74.016864, 40.719611 ], [ -74.022465620888894, 40.720338905369601 ], [ -74.021492710004793, 40.725445125628504 ], [ -74.021117, 40.727417 ], [ -74.020715415262089, 40.729015233873199 ], [ -74.014886, 40.728495 ], [ -74.011376, 40.728233 ], [ -74.010799, 40.728196 ], [ -74.010722, 40.729047 ], [ -74.008593, 40.728915 ], [ -74.00709, 40.728772 ], [ -74.005314, 40.728605 ], [ -74.003128, 40.728394 ], [ -74.002808, 40.728365 ], [ -74.002149, 40.728036 ], [ -74.00139, 40.72766 ], [ -74.000632, 40.727287 ], [ -73.999916, 40.726935 ], [ -73.99761, 40.725797 ], [ -73.996772, 40.725432 ], [ -73.995329, 40.725084 ], [ -73.994908, 40.724951 ], [ -73.99418, 40.724693 ], [ -73.993458, 40.724433 ], [ -73.992604, 40.724136 ], [ -73.993259, 40.722353 ], [ -73.993523, 40.721632 ], [ -73.993795, 40.720937 ], [ -73.994035, 40.720323 ], [ -73.994378, 40.719519 ], [ -73.994422, 40.719392 ], [ -73.994808, 40.718457 ], [ -73.996078, 40.716196 ], [ -73.996984, 40.716541 ], [ -73.997763, 40.716814 ], [ -73.998589, 40.717099 ], [ -73.999313, 40.71755 ], [ -73.999956, 40.718017 ], [ -74.000274, 40.717619 ], [ -74.000818, 40.71693 ], [ -74.002115, 40.715159 ], [ -74.002749, 40.714489 ], [ -74.003115, 40.714082 ], [ -74.00492, 40.712262 ], [ -74.005358, 40.712151 ], [ -74.006099, 40.711925 ], [ -74.008614, 40.711372 ], [ -74.010153, 40.712064 ], [ -74.011691, 40.712776 ], [ -74.012544, 40.713179 ] ] ] } },
{ "type": "Feature", "properties": { "nta_code": "MN25", "nta_name": "Battery Park City-Lower Manhattan", "boro_name": "Manhattan", "trees_2015": 1311, "trees_2005": 959, "area_km2": 1.94, "density_2005": 494.3, "density_2015": 675.8, "tree_change": 352, "pct_change": 36.7, "data_mode": "official", "generated_at": "2026-08-11T04:47:12.996138+00:00", "tree_source_year": 2015, "geography_vintage": 2010, "dataset_geography": "NTA2010", "tree_2005_unassigned_count": 24027, "tree_2005_mapping_coverage_pct": 95.9 }, "geometry": { "type": "Polygon", "coordinates": [ [ [ -73.999187, 40.697278 ], [ -73.999246, 40.697148 ], [ -73.999608, 40.696575 ], [ -73.999651, 40.696479 ], [ -73.999946, 40.696047 ], [ -74.000424, 40.694995 ], [ -74.000446, 40.694947 ], [ -74.000621, 40.694012 ], [ -74.000625, 40.693991 ], [ -74.003499, 40.694954 ], [ -74.003109, 40.695534 ], [ -74.011559, 40.698666 ], [ -74.013371, 40.699142 ], [ -74.013406, 40.699351 ], [ -74.013583, 40.700371 ], [ -74.014259, 40.704556 ], [ -74.015317, 40.70467 ], [ -74.016542, 40.704733 ], [ -74.017158, 40.704306 ], [ -74.018073416310401, 40.704218194616999 ], [ -74.018123778868102, 40.7043140963019 ], [ -74.018190680573383, 40.704441492259299 ], [ -74.0183696847634, 40.704782356667401 ], [ -74.019485530438502, 40.706907178860099 ], [ -74.019487845216403, 40.706911586720096 ], [ -74.019526340230698, 40.706984889921799 ], [ -74.024543, 40.709436 ], [ -74.023858655470008, 40.713027710155899 ], [ -74.022465620888894, 40.720338905369601 ], [ -74.016864, 40.719611 ], [ -74.013046, 40.719086 ], [ -74.012441, 40.719058 ], [ -74.012894, 40.71719 ], [ -74.013234, 40.715656 ], [ -74.013754, 40.71369 ], [ -74.012544, 40.713179 ], [ -74.011691, 40.712776 ], [ -74.010153, 40.712064 ], [ -74.008614, 40.711372 ], [ -74.006099, 40.711925 ], [ -74.005358, 40.712151 ], [ -74.003662, 40.711487 ], [ -74.003355, 40.71123 ], [ -74.0015, 40.709718 ], [ -74.000345, 40.708832 ], [ -74.000031, 40.708629 ], [ -73.999888, 40.708494 ], [ -73.999544, 40.708289 ], [ -73.999067, 40.707941 ], [ -73.99814, 40.707058 ], [ -73.994648, 40.704135 ], [ -73.995523, 40.703258 ], [ -73.995627, 40.702891 ], [ -73.995657, 40.702851 ], [ -73.997641, 40.700156 ], [ -73.99793, 40.699581 ], [ -73.997945, 40.69955 ], [ -73.998346, 40.698946 ], [ -73.998409, 40.698834 ], [ -73.998789, 40.698149 ], [ -73.998846, 40.698046 ], [ -73.999187, 40.697278 ] ] ] } },
{ "type": "Feature", "properties": { "nta_code": "MN27", "nta_name": "Chinatown", "boro_name": "Manhattan", "trees_2015": 1474, "trees_2005": 681, "area_km2": 1.35, "density_2005": 504.4, "density_2015": 1091.9, "tree_change": 793, "pct_change": 116.4, "data_mode": "official", "generated_at": "2026-08-11T04:47:12.996138+00:00", "tree_source_year": 2015, "geography_vintage": 2010, "dataset_geography": "NTA2010", "tree_2005_unassigned_count": 24027, "tree_2005_mapping_coverage_pct": 95.9 }, "geometry": { "type": "Polygon", "coordinates": [ [ [ -73.992418, 40.71319 ], [ -73.992309, 40.712464 ], [ -73.991772, 40.709811 ], [ -73.991896, 40.709535 ], [ -73.991419, 40.708454 ], [ -73.989519, 40.705118 ], [ -73.993655, 40.704702 ], [ -73.994588, 40.704194 ], [ -73.994648, 40.704135 ], [ -73.99814, 40.707058 ], [ -73.999067, 40.707941 ], [ -73.999544, 40.708289 ], [ -73.999888, 40.708494 ], [ -74.000031, 40.708629 ], [ -74.000345, 40.708832 ], [ -74.0015, 40.709718 ], [ -74.003355, 40.71123 ], [ -74.003662, 40.711487 ], [ -74.005358, 40.712151 ], [ -74.00492, 40.712262 ], [ -74.003115, 40.714082 ], [ -74.002749, 40.714489 ], [ -74.002115, 40.715159 ], [ -74.000818, 40.71693 ], [ -74.000274, 40.717619 ], [ -73.999956, 40.718017 ], [ -73.999313, 40.71755 ], [ -73.998589, 40.717099 ], [ -73.997763, 40.716814 ], [ -73.996984, 40.716541 ], [ -73.996078, 40.716196 ], [ -73.994808, 40.718457 ], [ -73.994422, 40.719392 ], [ -73.994378, 40.719519 ], [ -73.994035, 40.720323 ], [ -73.993795, 40.720937 ], [ -73.993523, 40.721632 ], [ -73.993259, 40.722353 ], [ -73.992604, 40.724136 ], [ -73.990274, 40.723426 ], [ -73.989392, 40.723174 ], [ -73.988643, 40.722933 ], [ -73.987865, 40.722697 ], [ -73.987136, 40.722469 ], [ -73.986285, 40.722242 ], [ -73.985516, 40.721985 ], [ -73.984678, 40.72173 ], [ -73.983824, 40.721473 ], [ -73.984477, 40.720235 ], [ -73.985074, 40.719083 ], [ -73.985911, 40.719339 ], [ -73.986752, 40.719593 ], [ -73.987426, 40.71829 ], [ -73.987879, 40.717409 ], [ -73.988367, 40.716446 ], [ -73.989155, 40.716708 ], [ -73.989754, 40.715553 ], [ -73.990202, 40.714665 ], [ -73.99022, 40.714405 ], [ -73.990755, 40.714554 ], [ -73.991225, 40.714487 ], [ -73.992562, 40.714388 ], [ -73.992418, 40.71319 ] ] ] } },
{ "type": "Feature", "properties": { "nta_code": "MN28", "nta_name": "Lower East Side", "boro_name": "Manhattan", "trees_2015": 1943, "trees_2005": 1038, "area_km2": 2.17, "density_2005": 478.3, "density_2015": 895.4, "tree_change": 905, "pct_change": 87.2, "data_mode": "official", "generated_at": "2026-08-11T04:47:12.996138+00:00", "tree_source_year": 2015, "geography_vintage": 2010, "dataset_geography": "NTA2010", "tree_2005_unassigned_count": 24027, "tree_2005_mapping_coverage_pct": 95.9 }, "geometry": { "type": "Polygon", "coordinates": [ [ [ -73.986191, 40.704812 ], [ -73.987546, 40.704747 ], [ -73.989519, 40.705118 ], [ -73.991419, 40.708454 ], [ -73.991896, 40.709535 ], [ -73.991772, 40.709811 ], [ -73.992309, 40.712464 ], [ -73.992418, 40.71319 ], [ -73.992562, 40.714388 ], [ -73.991225, 40.714487 ], [ -73.990755, 40.714554 ], [ -73.99022, 40.714405 ], [ -73.990202, 40.714665 ], [ -73.989754, 40.715553 ], [ -73.989155, 40.716708 ], [ -73.988367, 40.716446 ], [ -73.987879, 40.717409 ], [ -73.987426, 40.71829 ], [ -73.986752, 40.719593 ], [ -73.985911, 40.719339 ], [ -73.985074, 40.719083 ], [ -73.984477, 40.720235 ], [ -73.983824, 40.721473 ], [ -73.983444, 40.722019 ], [ -73.982964, 40.722671 ], [ -73.982524, 40.723278 ], [ -73.982083, 40.723882 ], [ -73.981637, 40.724494 ], [ -73.981211, 40.725073 ], [ -73.980768, 40.725685 ], [ -73.980333, 40.726281 ], [ -73.979906, 40.726866 ], [ -73.979469, 40.727468 ], [ -73.978998, 40.728106 ], [ -73.978536, 40.728746 ], [ -73.978001, 40.729429 ], [ -73.975696, 40.728475 ], [ -73.973291, 40.727434 ], [ -73.971875, 40.726803 ], [ -73.971396, 40.726662 ], [ -73.962645, 40.722747 ], [ -73.962787, 40.722562 ], [ -73.96355, 40.721571 ], [ -73.965086, 40.719581 ], [ -73.965704, 40.718779 ], [ -73.966511, 40.717917 ], [ -73.966836, 40.717564 ], [ -73.967578, 40.716496 ], [ -73.967716, 40.71604 ], [ -73.968041, 40.714966 ], [ -73.96837, 40.714127 ], [ -73.968469, 40.712999 ], [ -73.96905, 40.712482 ], [ -73.969584, 40.71017 ], [ -73.969845, 40.709047 ], [ -73.969445, 40.706847 ], [ -73.970045, 40.706947 ], [ -73.972146, 40.708947 ], [ -73.974546, 40.707547 ], [ -73.979233, 40.705769 ], [ -73.98404, 40.704892 ], [ -73.986191, 40.704812 ] ] ] } },
{ "type": "Feature", "properties": { "nta_code": "MN31", "nta_name": "Lenox Hill-Roosevelt Island", "boro_name": "Manhattan", "trees_2015": 2327, "trees_2005": 2239, "area_km2": 2.07, "density_2005": 1081.6, "density_2015": 1124.2, "tree_change": 88, "pct_change": 3.9, "data_mode": "official", "generated_at": "2026-08-11T04:47:12.996138+00:00", "tree_source_year": 2015, "geography_vintage": 2010, "dataset_geography": "NTA2010", "tree_2005_unassigned_count": 24027, "tree_2005_mapping_coverage_pct": 95.9 }, "geometry": { "type": "Polygon", "coordinates": [ [ [ -73.961582, 40.749415 ], [ -73.96156, 40.749458 ], [ -73.958614, 40.753848 ], [ -73.955462, 40.757316 ], [ -73.958207, 40.758528 ], [ -73.958599, 40.758133 ], [ -73.958729, 40.758166 ], [ -73.959072, 40.758398 ], [ -73.959722, 40.758663 ], [ -73.961966, 40.759619 ], [ -73.964332, 40.760603 ], [ -73.966583, 40.761552 ], [ -73.96567, 40.762805 ], [ -73.965214, 40.763432 ], [ -73.964755, 40.764058 ], [ -73.964299, 40.764683 ], [ -73.963843, 40.765309 ], [ -73.963401, 40.765911 ], [ -73.962929, 40.766559 ], [ -73.96247, 40.767185 ], [ -73.962014, 40.767812 ], [ -73.961559, 40.768437 ], [ -73.961102, 40.769059 ], [ -73.960602, 40.769749 ], [ -73.960109, 40.770432 ], [ -73.959645, 40.771064 ], [ -73.958717, 40.772331 ], [ -73.958255, 40.772965 ], [ -73.957794, 40.7736 ], [ -73.957294, 40.774283 ], [ -73.955055, 40.773337 ], [ -73.952686, 40.77234 ], [ -73.950435, 40.771391 ], [ -73.948073, 40.770394 ], [ -73.947794, 40.770249 ], [ -73.947642, 40.77018 ], [ -73.947361, 40.770062 ], [ -73.945138, 40.769107 ], [ -73.94507, 40.769272 ], [ -73.944658, 40.769846 ], [ -73.942146, 40.772037 ], [ -73.94019, 40.772955 ], [ -73.940145, 40.772951 ], [ -73.938076, 40.772551 ], [ -73.93519, 40.771745 ], [ -73.935741, 40.770548 ], [ -73.940844, 40.767399 ], [ -73.943951, 40.764434 ], [ -73.945111, 40.763086 ], [ -73.951011, 40.755724 ], [ -73.95492, 40.751509 ], [ -73.957236, 40.74756 ], [ -73.961582, 40.749415 ] ] ] } },
{ "type": "Feature", "properties": { "nta_code": "MN32", "nta_name": "Yorkville", "boro_name": "Manhattan", "trees_2015": 2269, "trees_2005": 2391, "area_km2": 1.29, "density_2005": 1853.5, "density_2015": 1758.9, "tree_change": -122, "pct_change": -5.1, "data_mode": "official", "generated_at": "2026-08-11T04:47:12.996138+00:00", "tree_source_year": 2015, "geography_vintage": 2010, "dataset_geography": "NTA2010", "tree_2005_unassigned_count": 24027, "tree_2005_mapping_coverage_pct": 95.9 }, "geometry": { "type": "Polygon", "coordinates": [ [ [ -73.942146, 40.772037 ], [ -73.944658, 40.769846 ], [ -73.94507, 40.769272 ], [ -73.945138, 40.769107 ], [ -73.947361, 40.770062 ], [ -73.947642, 40.77018 ], [ -73.947794, 40.770249 ], [ -73.948073, 40.770394 ], [ -73.950435, 40.771391 ], [ -73.952686, 40.77234 ], [ -73.955055, 40.773337 ], [ -73.957294, 40.774283 ], [ -73.956798, 40.774967 ], [ -73.956334, 40.775601 ], [ -73.955869, 40.776236 ], [ -73.955408, 40.776868 ], [ -73.954945, 40.777504 ], [ -73.954482, 40.778139 ], [ -73.953984, 40.778822 ], [ -73.953492, 40.779496 ], [ -73.953033, 40.780126 ], [ -73.952575, 40.780753 ], [ -73.952122, 40.781387 ], [ -73.951659, 40.782008 ], [ -73.951199, 40.782634 ], [ -73.950739, 40.783262 ], [ -73.950282, 40.783891 ], [ -73.949824, 40.784516 ], [ -73.949332, 40.785194 ], [ -73.948925, 40.785021 ], [ -73.947069, 40.784236 ], [ -73.944723, 40.783247 ], [ -73.944023, 40.78296 ], [ -73.943823, 40.782799 ], [ -73.943154, 40.782531 ], [ -73.937608, 40.781754 ], [ -73.93508, 40.779218 ], [ -73.934972, 40.778439 ], [ -73.935739, 40.777157 ], [ -73.938399, 40.774606 ], [ -73.938447, 40.773551 ], [ -73.938076, 40.772551 ], [ -73.940145, 40.772951 ], [ -73.94019, 40.772955 ], [ -73.942146, 40.772037 ] ] ] } },
{ "type": "Feature", "properties": { "nta_code": "MN33", "nta_name": "East Harlem South", "boro_name": "Manhattan", "trees_2015": 2014, "trees_2005": 1163, "area_km2": 1.58, "density_2005": 736.1, "density_2015": 1274.7, "tree_change": 851, "pct_change": 73.2, "data_mode": "official", "generated_at": "2026-08-11T04:47:12.996138+00:00", "tree_source_year": 2015, "geography_vintage": 2010, "dataset_geography": "NTA2010", "tree_2005_unassigned_count": 24027, "tree_2005_mapping_coverage_pct": 95.9 }, "geometry": { "type": "Polygon", "coordinates": [ [ [ -73.950927, 40.785866 ], [ -73.952551, 40.786549 ], [ -73.954163, 40.787227 ], [ -73.955778, 40.787914 ], [ -73.955275, 40.788584 ], [ -73.954817, 40.789205 ], [ -73.952984, 40.791722 ], [ -73.951111, 40.794285 ], [ -73.950613, 40.794965 ], [ -73.950158, 40.795588 ], [ -73.949405, 40.796631 ], [ -73.94922, 40.79691 ], [ -73.949097, 40.797057 ], [ -73.948792, 40.797478 ], [ -73.948311, 40.798129 ], [ -73.9467, 40.79745 ], [ -73.945096, 40.796764 ], [ -73.943483, 40.796073 ], [ -73.941876, 40.795406 ], [ -73.942804, 40.794133 ], [ -73.943272, 40.793488 ], [ -73.941035, 40.792546 ], [ -73.938649, 40.791558 ], [ -73.938193, 40.792188 ], [ -73.937737, 40.792816 ], [ -73.936793, 40.792384 ], [ -73.935432, 40.791882 ], [ -73.935282, 40.791818 ], [ -73.934864, 40.791588 ], [ -73.931982, 40.790232 ], [ -73.93551, 40.7859 ], [ -73.935433, 40.783249 ], [ -73.927829, 40.781075 ], [ -73.926006, 40.77888 ], [ -73.92797, 40.776762 ], [ -73.929555, 40.776868 ], [ -73.931857, 40.778263 ], [ -73.934114, 40.777576 ], [ -73.93508, 40.779218 ], [ -73.937608, 40.781754 ], [ -73.943154, 40.782531 ], [ -73.943823, 40.782799 ], [ -73.944023, 40.78296 ], [ -73.944723, 40.783247 ], [ -73.947069, 40.784236 ], [ -73.948925, 40.785021 ], [ -73.949332, 40.785194 ], [ -73.950927, 40.785866 ] ] ] } },
{ "type": "Feature", "properties": { "nta_code": "MN34", "nta_name": "East Harlem North", "boro_name": "Manhattan", "trees_2015": 2591, "trees_2005": 1586, "area_km2": 2.32, "density_2005": 683.6, "density_2015": 1116.8, "tree_change": 1005, "pct_change": 63.4, "data_mode": "official", "generated_at": "2026-08-11T04:47:12.996138+00:00", "tree_source_year": 2015, "geography_vintage": 2010, "dataset_geography": "NTA2010", "tree_2005_unassigned_count": 24027, "tree_2005_mapping_coverage_pct": 95.9 }, "geometry": { "type": "Polygon", "coordinates": [ [ [ -73.941035, 40.792546 ], [ -73.943272, 40.793488 ], [ -73.942804, 40.794133 ], [ -73.941876, 40.795406 ], [ -73.943483, 40.796073 ], [ -73.945096, 40.796764 ], [ -73.9467, 40.79745 ], [ -73.948311, 40.798129 ], [ -73.946974, 40.799961 ], [ -73.945968, 40.801342 ], [ -73.945508, 40.801971 ], [ -73.945052, 40.802599 ], [ -73.944597, 40.803228 ], [ -73.946131, 40.803877 ], [ -73.945693, 40.804515 ], [ -73.944783, 40.805761 ], [ -73.944302, 40.806391 ], [ -73.942754, 40.805744 ], [ -73.942262, 40.806416 ], [ -73.941771, 40.807089 ], [ -73.940157, 40.806409 ], [ -73.938544, 40.80573 ], [ -73.938089, 40.806353 ], [ -73.937636, 40.806975 ], [ -73.93718, 40.807599 ], [ -73.936264, 40.808858 ], [ -73.935819, 40.809503 ], [ -73.937408, 40.810176 ], [ -73.939018, 40.810856 ], [ -73.938593, 40.811435 ], [ -73.937635, 40.812748 ], [ -73.936688, 40.814044 ], [ -73.936224, 40.81467 ], [ -73.935756, 40.815326 ], [ -73.933993, 40.817786 ], [ -73.934289, 40.819569 ], [ -73.933377, 40.819473 ], [ -73.932106, 40.819347 ], [ -73.932101, 40.81498 ], [ -73.932406, 40.814179 ], [ -73.932267, 40.813901 ], [ -73.932106, 40.813579 ], [ -73.932503, 40.811556 ], [ -73.931681, 40.807955 ], [ -73.930993, 40.807267 ], [ -73.928322, 40.804015 ], [ -73.927204, 40.80217 ], [ -73.925139, 40.802174 ], [ -73.92532, 40.801929 ], [ -73.927345, 40.797872 ], [ -73.92654, 40.79452 ], [ -73.927652, 40.791584 ], [ -73.931982, 40.790232 ], [ -73.934864, 40.791588 ], [ -73.935282, 40.791818 ], [ -73.935432, 40.791882 ], [ -73.936793, 40.792384 ], [ -73.937737, 40.792816 ], [ -73.938193, 40.792188 ], [ -73.938649, 40.791558 ], [ -73.941035, 40.792546 ] ] ] } },
{ "type": "Feature", "properties": { "nta_code": "MN35", "nta_name": "Washington Heights North", "boro_name": "Manhattan", "trees_2015": 2684, "trees_2005": 1167, "area_km2": 2.13, "density_2005": 547.9, "density_2015": 1260.1, "tree_change": 1517, "pct_change": 130.0, "data_mode": "official", "generated_at": "2026-08-11T04:47:12.996138+00:00", "tree_source_year": 2015, "geography_vintage": 2010, "dataset_geography": "NTA2010", "tree_2005_unassigned_count": 24027, "tree_2005_mapping_coverage_pct": 95.9 }, "geometry": { "type": "Polygon", "coordinates": [ [ [ -73.935471, 40.849145 ], [ -73.936397, 40.849541 ], [ -73.935754, 40.850168 ], [ -73.936661, 40.850448 ], [ -73.937365, 40.850645 ], [ -73.938284, 40.850909 ], [ -73.939236, 40.851179 ], [ -73.940235, 40.851326 ], [ -73.941284, 40.851397 ], [ -73.941965, 40.85188 ], [ -73.943186, 40.849745 ], [ -73.945887, 40.850248 ], [ -73.947051, 40.850517 ], [ -73.952012658789002, 40.8515922082535 ], [ -73.948281, 40.858399 ], [ -73.945726117664591, 40.862481802163394 ], [ -73.938153518768203, 40.874583112164501 ], [ -73.932521, 40.869914 ], [ -73.931277, 40.868844 ], [ -73.930919, 40.868571 ], [ -73.929979, 40.867796 ], [ -73.928722, 40.866743 ], [ -73.928057, 40.8662 ], [ -73.927301, 40.865536 ], [ -73.926011, 40.863575 ], [ -73.925373, 40.862582 ], [ -73.924715, 40.861552 ], [ -73.924865, 40.861491 ], [ -73.927574, 40.857713 ], [ -73.926911, 40.857509 ], [ -73.924692, 40.856642 ], [ -73.9268, 40.853718 ], [ -73.927239, 40.853116 ], [ -73.927695, 40.852488 ], [ -73.92708, 40.851432 ], [ -73.927477, 40.850694 ], [ -73.929777, 40.84815 ], [ -73.930621, 40.848481 ], [ -73.931393, 40.847428 ], [ -73.932849, 40.848038 ], [ -73.934239, 40.848626 ], [ -73.935471, 40.849145 ] ] ] } },
{ "type": "Feature", "properties": { "nta_code": "MN36", "nta_name": "Washington Heights South", "boro_name": "Manhattan", "trees_2015": 2990, "trees_2005": 1618, "area_km2": 2.15, "density_2005": 752.6, "density_2015": 1390.7, "tree_change": 1372, "pct_change": 84.8, "data_mode": "official", "generated_at": "2026-08-11T04:47:12.996138+00:00", "tree_source_year": 2015, "geography_vintage": 2010, "dataset_geography": "NTA2010", "tree_2005_unassigned_count": 24027, "tree_2005_mapping_coverage_pct": 95.9 }, "geometry": { "type": "Polygon", "coordinates": [ [ [ -73.941368, 40.830891 ], [ -73.94298, 40.831568 ], [ -73.945824, 40.832766 ], [ -73.9485, 40.833842 ], [ -73.948905, 40.834066 ], [ -73.949342, 40.833982 ], [ -73.950403, 40.834372 ], [ -73.958611432707386, 40.837382496725496 ], [ -73.957623576521698, 40.839648123412296 ], [ -73.955535656619801, 40.844436722317596 ], [ -73.953982, 40.848 ], [ -73.952012658789002, 40.8515922082535 ], [ -73.947051, 40.850517 ], [ -73.945887, 40.850248 ], [ -73.943186, 40.849745 ], [ -73.941965, 40.85188 ], [ -73.941284, 40.851397 ], [ -73.940235, 40.851326 ], [ -73.939236, 40.851179 ], [ -73.938284, 40.850909 ], [ -73.937365, 40.850645 ], [ -73.936661, 40.850448 ], [ -73.935754, 40.850168 ], [ -73.936397, 40.849541 ], [ -73.935471, 40.849145 ], [ -73.934239, 40.848626 ], [ -73.932849, 40.848038 ], [ -73.931393, 40.847428 ], [ -73.931851, 40.846803 ], [ -73.931924, 40.846701 ], [ -73.932325, 40.846154 ], [ -73.93277, 40.845542 ], [ -73.933233, 40.84491 ], [ -73.933716, 40.844247 ], [ -73.934671, 40.842958 ], [ -73.935141, 40.842311 ], [ -73.935567, 40.841713 ], [ -73.935718, 40.8415 ], [ -73.935295, 40.840475 ], [ -73.936691, 40.837193 ], [ -73.937383, 40.83569 ], [ -73.937751, 40.834889 ], [ -73.938492, 40.833843 ], [ -73.939155, 40.833278 ], [ -73.939676, 40.832685 ], [ -73.940346, 40.830458 ], [ -73.941368, 40.830891 ] ] ] } },
{ "type": "Feature", "properties": { "nta_code": "MN40", "nta_name": "Upper East Side-Carnegie Hill", "boro_name": "Manhattan", "trees_2015": 4673, "trees_2005": 3888, "area_km2": 1.87, "density_2005": 2079.1, "density_2015": 2498.9, "tree_change": 785, "pct_change": 20.2, "data_mode": "official", "generated_at": "2026-08-11T04:47:12.996138+00:00", "tree_source_year": 2015, "geography_vintage": 2010, "dataset_geography": "NTA2010", "tree_2005_unassigned_count": 24027, "tree_2005_mapping_coverage_pct": 95.9 }, "geometry": { "type": "Polygon", "coordinates": [ [ [ -73.966583, 40.761552 ], [ -73.968187, 40.762227 ], [ -73.969801, 40.762914 ], [ -73.971411, 40.763588 ], [ -73.973015, 40.764279 ], [ -73.972553, 40.764898 ], [ -73.971189, 40.766767 ], [ -73.969825, 40.768646 ], [ -73.969365, 40.769271 ], [ -73.968441, 40.770517 ], [ -73.967994, 40.771147 ], [ -73.967039, 40.772461 ], [ -73.966074, 40.773773 ], [ -73.965148, 40.775045 ], [ -73.964687, 40.775677 ], [ -73.963729, 40.776994 ], [ -73.96323, 40.777677 ], [ -73.962768, 40.778313 ], [ -73.962303, 40.778947 ], [ -73.961361, 40.780241 ], [ -73.960919, 40.78085 ], [ -73.960416, 40.781532 ], [ -73.959469, 40.782833 ], [ -73.958096, 40.784718 ], [ -73.957636, 40.785344 ], [ -73.956718, 40.786601 ], [ -73.955778, 40.787914 ], [ -73.954163, 40.787227 ], [ -73.952551, 40.786549 ], [ -73.950927, 40.785866 ], [ -73.949332, 40.785194 ], [ -73.949824, 40.784516 ], [ -73.950282, 40.783891 ], [ -73.950739, 40.783262 ], [ -73.951199, 40.782634 ], [ -73.951659, 40.782008 ], [ -73.952122, 40.781387 ], [ -73.952575, 40.780753 ], [ -73.953033, 40.780126 ], [ -73.953492, 40.779496 ], [ -73.953984, 40.778822 ], [ -73.954482, 40.778139 ], [ -73.954945, 40.777504 ], [ -73.955408, 40.776868 ], [ -73.955869, 40.776236 ], [ -73.956334, 40.775601 ], [ -73.956798, 40.774967 ], [ -73.957294, 40.774283 ], [ -73.957794, 40.7736 ], [ -73.958255, 40.772965 ], [ -73.958717, 40.772331 ], [ -73.959645, 40.771064 ], [ -73.960109, 40.770432 ], [ -73.960602, 40.769749 ], [ -73.961102, 40.769059 ], [ -73.961559, 40.768437 ], [ -73.962014, 40.767812 ], [ -73.96247, 40.767185 ], [ -73.962929, 40.766559 ], [ -73.963401, 40.765911 ], [ -73.963843, 40.765309 ], [ -73.964299, 40.764683 ], [ -73.964755, 40.764058 ], [ -73.965214, 40.763432 ], [ -73.96567, 40.762805 ], [ -73.966583, 40.761552 ] ] ] } },
{ "type": "Feature", "properties": { "nta_code": "MN50", "nta_name": "Stuyvesant Town-Cooper Village", "boro_name": "Manhattan", "trees_2015": 447, "trees_2005": 330, "area_km2": 0.54, "density_2005": 611.1, "density_2015": 827.8, "tree_change": 117, "pct_change": 35.5, "data_mode": "official", "generated_at": "2026-08-11T04:47:12.996138+00:00", "tree_source_year": 2015, "geography_vintage": 2010, "dataset_geography": "NTA2010", "tree_2005_unassigned_count": 24027, "tree_2005_mapping_coverage_pct": 95.9 }, "geometry": { "type": "Polygon", "coordinates": [ [ [ -73.962014, 40.723369 ], [ -73.962645, 40.722747 ], [ -73.971396, 40.726662 ], [ -73.971875, 40.726803 ], [ -73.973291, 40.727434 ], [ -73.975696, 40.728475 ], [ -73.978001, 40.729429 ], [ -73.980338, 40.730448 ], [ -73.982564, 40.731361 ], [ -73.982022, 40.732012 ], [ -73.981562, 40.732643 ], [ -73.981127, 40.733242 ], [ -73.980711, 40.733813 ], [ -73.980275, 40.73441 ], [ -73.979864, 40.734975 ], [ -73.979439, 40.73559 ], [ -73.978971, 40.736176 ], [ -73.978525, 40.736858 ], [ -73.975142, 40.73541 ], [ -73.974648, 40.735083 ], [ -73.974076, 40.735079 ], [ -73.973116, 40.734782 ], [ -73.961572, 40.730064 ], [ -73.961792, 40.729871 ], [ -73.961534, 40.728091 ], [ -73.961519, 40.727989 ], [ -73.961608, 40.727368 ], [ -73.961531, 40.72591 ], [ -73.961611, 40.724951 ], [ -73.961537, 40.724695 ], [ -73.961543, 40.723876 ], [ -73.962014, 40.723369 ] ] ] } },
{ "type": "Feature", "properties": { "nta_code": "MN99", "nta_name": "park-cemetery-etc-Manhattan", "boro_name": "Manhattan", "trees_2015": 0, "trees_2005": 77, "area_km2": 7.85, "density_2005": 9.8, "density_2015": 0.0, "tree_change": -77, "pct_change": -100.0, "data_mode": "official", "generated_at": "2026-08-11T04:47:12.996138+00:00", "tree_source_year": 2015, "geography_vintage": 2010, "dataset_geography": "NTA2010", "tree_2005_unassigned_count": 24027, "tree_2005_mapping_coverage_pct": 95.9 }, "geometry": { "type": "MultiPolygon", "coordinates": [ [ [ [ -74.018490084235395, 40.6954566644213 ], [ -74.01722084051039, 40.700216359135396 ], [ -74.016901471978187, 40.701413998867295 ], [ -74.016800212034909, 40.701793726107795 ], [ -74.017769494837012, 40.703639459487299 ], [ -74.018073416310401, 40.704218194616999 ], [ -74.017158, 40.704306 ], [ -74.016542, 40.704733 ], [ -74.015317, 40.70467 ], [ -74.014259, 40.704556 ], [ -74.013583, 40.700371 ], [ -74.013406, 40.699351 ], [ -74.013371, 40.699142 ], [ -74.011559, 40.698666 ], [ -74.003109, 40.695534 ], [ -74.003499, 40.694954 ], [ -74.000625, 40.693991 ], [ -74.000688, 40.693645 ], [ -74.001425, 40.693217 ], [ -74.001546, 40.693147 ], [ -74.001881, 40.692476 ], [ -74.003946, 40.689047 ], [ -74.008117, 40.686615 ], [ -74.009363, 40.685497 ], [ -74.015476, 40.681914 ], [ -74.015974, 40.68066 ], [ -74.019399, 40.679573 ], [ -74.022911466700094, 40.681266548251401 ], [ -74.023982193447907, 40.682360130306392 ], [ -74.024266338685095, 40.683922931864004 ], [ -74.0248271295482, 40.6870072870448 ], [ -74.024164646956905, 40.688392922109003 ], [ -74.021720851670096, 40.693504314443999 ], [ -74.018490084235395, 40.6954566644213 ] ] ], [ [ [ -74.037998130329598, 40.698994961349399 ], [ -74.043441246899803, 40.6896799397054 ], [ -74.044451308714699, 40.688445418017899 ], [ -74.046359205670498, 40.689174907710502 ], [ -74.047313153061012, 40.690465542735097 ], [ -74.046920351002399, 40.691138918003297 ], [ -74.040859975875591, 40.700117251220895 ], [ -74.040018256134204, 40.700678398432494 ], [ -74.039400996377907, 40.700453938559896 ], [ -74.037998130329598, 40.698994961349399 ] ] ], [ [ [ -73.980112, 40.770529 ], [ -73.979652, 40.771156 ], [ -73.979193, 40.771782 ], [ -73.978728, 40.772417 ], [ -73.978281, 40.773031 ], [ -73.977827, 40.773656 ], [ -73.97737, 40.774281 ], [ -73.976912, 40.774909 ], [ -73.976458, 40.775533 ], [ -73.975955, 40.77622 ], [ -73.975461, 40.776899 ], [ -73.974997, 40.777533 ], [ -73.974532, 40.778168 ], [ -73.974067, 40.778805 ], [ -73.973571, 40.779478 ], [ -73.971724, 40.782021 ], [ -73.971223, 40.782706 ], [ -73.97076, 40.78334 ], [ -73.970301, 40.783975 ], [ -73.969832, 40.784611 ], [ -73.969335, 40.785294 ], [ -73.968844, 40.785967 ], [ -73.968385, 40.786596 ], [ -73.967927, 40.787222 ], [ -73.96745, 40.787861 ], [ -73.96701, 40.788476 ], [ -73.966552, 40.789108 ], [ -73.966094, 40.789734 ], [ -73.965632, 40.790365 ], [ -73.965177, 40.790991 ], [ -73.964685, 40.791664 ], [ -73.964176, 40.792362 ], [ -73.963804, 40.792881 ], [ -73.962834, 40.794203 ], [ -73.962359, 40.794852 ], [ -73.96144, 40.796111 ], [ -73.960523, 40.797369 ], [ -73.960037, 40.798038 ], [ -73.959077, 40.799352 ], [ -73.958619, 40.799977 ], [ -73.958195, 40.800553 ], [ -73.957762, 40.800472 ], [ -73.955289, 40.799435 ], [ -73.952483, 40.798253 ], [ -73.94922, 40.79691 ], [ -73.949405, 40.796631 ], [ -73.950158, 40.795588 ], [ -73.950613, 40.794965 ], [ -73.951111, 40.794285 ], [ -73.952984, 40.791722 ], [ -73.954817, 40.789205 ], [ -73.955275, 40.788584 ], [ -73.955778, 40.787914 ], [ -73.956718, 40.786601 ], [ -73.957636, 40.785344 ], [ -73.958096, 40.784718 ], [ -73.959469, 40.782833 ], [ -73.960416, 40.781532 ], [ -73.960919, 40.78085 ], [ -73.961361, 40.780241 ], [ -73.962303, 40.778947 ], [ -73.962768, 40.778313 ], [ -73.96323, 40.777677 ], [ -73.963729, 40.776994 ], [ -73.964687, 40.775677 ], [ -73.965148, 40.775045 ], [ -73.966074, 40.773773 ], [ -73.967039, 40.772461 ], [ -73.967994, 40.771147 ], [ -73.968441, 40.770517 ], [ -73.969365, 40.769271 ], [ -73.969825, 40.768646 ], [ -73.971189, 40.766767 ], [ -73.972553, 40.764898 ], [ -73.973015, 40.764279 ], [ -73.976234, 40.765675 ], [ -73.979076, 40.766876 ], [ -73.981362, 40.767837 ], [ -73.98133, 40.768195 ], [ -73.981648, 40.768436 ], [ -73.981023, 40.769272 ], [ -73.980564, 40.769905 ], [ -73.980112, 40.770529 ] ] ], [ [ [ -73.924605, 40.779434 ], [ -73.926006, 40.77888 ], [ -73.927829, 40.781075 ], [ -73.935433, 40.783249 ], [ -73.93551, 40.7859 ], [ -73.931982, 40.790232 ], [ -73.927652, 40.791584 ], [ -73.92654, 40.79452 ], [ -73.927345, 40.797872 ], [ -73.92532, 40.801929 ], [ -73.925139, 40.802174 ], [ -73.922306, 40.802179 ], [ -73.918633, 40.799105 ], [ -73.913624, 40.796786 ], [ -73.912506, 40.79618 ], [ -73.910551, 40.790988 ], [ -73.915358, 40.788096 ], [ -73.916316, 40.786601 ], [ -73.917817, 40.784976 ], [ -73.920425, 40.782874 ], [ -73.924605, 40.779434 ] ] ], [ [ [ -73.930406, 40.840279 ], [ -73.930654, 40.839599 ], [ -73.933006, 40.835679 ], [ -73.934263, 40.835944 ], [ -73.934243, 40.83598 ], [ -73.935069, 40.835674 ], [ -73.935715, 40.835143 ], [ -73.937859, 40.833415 ], [ -73.938773, 40.832663 ], [ -73.939343, 40.831612 ], [ -73.939844, 40.831026 ], [ -73.940167, 40.830383 ], [ -73.940346, 40.830458 ], [ -73.939676, 40.832685 ], [ -73.939155, 40.833278 ], [ -73.938492, 40.833843 ], [ -73.937751, 40.834889 ], [ -73.937383, 40.83569 ], [ -73.936691, 40.837193 ], [ -73.935295, 40.840475 ], [ -73.935718, 40.8415 ], [ -73.935567, 40.841713 ], [ -73.935141, 40.842311 ], [ -73.934671, 40.842958 ], [ -73.933716, 40.844247 ], [ -73.933233, 40.84491 ], [ -73.93277, 40.845542 ], [ -73.932325, 40.846154 ], [ -73.931924, 40.846701 ], [ -73.931851, 40.846803 ], [ -73.931393, 40.847428 ], [ -73.930621, 40.848481 ], [ -73.929777, 40.84815 ], [ -73.927477, 40.850694 ], [ -73.92708, 40.851432 ], [ -73.927695, 40.852488 ], [ -73.927239, 40.853116 ], [ -73.9268, 40.853718 ], [ -73.924692, 40.856642 ], [ -73.926911, 40.857509 ], [ -73.927574, 40.857713 ], [ -73.924865, 40.861491 ], [ -73.924715, 40.861552 ], [ -73.922929, 40.858941 ], [ -73.92216, 40.855607 ], [ -73.920958, 40.855112 ], [ -73.921215, 40.854693 ], [ -73.921536, 40.854127 ], [ -73.922978, 40.852022 ], [ -73.923904, 40.850488 ], [ -73.927196, 40.846683 ], [ -73.928242, 40.845353 ], [ -73.929006, 40.844079 ], [ -73.929635, 40.842256 ], [ -73.929695, 40.842195 ], [ -73.930157, 40.841664 ], [ -73.930406, 40.840279 ] ] ], [ [ [ -73.924974, 40.879144 ], [ -73.921478, 40.878214 ], [ -73.919808, 40.876577 ], [ -73.918932, 40.876388 ], [ -73.9152, 40.875581 ], [ -73.912851, 40.874738 ], [ -73.910524, 40.874063 ], [ -73.91146, 40.873322 ], [ -73.913665, 40.871501 ], [ -73.914009, 40.87116 ], [ -73.91415, 40.87122 ], [ -73.915056, 40.871603 ], [ -73.916278, 40.872116 ], [ -73.917176, 40.872499 ], [ -73.918459, 40.873022 ], [ -73.919458, 40.872249 ], [ -73.919671, 40.872076 ], [ -73.91925, 40.871011 ], [ -73.920897, 40.869877 ], [ -73.922145, 40.86915 ], [ -73.922343, 40.869459 ], [ -73.923821, 40.869018 ], [ -73.927002, 40.867951 ], [ -73.928722, 40.866743 ], [ -73.929979, 40.867796 ], [ -73.930919, 40.868571 ], [ -73.931277, 40.868844 ], [ -73.932521, 40.869914 ], [ -73.938153518768203, 40.874583112164501 ], [ -73.938081, 40.874699 ], [ -73.933407922938102, 40.882074964842694 ], [ -73.924974, 40.879144 ] ] ] ] } },
{ "type": "Feature", "properties": { "nta_code": "QN01", "nta_name": "South Jamaica", "boro_name": "Queens", "trees_2015": 4077, "trees_2005": 3279, "area_km2": 3.72, "density_2005": 881.5, "density_2015": 1096.0, "tree_change": 798, "pct_change": 24.3, "data_mode": "official", "generated_at": "2026-08-11T04:47:12.996138+00:00", "tree_source_year": 2015, "geography_vintage": 2010, "dataset_geography": "NTA2010", "tree_2005_unassigned_count": 24027, "tree_2005_mapping_coverage_pct": 95.9 }, "geometry": { "type": "Polygon", "coordinates": [ [ [ -73.805768, 40.682932 ], [ -73.80669, 40.684664 ], [ -73.806703, 40.684693 ], [ -73.807858, 40.687123 ], [ -73.810703, 40.691929 ], [ -73.80971, 40.692199 ], [ -73.808902, 40.692564 ], [ -73.806425, 40.690874 ], [ -73.804688, 40.692346 ], [ -73.803818, 40.69308 ], [ -73.801196, 40.695337 ], [ -73.800532, 40.695857 ], [ -73.799182, 40.696871 ], [ -73.798546, 40.697467 ], [ -73.797862, 40.697993 ], [ -73.797757, 40.698262 ], [ -73.797295, 40.698458 ], [ -73.796704, 40.698749 ], [ -73.795722, 40.699015 ], [ -73.794633, 40.699557 ], [ -73.793577, 40.699756 ], [ -73.792605, 40.700432 ], [ -73.791869, 40.701366 ], [ -73.792368, 40.702121 ], [ -73.79217, 40.702198 ], [ -73.791156, 40.702294 ], [ -73.790556, 40.702568 ], [ -73.789664, 40.70304 ], [ -73.78598, 40.704187 ], [ -73.784849, 40.704586 ], [ -73.78442, 40.704762 ], [ -73.782566, 40.705425 ], [ -73.780345, 40.705412 ], [ -73.779818, 40.704928 ], [ -73.77916, 40.704389 ], [ -73.777842, 40.703217 ], [ -73.77691, 40.702525 ], [ -73.773957, 40.699806 ], [ -73.774522, 40.698898 ], [ -73.775005, 40.698231 ], [ -73.775763, 40.697183 ], [ -73.776226, 40.696607 ], [ -73.776598, 40.695969 ], [ -73.777836, 40.694321 ], [ -73.779441, 40.693645 ], [ -73.780237, 40.692972 ], [ -73.779198, 40.691651 ], [ -73.777893, 40.689918 ], [ -73.779773, 40.689281 ], [ -73.780782, 40.69103 ], [ -73.782427, 40.690344 ], [ -73.783266, 40.689994 ], [ -73.784099, 40.689648 ], [ -73.785805, 40.688997 ], [ -73.786439, 40.688782 ], [ -73.787005, 40.688568 ], [ -73.787642, 40.688435 ], [ -73.789205, 40.688053 ], [ -73.789626, 40.687939 ], [ -73.790385, 40.687754 ], [ -73.792107, 40.687048 ], [ -73.793908, 40.686305 ], [ -73.794778, 40.687471 ], [ -73.795211, 40.688095 ], [ -73.795615, 40.688657 ], [ -73.796629, 40.688221 ], [ -73.797461, 40.687872 ], [ -73.798286, 40.687524 ], [ -73.799135, 40.687182 ], [ -73.79995, 40.686828 ], [ -73.798982, 40.684859 ], [ -73.800774, 40.68435 ], [ -73.802564, 40.683842 ], [ -73.805768, 40.682932 ] ] ] } },
{ "type": "Feature", "properties": { "nta_code": "QN02", "nta_name": "Springfield Gardens North", "boro_name": "Queens", "trees_2015": 2967, "trees_2005": 2625, "area_km2": 2.64, "density_2005": 994.3, "density_2015": 1123.9, "tree_change": 342, "pct_change": 13.0, "data_mode": "official", "generated_at": "2026-08-11T04:47:12.996138+00:00", "tree_source_year": 2015, "geography_vintage": 2010, "dataset_geography": "NTA2010", "tree_2005_unassigned_count": 24027, "tree_2005_mapping_coverage_pct": 95.9 }, "geometry": { "type": "Polygon", "coordinates": [ [ [ -73.763718, 40.674316 ], [ -73.763677, 40.674746 ], [ -73.762486, 40.674195 ], [ -73.761149, 40.674764 ], [ -73.760315, 40.67511 ], [ -73.758697, 40.672985 ], [ -73.758572, 40.672637 ], [ -73.758148, 40.672707 ], [ -73.756362, 40.672429 ], [ -73.756464, 40.671684 ], [ -73.756461, 40.671094 ], [ -73.756406, 40.670373 ], [ -73.757317, 40.66704 ], [ -73.757631, 40.666451 ], [ -73.761822, 40.666878 ], [ -73.766754, 40.667433 ], [ -73.771545, 40.667963 ], [ -73.776154, 40.667751 ], [ -73.777013, 40.667776 ], [ -73.779705, 40.66759 ], [ -73.78062, 40.667526 ], [ -73.781796, 40.667421 ], [ -73.78697, 40.667085 ], [ -73.78941, 40.666841 ], [ -73.788831, 40.669823 ], [ -73.788085, 40.67301 ], [ -73.786868, 40.672824 ], [ -73.785737, 40.672384 ], [ -73.784345, 40.674696 ], [ -73.783042, 40.675844 ], [ -73.782218, 40.676438 ], [ -73.781572, 40.676901 ], [ -73.780259, 40.677841 ], [ -73.779478, 40.678365 ], [ -73.778422, 40.679032 ], [ -73.777231, 40.679654 ], [ -73.7747, 40.680487 ], [ -73.771988, 40.678798 ], [ -73.771096, 40.678244 ], [ -73.769241, 40.677089 ], [ -73.765616, 40.674779 ], [ -73.763805, 40.67377 ], [ -73.763718, 40.674316 ] ] ] } },
{ "type": "Feature", "properties": { "nta_code": "QN03", "nta_name": "Springfield Gardens South-Brookville", "boro_name": "Queens", "trees_2015": 3754, "trees_2005": 2768, "area_km2": 4.01, "density_2005": 690.3, "density_2015": 936.2, "tree_change": 986, "pct_change": 35.6, "data_mode": "official", "generated_at": "2026-08-11T04:47:12.996138+00:00", "tree_source_year": 2015, "geography_vintage": 2010, "dataset_geography": "NTA2010", "tree_2005_unassigned_count": 24027, "tree_2005_mapping_coverage_pct": 95.9 }, "geometry": { "type": "Polygon", "coordinates": [ [ [ -73.746549, 40.652554 ], [ -73.748672, 40.652678 ], [ -73.751094, 40.654212 ], [ -73.756107, 40.656057 ], [ -73.756973, 40.656894 ], [ -73.757657, 40.657095 ], [ -73.758556, 40.6573 ], [ -73.759079, 40.658137 ], [ -73.760074, 40.657844 ], [ -73.76175, 40.65633 ], [ -73.764465, 40.654507 ], [ -73.767779, 40.656451 ], [ -73.77383, 40.659651 ], [ -73.780737, 40.662447 ], [ -73.790099, 40.664316 ], [ -73.801898, 40.665249 ], [ -73.801401, 40.666288 ], [ -73.801663, 40.666889 ], [ -73.800073, 40.666797 ], [ -73.798596, 40.666645 ], [ -73.798204, 40.66668 ], [ -73.797111, 40.666946 ], [ -73.793934, 40.667001 ], [ -73.79323, 40.667074 ], [ -73.793062, 40.667087 ], [ -73.792174, 40.66704 ], [ -73.791299, 40.66697 ], [ -73.791244, 40.666899 ], [ -73.78941, 40.666841 ], [ -73.78697, 40.667085 ], [ -73.781796, 40.667421 ], [ -73.78062, 40.667526 ], [ -73.779705, 40.66759 ], [ -73.777013, 40.667776 ], [ -73.776154, 40.667751 ], [ -73.771545, 40.667963 ], [ -73.766754, 40.667433 ], [ -73.761822, 40.666878 ], [ -73.757631, 40.666451 ], [ -73.755925, 40.666388 ], [ -73.755262, 40.666395 ], [ -73.751759, 40.666395 ], [ -73.746086, 40.6664 ], [ -73.745366, 40.666404 ], [ -73.741178, 40.666403 ], [ -73.74024, 40.666402 ], [ -73.73858, 40.666376 ], [ -73.738954, 40.665907 ], [ -73.739371, 40.665452 ], [ -73.73955, 40.665256 ], [ -73.742819, 40.665306 ], [ -73.746137, 40.661649 ], [ -73.747824, 40.658641 ], [ -73.748674, 40.657593 ], [ -73.746756, 40.6575 ], [ -73.74618, 40.657439 ], [ -73.74506, 40.657407 ], [ -73.743307, 40.654709 ], [ -73.743325, 40.652538 ], [ -73.746549, 40.652554 ] ] ] } },
{ "type": "Feature", "properties": { "nta_code": "QN05", "nta_name": "Rosedale", "boro_name": "Queens", "trees_2015": 5372, "trees_2005": 5052, "area_km2": 5.48, "density_2005": 921.9, "density_2015": 980.3, "tree_change": 320, "pct_change": 6.3, "data_mode": "official", "generated_at": "2026-08-11T04:47:12.996138+00:00", "tree_source_year": 2015, "geography_vintage": 2010, "dataset_geography": "NTA2010", "tree_2005_unassigned_count": 24027, "tree_2005_mapping_coverage_pct": 95.9 }, "geometry": { "type": "Polygon", "coordinates": [ [ [ -73.739846, 40.635812 ], [ -73.742149, 40.63484 ], [ -73.74251, 40.635435 ], [ -73.741282, 40.637152 ], [ -73.741944, 40.637906 ], [ -73.744016, 40.637698 ], [ -73.74529, 40.634128 ], [ -73.746702, 40.633387 ], [ -73.747122, 40.636979 ], [ -73.746737, 40.637716 ], [ -73.746108, 40.640624 ], [ -73.748617, 40.644209 ], [ -73.753827, 40.647268 ], [ -73.753214, 40.648278 ], [ -73.755024, 40.649219 ], [ -73.764465, 40.654507 ], [ -73.76175, 40.65633 ], [ -73.760074, 40.657844 ], [ -73.759079, 40.658137 ], [ -73.758556, 40.6573 ], [ -73.757657, 40.657095 ], [ -73.756973, 40.656894 ], [ -73.756107, 40.656057 ], [ -73.751094, 40.654212 ], [ -73.748672, 40.652678 ], [ -73.746549, 40.652554 ], [ -73.743325, 40.652538 ], [ -73.743307, 40.654709 ], [ -73.74506, 40.657407 ], [ -73.74618, 40.657439 ], [ -73.746756, 40.6575 ], [ -73.748674, 40.657593 ], [ -73.747824, 40.658641 ], [ -73.746137, 40.661649 ], [ -73.742819, 40.665306 ], [ -73.73955, 40.665256 ], [ -73.739371, 40.665452 ], [ -73.738954, 40.665907 ], [ -73.73858, 40.666376 ], [ -73.74024, 40.666402 ], [ -73.741178, 40.666403 ], [ -73.740804, 40.666844 ], [ -73.739933, 40.667764 ], [ -73.739113, 40.668628 ], [ -73.738823, 40.668971 ], [ -73.738699, 40.669068 ], [ -73.738501, 40.669285 ], [ -73.737242, 40.670956 ], [ -73.736464, 40.671359 ], [ -73.736249, 40.672631 ], [ -73.736011, 40.67261 ], [ -73.735059, 40.67399 ], [ -73.733873, 40.67542 ], [ -73.733842, 40.675463 ], [ -73.733283, 40.676145 ], [ -73.731874, 40.677569 ], [ -73.730527, 40.679364 ], [ -73.729506, 40.680056 ], [ -73.729247, 40.680431 ], [ -73.728102, 40.681766 ], [ -73.727183, 40.683597 ], [ -73.726505, 40.683387 ], [ -73.725861, 40.683223 ], [ -73.725687, 40.68025 ], [ -73.72588, 40.678954 ], [ -73.725919, 40.678693 ], [ -73.726011, 40.678078 ], [ -73.726255, 40.677349 ], [ -73.726543, 40.676487 ], [ -73.727441, 40.674429 ], [ -73.727541, 40.674207 ], [ -73.727926, 40.670097 ], [ -73.727992, 40.669427 ], [ -73.728128, 40.668708 ], [ -73.728264, 40.668073 ], [ -73.728222, 40.667314 ], [ -73.728264, 40.666606 ], [ -73.728383, 40.666427 ], [ -73.728305, 40.665917 ], [ -73.72814, 40.665002 ], [ -73.727732, 40.664549 ], [ -73.727577, 40.663855 ], [ -73.727647, 40.661058 ], [ -73.726444, 40.659162 ], [ -73.725055, 40.653509 ], [ -73.728548, 40.651081 ], [ -73.7322, 40.650048 ], [ -73.734419, 40.649746 ], [ -73.734785, 40.649696 ], [ -73.735834, 40.649302 ], [ -73.740966, 40.647861 ], [ -73.741895, 40.642093 ], [ -73.741534, 40.63923 ], [ -73.740284, 40.637175 ], [ -73.739846, 40.635812 ] ] ] } },
{ "type": "Feature", "properties": { "nta_code": "QN06", "nta_name": "Jamaica Estates-Holliswood", "boro_name": "Queens", "trees_2015": 4254, "trees_2005": 4045, "area_km2": 3.98, "density_2005": 1016.3, "density_2015": 1068.8, "tree_change": 209, "pct_change": 5.2, "data_mode": "official", "generated_at": "2026-08-11T04:47:12.996138+00:00", "tree_source_year": 2015, "geography_vintage": 2010, "dataset_geography": "NTA2010", "tree_2005_unassigned_count": 24027, "tree_2005_mapping_coverage_pct": 95.9 }, "geometry": { "type": "Polygon", "coordinates": [ [ [ -73.789321, 40.71203 ], [ -73.790215, 40.711717 ], [ -73.791014, 40.711433 ], [ -73.792029, 40.711069 ], [ -73.793038, 40.710711 ], [ -73.792998, 40.711581 ], [ -73.793194, 40.712566 ], [ -73.793502, 40.713213 ], [ -73.79346, 40.714419 ], [ -73.793149, 40.714933 ], [ -73.791733, 40.71832 ], [ -73.791236, 40.718689 ], [ -73.790896, 40.718876 ], [ -73.79065, 40.71926 ], [ -73.790532, 40.719752 ], [ -73.790325, 40.720197 ], [ -73.791745, 40.725776 ], [ -73.790845, 40.726036 ], [ -73.789459, 40.726493 ], [ -73.78655, 40.727445 ], [ -73.785685, 40.72773 ], [ -73.783601, 40.728413 ], [ -73.782921, 40.726817 ], [ -73.782, 40.727237 ], [ -73.780485, 40.727752 ], [ -73.781161, 40.729213 ], [ -73.779365, 40.729702 ], [ -73.777575, 40.730193 ], [ -73.775234, 40.725238 ], [ -73.778038, 40.723284 ], [ -73.777749, 40.722842 ], [ -73.777579, 40.722642 ], [ -73.777411, 40.722534 ], [ -73.777236, 40.722284 ], [ -73.772743, 40.725035 ], [ -73.768575, 40.725996 ], [ -73.767273, 40.726221 ], [ -73.76631, 40.726375 ], [ -73.765722, 40.726398 ], [ -73.763785, 40.726313 ], [ -73.760919, 40.726045 ], [ -73.756566, 40.726133 ], [ -73.7554, 40.725044 ], [ -73.755156, 40.72483 ], [ -73.754864, 40.724203 ], [ -73.754996, 40.724121 ], [ -73.755771, 40.72364 ], [ -73.753227, 40.721284 ], [ -73.752334, 40.720262 ], [ -73.753931, 40.719572 ], [ -73.754749, 40.719217 ], [ -73.757257, 40.718139 ], [ -73.758327, 40.719582 ], [ -73.759216, 40.719199 ], [ -73.762479, 40.717786 ], [ -73.763355, 40.717411 ], [ -73.765714, 40.716393 ], [ -73.766641, 40.717647 ], [ -73.767332, 40.71729 ], [ -73.769139, 40.716657 ], [ -73.771921, 40.715685 ], [ -73.773571, 40.71512 ], [ -73.775715, 40.714598 ], [ -73.777123, 40.714262 ], [ -73.777306, 40.714209 ], [ -73.778001, 40.714051 ], [ -73.780589, 40.713428 ], [ -73.781783, 40.71314 ], [ -73.785353, 40.712284 ], [ -73.787718, 40.711865 ], [ -73.789321, 40.71203 ] ] ] } },
{ "type": "Feature", "properties": { "nta_code": "QN07", "nta_name": "Hollis", "boro_name": "Queens", "trees_2015": 2553, "trees_2005": 1808, "area_km2": 2.12, "density_2005": 852.8, "density_2015": 1204.2, "tree_change": 745, "pct_change": 41.2, "data_mode": "official", "generated_at": "2026-08-11T04:47:12.996138+00:00", "tree_source_year": 2015, "geography_vintage": 2010, "dataset_geography": "NTA2010", "tree_2005_unassigned_count": 24027, "tree_2005_mapping_coverage_pct": 95.9 }, "geometry": { "type": "Polygon", "coordinates": [ [ [ -73.766125, 40.702334 ], [ -73.766573, 40.702752 ], [ -73.766654, 40.703338 ], [ -73.766792, 40.704009 ], [ -73.767014, 40.705268 ], [ -73.767251, 40.706313 ], [ -73.767344, 40.706636 ], [ -73.767891, 40.708406 ], [ -73.768125, 40.709528 ], [ -73.768616, 40.709826 ], [ -73.771736, 40.710313 ], [ -73.770651, 40.710826 ], [ -73.770045, 40.711373 ], [ -73.76944, 40.711977 ], [ -73.770395, 40.7134 ], [ -73.771921, 40.715685 ], [ -73.769139, 40.716657 ], [ -73.767332, 40.71729 ], [ -73.766641, 40.717647 ], [ -73.765714, 40.716393 ], [ -73.763355, 40.717411 ], [ -73.762479, 40.717786 ], [ -73.759216, 40.719199 ], [ -73.758327, 40.719582 ], [ -73.757257, 40.718139 ], [ -73.755889, 40.716299 ], [ -73.754701, 40.71471 ], [ -73.754037, 40.71388 ], [ -73.753708, 40.713325 ], [ -73.753607, 40.713071 ], [ -73.753184, 40.712055 ], [ -73.75246, 40.710317 ], [ -73.751212, 40.707307 ], [ -73.750471, 40.70564 ], [ -73.752051, 40.705228 ], [ -73.752938, 40.704998 ], [ -73.753824, 40.704766 ], [ -73.754711, 40.704538 ], [ -73.755615, 40.7043 ], [ -73.756519, 40.704064 ], [ -73.757406, 40.703835 ], [ -73.758296, 40.703603 ], [ -73.760067, 40.703141 ], [ -73.760955, 40.70291 ], [ -73.761264, 40.703599 ], [ -73.762629, 40.703242 ], [ -73.76278, 40.703206 ], [ -73.766125, 40.702334 ] ] ] } },
{ "type": "Feature", "properties": { "nta_code": "QN08", "nta_name": "St. Albans", "boro_name": "Queens", "trees_2015": 7239, "trees_2005": 5068, "area_km2": 7.2, "density_2005": 703.9, "density_2015": 1005.4, "tree_change": 2171, "pct_change": 42.8, "data_mode": "official", "generated_at": "2026-08-11T04:47:12.996138+00:00", "tree_source_year": 2015, "geography_vintage": 2010, "dataset_geography": "NTA2010", "tree_2005_unassigned_count": 24027, "tree_2005_mapping_coverage_pct": 95.9 }, "geometry": { "type": "Polygon", "coordinates": [ [ [ -73.763718, 40.674316 ], [ -73.763805, 40.67377 ], [ -73.765616, 40.674779 ], [ -73.769241, 40.677089 ], [ -73.771096, 40.678244 ], [ -73.771988, 40.678798 ], [ -73.7747, 40.680487 ], [ -73.774081, 40.68076 ], [ -73.773565, 40.680964 ], [ -73.772995, 40.681209 ], [ -73.772254, 40.681559 ], [ -73.775012, 40.684276 ], [ -73.776324, 40.685217 ], [ -73.776998, 40.686283 ], [ -73.778708, 40.6857 ], [ -73.779668, 40.685377 ], [ -73.780516, 40.687037 ], [ -73.781487, 40.688697 ], [ -73.782345, 40.688407 ], [ -73.783266, 40.689994 ], [ -73.782427, 40.690344 ], [ -73.780782, 40.69103 ], [ -73.779773, 40.689281 ], [ -73.777893, 40.689918 ], [ -73.779198, 40.691651 ], [ -73.780237, 40.692972 ], [ -73.779441, 40.693645 ], [ -73.777836, 40.694321 ], [ -73.776598, 40.695969 ], [ -73.776226, 40.696607 ], [ -73.775763, 40.697183 ], [ -73.775005, 40.698231 ], [ -73.774522, 40.698898 ], [ -73.773957, 40.699806 ], [ -73.772979, 40.700381 ], [ -73.772308, 40.700572 ], [ -73.774348, 40.703986 ], [ -73.774858, 40.705128 ], [ -73.775465, 40.705319 ], [ -73.774708, 40.707333 ], [ -73.768616, 40.709826 ], [ -73.768125, 40.709528 ], [ -73.767891, 40.708406 ], [ -73.767344, 40.706636 ], [ -73.767251, 40.706313 ], [ -73.767014, 40.705268 ], [ -73.766792, 40.704009 ], [ -73.766654, 40.703338 ], [ -73.766573, 40.702752 ], [ -73.766125, 40.702334 ], [ -73.76278, 40.703206 ], [ -73.762629, 40.703242 ], [ -73.761264, 40.703599 ], [ -73.760955, 40.70291 ], [ -73.760067, 40.703141 ], [ -73.758296, 40.703603 ], [ -73.757406, 40.703835 ], [ -73.756519, 40.704064 ], [ -73.755615, 40.7043 ], [ -73.754711, 40.704538 ], [ -73.753824, 40.704766 ], [ -73.752938, 40.704998 ], [ -73.752051, 40.705228 ], [ -73.751135, 40.703203 ], [ -73.750828, 40.702515 ], [ -73.749621, 40.69983 ], [ -73.749305, 40.699142 ], [ -73.750193, 40.698912 ], [ -73.748633, 40.695445 ], [ -73.74619, 40.696119 ], [ -73.745237, 40.696375 ], [ -73.743593, 40.696215 ], [ -73.744159, 40.69455 ], [ -73.744823, 40.693171 ], [ -73.745105, 40.692783 ], [ -73.746243, 40.691279 ], [ -73.747286, 40.689737 ], [ -73.747527, 40.689383 ], [ -73.748846, 40.687448 ], [ -73.750042, 40.6859 ], [ -73.750236, 40.685649 ], [ -73.75103, 40.684223 ], [ -73.751258, 40.683734 ], [ -73.751542, 40.683046 ], [ -73.751804, 40.682403 ], [ -73.752258, 40.681491 ], [ -73.753238, 40.680117 ], [ -73.753419, 40.679879 ], [ -73.754179, 40.678844 ], [ -73.755235, 40.677288 ], [ -73.755494, 40.67663 ], [ -73.755657, 40.676157 ], [ -73.755762, 40.675886 ], [ -73.756108, 40.675955 ], [ -73.756919, 40.676529 ], [ -73.75797, 40.676097 ], [ -73.760315, 40.67511 ], [ -73.761149, 40.674764 ], [ -73.762486, 40.674195 ], [ -73.763677, 40.674746 ], [ -73.763718, 40.674316 ] ] ] } },
{ "type": "Feature", "properties": { "nta_code": "QN10", "nta_name": "Breezy Point-Belle Harbor-Rockaway Park-Broad Channel", "boro_name": "Queens", "trees_2015": 4351, "trees_2005": 3994, "area_km2": 8.23, "density_2005": 485.3, "density_2015": 528.7, "tree_change": 357, "pct_change": 8.9, "data_mode": "official", "generated_at": "2026-08-11T04:47:12.996138+00:00", "tree_source_year": 2015, "geography_vintage": 2010, "dataset_geography": "NTA2010", "tree_2005_unassigned_count": 24027, "tree_2005_mapping_coverage_pct": 95.9 }, "geometry": { "type": "MultiPolygon", "coordinates": [ [ [ [ -73.92984, 40.563825 ], [ -73.92807, 40.567786 ], [ -73.903871, 40.571619 ], [ -73.890518, 40.572705 ], [ -73.886292, 40.573505 ], [ -73.883203, 40.568537 ], [ -73.882708, 40.567548 ], [ -73.902306, 40.562128 ], [ -73.9016, 40.559537 ], [ -73.90104, 40.556514 ], [ -73.899821889138707, 40.554787275832297 ], [ -73.921075268021298, 40.548588113017296 ], [ -73.938718, 40.545828 ], [ -73.940422629524491, 40.548622750627793 ], [ -73.940247362750497, 40.554581820940399 ], [ -73.937566940324999, 40.556608454668201 ], [ -73.934891150198098, 40.558631585973195 ], [ -73.933673827662702, 40.559551988251798 ], [ -73.932728816264103, 40.560266499500202 ], [ -73.934494694430697, 40.563041450555701 ], [ -73.92984, 40.563825 ] ] ], [ [ [ -73.86277910109871, 40.566800133169501 ], [ -73.863088, 40.567598 ], [ -73.864103, 40.569355 ], [ -73.864685, 40.569301 ], [ -73.86533, 40.57066 ], [ -73.866685, 40.57319 ], [ -73.863201, 40.574127 ], [ -73.863379, 40.575309 ], [ -73.862739, 40.575842 ], [ -73.86298, 40.576215 ], [ -73.866005, 40.581001 ], [ -73.859492, 40.583938 ], [ -73.854937, 40.585974 ], [ -73.840704, 40.586087 ], [ -73.833507, 40.586706 ], [ -73.82733, 40.587801 ], [ -73.819696, 40.591973 ], [ -73.819425, 40.591151 ], [ -73.819312, 40.589307 ], [ -73.819322, 40.587964 ], [ -73.819436, 40.58774 ], [ -73.81936, 40.587349 ], [ -73.817229, 40.585687 ], [ -73.816114, 40.583645 ], [ -73.815911, 40.583448 ], [ -73.815506, 40.582508 ], [ -73.817178, 40.582046 ], [ -73.819179, 40.581569 ], [ -73.821521, 40.58092 ], [ -73.821342979129497, 40.580715772061296 ], [ -73.834408, 40.577201 ], [ -73.835935867994493, 40.576640882453297 ], [ -73.843797838267491, 40.573758678285401 ], [ -73.8567263814124, 40.569019064722397 ], [ -73.858462749442907, 40.568382510907 ], [ -73.859003334937015, 40.568184331861495 ], [ -73.86277910109871, 40.566800133169501 ] ] ], [ [ [ -73.832611, 40.595093 ], [ -73.834207, 40.595495 ], [ -73.834577, 40.596973 ], [ -73.83247, 40.598561 ], [ -73.830713, 40.598462 ], [ -73.826079, 40.600104 ], [ -73.824596, 40.598584 ], [ -73.823574, 40.599814 ], [ -73.82442, 40.600403 ], [ -73.823424, 40.601924 ], [ -73.822433, 40.605362 ], [ -73.823253, 40.605812 ], [ -73.820971, 40.607324 ], [ -73.81947, 40.609727 ], [ -73.820627, 40.611855 ], [ -73.821582, 40.611948 ], [ -73.821128, 40.609672 ], [ -73.822693, 40.608978 ], [ -73.824241, 40.610516 ], [ -73.824152, 40.612064 ], [ -73.821658, 40.614909 ], [ -73.817164, 40.614828 ], [ -73.816461, 40.613677 ], [ -73.81421, 40.614471 ], [ -73.813925, 40.61238 ], [ -73.815989, 40.612925 ], [ -73.815404, 40.610385 ], [ -73.816015, 40.609157 ], [ -73.815105, 40.606908 ], [ -73.817254, 40.60394 ], [ -73.819281, 40.59753 ], [ -73.820926, 40.596584 ], [ -73.824745, 40.594667 ], [ -73.829006, 40.595661 ], [ -73.832611, 40.595093 ] ] ] ] } },
{ "type": "Feature", "properties": { "nta_code": "QN12", "nta_name": "Hammels-Arverne-Edgemere", "boro_name": "Queens", "trees_2015": 3187, "trees_2005": 1161, "area_km2": 5.96, "density_2005": 194.8, "density_2015": 534.7, "tree_change": 2026, "pct_change": 174.5, "data_mode": "official", "generated_at": "2026-08-11T04:47:12.996138+00:00", "tree_source_year": 2015, "geography_vintage": 2010, "dataset_geography": "NTA2010", "tree_2005_unassigned_count": 24027, "tree_2005_mapping_coverage_pct": 95.9 }, "geometry": { "type": "Polygon", "coordinates": [ [ [ -73.821521, 40.58092 ], [ -73.819179, 40.581569 ], [ -73.817178, 40.582046 ], [ -73.815506, 40.582508 ], [ -73.815911, 40.583448 ], [ -73.816114, 40.583645 ], [ -73.817229, 40.585687 ], [ -73.81936, 40.587349 ], [ -73.819436, 40.58774 ], [ -73.819322, 40.587964 ], [ -73.819312, 40.589307 ], [ -73.819425, 40.591151 ], [ -73.819696, 40.591973 ], [ -73.810195, 40.595135 ], [ -73.807512, 40.597862 ], [ -73.802469, 40.600967 ], [ -73.793652, 40.602623 ], [ -73.789058, 40.605621 ], [ -73.777321, 40.613078 ], [ -73.772374, 40.608452 ], [ -73.772374, 40.607295 ], [ -73.772607, 40.60296 ], [ -73.771352, 40.598298 ], [ -73.767987, 40.597596 ], [ -73.767718, 40.596261 ], [ -73.767417, 40.596311 ], [ -73.767157, 40.596712 ], [ -73.765997, 40.598721 ], [ -73.766542, 40.599434 ], [ -73.764446, 40.600435 ], [ -73.763868, 40.599727 ], [ -73.763361, 40.599105 ], [ -73.761658, 40.599973 ], [ -73.761588, 40.599901 ], [ -73.761288, 40.599549 ], [ -73.761815, 40.598951 ], [ -73.762553, 40.598318 ], [ -73.762357, 40.597229 ], [ -73.7632, 40.597145 ], [ -73.762997, 40.595987 ], [ -73.762778, 40.594757 ], [ -73.764402, 40.594572 ], [ -73.76429, 40.59394 ], [ -73.763871, 40.591751 ], [ -73.763576, 40.590817 ], [ -73.763553405966206, 40.590654104304498 ], [ -73.765121995944895, 40.590668569729502 ], [ -73.767331667626195, 40.590688947164303 ], [ -73.770046763628699, 40.590713985586099 ], [ -73.774890510451499, 40.590758654274104 ], [ -73.774928, 40.590759 ], [ -73.775133394083895, 40.590719473902197 ], [ -73.777965829550695, 40.590174399190097 ], [ -73.783865814371694, 40.589039004380297 ], [ -73.787265528656292, 40.588384762366005 ], [ -73.788755101894495, 40.588098108455092 ], [ -73.795688457310405, 40.586763851504898 ], [ -73.796064362906705, 40.586691512121597 ], [ -73.8014296239689, 40.585659019708899 ], [ -73.806834, 40.584619 ], [ -73.821342979129497, 40.580715772061296 ], [ -73.821521, 40.58092 ] ] ] } },
{ "type": "Feature", "properties": { "nta_code": "QN15", "nta_name": "Far Rockaway-Bayswater", "boro_name": "Queens", "trees_2015": 4972, "trees_2005": 3073, "area_km2": 5.06, "density_2005": 607.3, "density_2015": 982.6, "tree_change": 1899, "pct_change": 61.8, "data_mode": "official", "generated_at": "2026-08-11T04:47:12.996138+00:00", "tree_source_year": 2015, "geography_vintage": 2010, "dataset_geography": "NTA2010", "tree_2005_unassigned_count": 24027, "tree_2005_mapping_coverage_pct": 95.9 }, "geometry": { "type": "Polygon", "coordinates": [ [ [ -73.763576, 40.590817 ], [ -73.763871, 40.591751 ], [ -73.76429, 40.59394 ], [ -73.764402, 40.594572 ], [ -73.762778, 40.594757 ], [ -73.762997, 40.595987 ], [ -73.7632, 40.597145 ], [ -73.762357, 40.597229 ], [ -73.762553, 40.598318 ], [ -73.761815, 40.598951 ], [ -73.761288, 40.599549 ], [ -73.761588, 40.599901 ], [ -73.761658, 40.599973 ], [ -73.763361, 40.599105 ], [ -73.763868, 40.599727 ], [ -73.764446, 40.600435 ], [ -73.766542, 40.599434 ], [ -73.765997, 40.598721 ], [ -73.767157, 40.596712 ], [ -73.767417, 40.596311 ], [ -73.767718, 40.596261 ], [ -73.767987, 40.597596 ], [ -73.771352, 40.598298 ], [ -73.772607, 40.60296 ], [ -73.772374, 40.607295 ], [ -73.772374, 40.608452 ], [ -73.777321, 40.613078 ], [ -73.772519, 40.614772 ], [ -73.765931, 40.614153 ], [ -73.763476, 40.613706 ], [ -73.763454, 40.61369 ], [ -73.760021, 40.611349 ], [ -73.759631, 40.611297 ], [ -73.755197, 40.610594 ], [ -73.755173, 40.609984 ], [ -73.753458, 40.61052 ], [ -73.750652, 40.611453 ], [ -73.74912, 40.612036 ], [ -73.747993, 40.61231 ], [ -73.747451, 40.612072 ], [ -73.747216, 40.612179 ], [ -73.746942, 40.611775 ], [ -73.746855, 40.611574 ], [ -73.745761, 40.611992 ], [ -73.745663, 40.611812 ], [ -73.745633, 40.611756 ], [ -73.745368, 40.611204 ], [ -73.744567, 40.610117 ], [ -73.741148, 40.60546 ], [ -73.740571, 40.60488 ], [ -73.738151, 40.60271 ], [ -73.738295, 40.597991 ], [ -73.73815, 40.594539 ], [ -73.73815, 40.594229 ], [ -73.737185, 40.592965 ], [ -73.743237, 40.592839 ], [ -73.74338, 40.592847 ], [ -73.747749, 40.591503 ], [ -73.752371, 40.587965 ], [ -73.754323260715694, 40.586357092525802 ], [ -73.753349, 40.59056 ], [ -73.763553405966206, 40.590654104304498 ], [ -73.763576, 40.590817 ] ] ] } },
{ "type": "Feature", "properties": { "nta_code": "QN17", "nta_name": "Forest Hills", "boro_name": "Queens", "trees_2015": 7701, "trees_2005": 8255, "area_km2": 5.37, "density_2005": 1537.2, "density_2015": 1434.1, "tree_change": -554, "pct_change": -6.7, "data_mode": "official", "generated_at": "2026-08-11T04:47:12.996138+00:00", "tree_source_year": 2015, "geography_vintage": 2010, "dataset_geography": "NTA2010", "tree_2005_unassigned_count": 24027, "tree_2005_mapping_coverage_pct": 95.9 }, "geometry": { "type": "Polygon", "coordinates": [ [ [ -73.856677, 40.707692 ], [ -73.857298, 40.711465 ], [ -73.85745, 40.713711 ], [ -73.857703, 40.716408 ], [ -73.858235, 40.719596 ], [ -73.858522, 40.721529 ], [ -73.858645, 40.722591 ], [ -73.862038, 40.725957 ], [ -73.860144, 40.725221 ], [ -73.859837, 40.725161 ], [ -73.858072, 40.724474 ], [ -73.857763, 40.724906 ], [ -73.857271, 40.725681 ], [ -73.85942, 40.726465 ], [ -73.859014, 40.727109 ], [ -73.858608, 40.727752 ], [ -73.858088, 40.728569 ], [ -73.857411, 40.728341 ], [ -73.857828, 40.728975 ], [ -73.858511, 40.730287 ], [ -73.856257, 40.730959 ], [ -73.856597, 40.731623 ], [ -73.857049, 40.732512 ], [ -73.857309, 40.733004 ], [ -73.857652, 40.733668 ], [ -73.857993, 40.734334 ], [ -73.858343, 40.735001 ], [ -73.85856, 40.7353 ], [ -73.858498, 40.73567 ], [ -73.855271, 40.736595 ], [ -73.853392, 40.73694 ], [ -73.852561, 40.737093 ], [ -73.851828, 40.737263 ], [ -73.849597, 40.73803 ], [ -73.847481, 40.739064 ], [ -73.847306, 40.738962 ], [ -73.847027, 40.738788 ], [ -73.845426, 40.73495 ], [ -73.845115, 40.734277 ], [ -73.845047, 40.734175 ], [ -73.844753, 40.73362 ], [ -73.844347, 40.732979 ], [ -73.843505, 40.731814 ], [ -73.842859, 40.731099 ], [ -73.841468, 40.729998 ], [ -73.840327, 40.728807 ], [ -73.839854, 40.728178 ], [ -73.839445, 40.727537 ], [ -73.839064, 40.72688 ], [ -73.838715, 40.726221 ], [ -73.838281, 40.725482 ], [ -73.836486, 40.722376 ], [ -73.835963, 40.721677 ], [ -73.83538, 40.720722 ], [ -73.835057, 40.719644 ], [ -73.833481, 40.718333 ], [ -73.829851, 40.715541 ], [ -73.831459, 40.714554 ], [ -73.830775, 40.714486 ], [ -73.830627, 40.714341 ], [ -73.833553, 40.713044 ], [ -73.834234, 40.712658 ], [ -73.835002, 40.712212 ], [ -73.83602, 40.711652 ], [ -73.836115, 40.711825 ], [ -73.838058, 40.710921 ], [ -73.839732, 40.7104 ], [ -73.840692, 40.710153 ], [ -73.843016, 40.709176 ], [ -73.851099, 40.707901 ], [ -73.852766, 40.707442 ], [ -73.854747, 40.70683 ], [ -73.856001, 40.7065 ], [ -73.856677, 40.707692 ] ] ] } },
{ "type": "Feature", "properties": { "nta_code": "QN18", "nta_name": "Rego Park", "boro_name": "Queens", "trees_2015": 2460, "trees_2005": 1993, "area_km2": 1.84, "density_2005": 1083.2, "density_2015": 1337.0, "tree_change": 467, "pct_change": 23.4, "data_mode": "official", "generated_at": "2026-08-11T04:47:12.996138+00:00", "tree_source_year": 2015, "geography_vintage": 2010, "dataset_geography": "NTA2010", "tree_2005_unassigned_count": 24027, "tree_2005_mapping_coverage_pct": 95.9 }, "geometry": { "type": "Polygon", "coordinates": [ [ [ -73.861834, 40.716593 ], [ -73.863018, 40.717708 ], [ -73.865239, 40.719977 ], [ -73.865476, 40.720281 ], [ -73.866572, 40.721487 ], [ -73.867347, 40.722323 ], [ -73.867659, 40.722661 ], [ -73.868207, 40.723132 ], [ -73.869293, 40.724436 ], [ -73.869815, 40.72516 ], [ -73.870632, 40.727059 ], [ -73.871018, 40.727979 ], [ -73.871204, 40.728456 ], [ -73.871429, 40.729248 ], [ -73.872335, 40.729633 ], [ -73.87487, 40.73061 ], [ -73.8752, 40.730691 ], [ -73.873981, 40.730999 ], [ -73.873162, 40.731273 ], [ -73.871746, 40.731731 ], [ -73.871344, 40.731837 ], [ -73.870636, 40.732095 ], [ -73.869085, 40.732572 ], [ -73.868674, 40.732774 ], [ -73.868324, 40.73285 ], [ -73.86725, 40.733186 ], [ -73.866808, 40.733291 ], [ -73.86511, 40.733636 ], [ -73.864424, 40.733905 ], [ -73.864618, 40.734271 ], [ -73.862876, 40.734721 ], [ -73.860986, 40.73521 ], [ -73.858839, 40.735792 ], [ -73.858498, 40.73567 ], [ -73.85856, 40.7353 ], [ -73.858343, 40.735001 ], [ -73.857993, 40.734334 ], [ -73.857652, 40.733668 ], [ -73.857309, 40.733004 ], [ -73.857049, 40.732512 ], [ -73.856597, 40.731623 ], [ -73.856257, 40.730959 ], [ -73.858511, 40.730287 ], [ -73.857828, 40.728975 ], [ -73.857411, 40.728341 ], [ -73.858088, 40.728569 ], [ -73.858608, 40.727752 ], [ -73.859014, 40.727109 ], [ -73.85942, 40.726465 ], [ -73.857271, 40.725681 ], [ -73.857763, 40.724906 ], [ -73.858072, 40.724474 ], [ -73.859837, 40.725161 ], [ -73.860144, 40.725221 ], [ -73.862038, 40.725957 ], [ -73.858645, 40.722591 ], [ -73.858522, 40.721529 ], [ -73.858235, 40.719596 ], [ -73.857703, 40.716408 ], [ -73.85745, 40.713711 ], [ -73.857298, 40.711465 ], [ -73.858187, 40.7116 ], [ -73.859759, 40.711845 ], [ -73.859713, 40.712606 ], [ -73.859552, 40.713395 ], [ -73.859632, 40.713598 ], [ -73.861224, 40.716037 ], [ -73.861834, 40.716593 ] ] ] } },
{ "type": "Feature", "properties": { "nta_code": "QN19", "nta_name": "Glendale", "boro_name": "Queens", "trees_2015": 4509, "trees_2005": 4675, "area_km2": 2.78, "density_2005": 1681.7, "density_2015": 1621.9, "tree_change": -166, "pct_change": -3.6, "data_mode": "official", "generated_at": "2026-08-11T04:47:12.996138+00:00", "tree_source_year": 2015, "geography_vintage": 2010, "dataset_geography": "NTA2010", "tree_2005_unassigned_count": 24027, "tree_2005_mapping_coverage_pct": 95.9 }, "geometry": { "type": "Polygon", "coordinates": [ [ [ -73.896772, 40.696799 ], [ -73.895585, 40.697128 ], [ -73.89384, 40.70086 ], [ -73.892744, 40.701851 ], [ -73.891942, 40.702886 ], [ -73.889843, 40.704972 ], [ -73.889119, 40.705599 ], [ -73.888263, 40.70581 ], [ -73.886528, 40.706225 ], [ -73.885549, 40.706155 ], [ -73.885532, 40.706446 ], [ -73.881232, 40.706372 ], [ -73.87722, 40.706687 ], [ -73.874838, 40.70678 ], [ -73.871523, 40.706936 ], [ -73.871357, 40.706944 ], [ -73.869055, 40.706939 ], [ -73.869622, 40.70784 ], [ -73.86994, 40.709256 ], [ -73.866618, 40.710402 ], [ -73.865577, 40.710659 ], [ -73.86501, 40.710777 ], [ -73.859632, 40.713598 ], [ -73.859552, 40.713395 ], [ -73.859713, 40.712606 ], [ -73.859759, 40.711845 ], [ -73.858187, 40.7116 ], [ -73.857298, 40.711465 ], [ -73.856677, 40.707692 ], [ -73.856001, 40.7065 ], [ -73.854747, 40.70683 ], [ -73.854734, 40.705245 ], [ -73.854709, 40.705222 ], [ -73.853688, 40.704342 ], [ -73.852679, 40.703022 ], [ -73.852145, 40.702375 ], [ -73.855293, 40.702596 ], [ -73.855292, 40.701844 ], [ -73.858703, 40.701096 ], [ -73.858287, 40.702968 ], [ -73.861423, 40.70327 ], [ -73.863254, 40.703392 ], [ -73.863794, 40.703334 ], [ -73.86564, 40.703183 ], [ -73.866538, 40.70311 ], [ -73.869156, 40.702893 ], [ -73.869819, 40.702838 ], [ -73.870733, 40.702762 ], [ -73.871648, 40.702687 ], [ -73.872562, 40.702612 ], [ -73.875431, 40.702374 ], [ -73.876398, 40.702294 ], [ -73.881254, 40.699983 ], [ -73.884402, 40.700255 ], [ -73.884922, 40.700104 ], [ -73.885842, 40.699965 ], [ -73.887713, 40.699678 ], [ -73.888271, 40.698945 ], [ -73.887882, 40.698008 ], [ -73.886811, 40.696668 ], [ -73.886488, 40.696439 ], [ -73.891957, 40.694411 ], [ -73.895426, 40.694171 ], [ -73.893981, 40.693076 ], [ -73.896955, 40.69192 ], [ -73.897366, 40.694119 ], [ -73.90003, 40.693437 ], [ -73.899541, 40.694286 ], [ -73.898886, 40.69539 ], [ -73.898382, 40.696136 ], [ -73.897563, 40.696481 ], [ -73.896772, 40.696799 ] ] ] } },
{ "type": "Feature", "properties": { "nta_code": "QN20", "nta_name": "Ridgewood", "boro_name": "Queens", "trees_2015": 6481, "trees_2005": 5542, "area_km2": 4.67, "density_2005": 1186.7, "density_2015": 1387.8, "tree_change": 939, "pct_change": 16.9, "data_mode": "official", "generated_at": "2026-08-11T04:47:12.996138+00:00", "tree_source_year": 2015, "geography_vintage": 2010, "dataset_geography": "NTA2010", "tree_2005_unassigned_count": 24027, "tree_2005_mapping_coverage_pct": 95.9 }, "geometry": { "type": "Polygon", "coordinates": [ [ [ -73.904425, 40.695671 ], [ -73.904782, 40.695983 ], [ -73.905059, 40.69602 ], [ -73.905556, 40.696428 ], [ -73.905772, 40.69651 ], [ -73.906195, 40.696803 ], [ -73.906451, 40.69687 ], [ -73.90691, 40.697191 ], [ -73.907199, 40.697342 ], [ -73.907517, 40.697545 ], [ -73.908008, 40.697764 ], [ -73.908757, 40.698202 ], [ -73.910982, 40.699536 ], [ -73.911655, 40.699905 ], [ -73.910578, 40.700998 ], [ -73.911362, 40.701495 ], [ -73.912063, 40.701911 ], [ -73.912725, 40.702363 ], [ -73.912058, 40.703446 ], [ -73.912701, 40.703835 ], [ -73.9134, 40.704325 ], [ -73.914095, 40.704727 ], [ -73.914807, 40.705195 ], [ -73.915532, 40.70558 ], [ -73.916273, 40.706105 ], [ -73.917087, 40.706481 ], [ -73.917852, 40.706852 ], [ -73.918632, 40.707299 ], [ -73.919392, 40.707687 ], [ -73.920089, 40.708251 ], [ -73.921473, 40.709004 ], [ -73.921676, 40.709471 ], [ -73.920726, 40.710461 ], [ -73.92392, 40.714074 ], [ -73.915663, 40.713469 ], [ -73.91467, 40.713437 ], [ -73.913038, 40.713332 ], [ -73.910735, 40.71323 ], [ -73.910158, 40.713822 ], [ -73.911739, 40.714724 ], [ -73.912831, 40.715413 ], [ -73.912556, 40.715661 ], [ -73.912109, 40.715813 ], [ -73.911636, 40.716407 ], [ -73.911187, 40.716947 ], [ -73.909763, 40.717737 ], [ -73.90966, 40.717793 ], [ -73.90639, 40.717364 ], [ -73.906021, 40.715743 ], [ -73.905868, 40.715069 ], [ -73.905563, 40.713715 ], [ -73.905376, 40.712877 ], [ -73.904895, 40.712857 ], [ -73.904772, 40.712866 ], [ -73.900596, 40.712697 ], [ -73.900184, 40.712681 ], [ -73.899355, 40.712647 ], [ -73.895025, 40.712478 ], [ -73.888776, 40.712286 ], [ -73.888546, 40.712275 ], [ -73.886904, 40.712195 ], [ -73.886377, 40.712208 ], [ -73.885076, 40.712161 ], [ -73.884351, 40.71223 ], [ -73.880034, 40.712586 ], [ -73.877683, 40.707177 ], [ -73.881232, 40.706372 ], [ -73.885532, 40.706446 ], [ -73.885549, 40.706155 ], [ -73.886528, 40.706225 ], [ -73.888263, 40.70581 ], [ -73.889119, 40.705599 ], [ -73.889843, 40.704972 ], [ -73.891942, 40.702886 ], [ -73.892744, 40.701851 ], [ -73.89384, 40.70086 ], [ -73.895585, 40.697128 ], [ -73.896772, 40.696799 ], [ -73.897563, 40.696481 ], [ -73.898382, 40.696136 ], [ -73.898886, 40.69539 ], [ -73.899541, 40.694286 ], [ -73.90003, 40.693437 ], [ -73.900387, 40.69314 ], [ -73.900965, 40.692811 ], [ -73.901291, 40.692303 ], [ -73.901241, 40.691438 ], [ -73.901705, 40.69166 ], [ -73.902128, 40.691843 ], [ -73.903641, 40.692794 ], [ -73.904293, 40.693159 ], [ -73.905113, 40.693629 ], [ -73.905851, 40.694069 ], [ -73.904425, 40.695671 ] ] ] } },
{ "type": "Feature", "properties": { "nta_code": "QN21", "nta_name": "Middle Village", "boro_name": "Queens", "trees_2015": 5345, "trees_2005": 5573, "area_km2": 5.38, "density_2005": 1035.9, "density_2015": 993.5, "tree_change": -228, "pct_change": -4.1, "data_mode": "official", "generated_at": "2026-08-11T04:47:12.996138+00:00", "tree_source_year": 2015, "geography_vintage": 2010, "dataset_geography": "NTA2010", "tree_2005_unassigned_count": 24027, "tree_2005_mapping_coverage_pct": 95.9 }, "geometry": { "type": "Polygon", "coordinates": [ [ [ -73.884351, 40.71223 ], [ -73.885076, 40.712161 ], [ -73.886377, 40.712208 ], [ -73.886904, 40.712195 ], [ -73.888546, 40.712275 ], [ -73.888776, 40.712286 ], [ -73.895025, 40.712478 ], [ -73.899355, 40.712647 ], [ -73.900184, 40.712681 ], [ -73.900596, 40.712697 ], [ -73.904772, 40.712866 ], [ -73.902854, 40.713793 ], [ -73.901158, 40.714622 ], [ -73.897502, 40.716384 ], [ -73.897818, 40.716712 ], [ -73.899018, 40.717382 ], [ -73.897268, 40.718147 ], [ -73.898348, 40.719198 ], [ -73.900339, 40.71802 ], [ -73.900335, 40.718669 ], [ -73.900626, 40.719764 ], [ -73.897369, 40.720482 ], [ -73.899816, 40.721237 ], [ -73.900106, 40.723296 ], [ -73.895824, 40.723899 ], [ -73.894268, 40.723142 ], [ -73.894265, 40.723143 ], [ -73.894113, 40.723214 ], [ -73.892656, 40.723888 ], [ -73.890303, 40.724924 ], [ -73.890175, 40.724947 ], [ -73.887077, 40.724638 ], [ -73.887099, 40.725319 ], [ -73.88724, 40.727834 ], [ -73.885611, 40.72836 ], [ -73.883793, 40.728498 ], [ -73.882103, 40.728652 ], [ -73.879626, 40.728795 ], [ -73.878673, 40.729142 ], [ -73.877943, 40.729641 ], [ -73.876284, 40.730383 ], [ -73.8752, 40.730691 ], [ -73.87487, 40.73061 ], [ -73.872335, 40.729633 ], [ -73.871429, 40.729248 ], [ -73.871204, 40.728456 ], [ -73.871018, 40.727979 ], [ -73.870632, 40.727059 ], [ -73.869815, 40.72516 ], [ -73.869293, 40.724436 ], [ -73.868207, 40.723132 ], [ -73.867659, 40.722661 ], [ -73.867347, 40.722323 ], [ -73.866572, 40.721487 ], [ -73.865476, 40.720281 ], [ -73.865239, 40.719977 ], [ -73.863018, 40.717708 ], [ -73.861834, 40.716593 ], [ -73.861224, 40.716037 ], [ -73.859632, 40.713598 ], [ -73.86501, 40.710777 ], [ -73.865577, 40.710659 ], [ -73.866618, 40.710402 ], [ -73.86994, 40.709256 ], [ -73.869622, 40.70784 ], [ -73.869055, 40.706939 ], [ -73.871357, 40.706944 ], [ -73.871523, 40.706936 ], [ -73.874838, 40.70678 ], [ -73.87722, 40.706687 ], [ -73.881232, 40.706372 ], [ -73.877683, 40.707177 ], [ -73.880034, 40.712586 ], [ -73.884351, 40.71223 ] ] ] } },
{ "type": "Feature", "properties": { "nta_code": "QN22", "nta_name": "Flushing", "boro_name": "Queens", "trees_2015": 3227, "trees_2005": 2669, "area_km2": 3.45, "density_2005": 773.6, "density_2015": 935.4, "tree_change": 558, "pct_change": 20.9, "data_mode": "official", "generated_at": "2026-08-11T04:47:12.996138+00:00", "tree_source_year": 2015, "geography_vintage": 2010, "dataset_geography": "NTA2010", "tree_2005_unassigned_count": 24027, "tree_2005_mapping_coverage_pct": 95.9 }, "geometry": { "type": "Polygon", "coordinates": [ [ [ -73.832295, 40.751942 ], [ -73.835538, 40.751411 ], [ -73.837807, 40.754132 ], [ -73.838002, 40.754438 ], [ -73.838694, 40.756963 ], [ -73.838008, 40.758927 ], [ -73.837326, 40.76268 ], [ -73.838804, 40.76497 ], [ -73.839167, 40.765357 ], [ -73.838993, 40.765889 ], [ -73.838502, 40.766667 ], [ -73.833439, 40.771305 ], [ -73.832263, 40.771922 ], [ -73.83139, 40.77238 ], [ -73.830603, 40.773081 ], [ -73.829567, 40.774004 ], [ -73.829289, 40.77427 ], [ -73.828842, 40.774699 ], [ -73.8281, 40.776031 ], [ -73.824998, 40.781732 ], [ -73.824624, 40.781706 ], [ -73.823841, 40.781717 ], [ -73.822241, 40.781694 ], [ -73.822918, 40.780536 ], [ -73.823313, 40.779579 ], [ -73.823547, 40.779036 ], [ -73.824394, 40.776729 ], [ -73.825852, 40.77591 ], [ -73.826253, 40.774521 ], [ -73.826477, 40.773116 ], [ -73.826575, 40.772345 ], [ -73.826566, 40.770642 ], [ -73.826558, 40.770137 ], [ -73.824648, 40.77041 ], [ -73.824212, 40.768169 ], [ -73.82395, 40.766887 ], [ -73.823727, 40.765826 ], [ -73.823482, 40.764652 ], [ -73.822601, 40.76276 ], [ -73.822072, 40.761625 ], [ -73.821767, 40.76098 ], [ -73.821558, 40.760534 ], [ -73.821164, 40.759686 ], [ -73.820758, 40.758842 ], [ -73.820636, 40.758872 ], [ -73.820045, 40.758483 ], [ -73.819233, 40.757947 ], [ -73.818605, 40.757542 ], [ -73.81786, 40.757066 ], [ -73.818937, 40.75641 ], [ -73.820301, 40.755515 ], [ -73.818408, 40.75383 ], [ -73.819092, 40.753385 ], [ -73.819778, 40.752937 ], [ -73.820849, 40.752242 ], [ -73.819989, 40.751429 ], [ -73.819116, 40.750621 ], [ -73.818837, 40.750352 ], [ -73.816543, 40.74826 ], [ -73.815373, 40.747218 ], [ -73.81962, 40.748042 ], [ -73.820523, 40.748357 ], [ -73.821319, 40.748758 ], [ -73.822396, 40.749864 ], [ -73.823213, 40.750708 ], [ -73.824233, 40.751855 ], [ -73.825697, 40.750998 ], [ -73.825844, 40.749348 ], [ -73.826737, 40.749677 ], [ -73.827656, 40.749861 ], [ -73.829652, 40.749172 ], [ -73.830609, 40.749026 ], [ -73.833003, 40.747834 ], [ -73.832714, 40.749671 ], [ -73.832276, 40.751458 ], [ -73.832295, 40.751942 ] ] ] } },
{ "type": "Feature", "properties": { "nta_code": "QN23", "nta_name": "College Point", "boro_name": "Queens", "trees_2015": 3474, "trees_2005": 2416, "area_km2": 4.65, "density_2005": 519.6, "density_2015": 747.1, "tree_change": 1058, "pct_change": 43.8, "data_mode": "official", "generated_at": "2026-08-11T04:47:12.996138+00:00", "tree_source_year": 2015, "geography_vintage": 2010, "dataset_geography": "NTA2010", "tree_2005_unassigned_count": 24027, "tree_2005_mapping_coverage_pct": 95.9 }, "geometry": { "type": "Polygon", "coordinates": [ [ [ -73.836694, 40.78165 ], [ -73.826785, 40.781668 ], [ -73.825697, 40.781691 ], [ -73.824998, 40.781732 ], [ -73.8281, 40.776031 ], [ -73.828842, 40.774699 ], [ -73.829289, 40.77427 ], [ -73.829567, 40.774004 ], [ -73.830603, 40.773081 ], [ -73.83139, 40.77238 ], [ -73.832263, 40.771922 ], [ -73.833439, 40.771305 ], [ -73.838502, 40.766667 ], [ -73.838993, 40.765889 ], [ -73.839167, 40.765357 ], [ -73.84075, 40.765819 ], [ -73.847052, 40.763825 ], [ -73.848515, 40.763822 ], [ -73.853702, 40.76948 ], [ -73.852642, 40.77208 ], [ -73.852897, 40.775457 ], [ -73.860505, 40.778984 ], [ -73.868314, 40.784398 ], [ -73.870992, 40.786979 ], [ -73.871254, 40.787593 ], [ -73.871021, 40.788833 ], [ -73.870005, 40.790681 ], [ -73.866707, 40.793653 ], [ -73.862704, 40.797276 ], [ -73.853466, 40.799581 ], [ -73.851809, 40.799992 ], [ -73.844044, 40.80096 ], [ -73.834903, 40.80188 ], [ -73.832354, 40.79637 ], [ -73.839037, 40.797052 ], [ -73.838434, 40.796787 ], [ -73.836475, 40.792494 ], [ -73.840678, 40.793908 ], [ -73.840761, 40.7925 ], [ -73.839923, 40.79065 ], [ -73.840083, 40.787849 ], [ -73.838244, 40.787786 ], [ -73.838408, 40.785837 ], [ -73.838696, 40.78165 ], [ -73.836694, 40.78165 ] ] ] } },
{ "type": "Feature", "properties": { "nta_code": "QN25", "nta_name": "Corona", "boro_name": "Queens", "trees_2015": 2070, "trees_2005": 1987, "area_km2": 1.87, "density_2005": 1062.6, "density_2015": 1107.0, "tree_change": 83, "pct_change": 4.2, "data_mode": "official", "generated_at": "2026-08-11T04:47:12.996138+00:00", "tree_source_year": 2015, "geography_vintage": 2010, "dataset_geography": "NTA2010", "tree_2005_unassigned_count": 24027, "tree_2005_mapping_coverage_pct": 95.9 }, "geometry": { "type": "MultiPolygon", "coordinates": [ [ [ [ -73.864618, 40.734271 ], [ -73.864815, 40.73466 ], [ -73.865159, 40.735325 ], [ -73.86583, 40.736643 ], [ -73.866095, 40.737251 ], [ -73.86648, 40.738211 ], [ -73.86704, 40.739572 ], [ -73.867147, 40.739837 ], [ -73.867318, 40.740261 ], [ -73.867563, 40.740942 ], [ -73.867557, 40.741678 ], [ -73.867472, 40.742096 ], [ -73.867491, 40.743302 ], [ -73.867838, 40.744668 ], [ -73.867893, 40.744752 ], [ -73.86791, 40.744934 ], [ -73.866088, 40.745474 ], [ -73.864072, 40.746074 ], [ -73.862531, 40.746534 ], [ -73.86032, 40.747196 ], [ -73.860262, 40.747069 ], [ -73.857323, 40.747922 ], [ -73.854421, 40.748805 ], [ -73.854369, 40.748739 ], [ -73.854021, 40.748156 ], [ -73.853602, 40.747492 ], [ -73.85326, 40.746834 ], [ -73.852918, 40.746171 ], [ -73.852577, 40.745506 ], [ -73.852241, 40.744841 ], [ -73.850525, 40.741514 ], [ -73.850225, 40.740776 ], [ -73.85001, 40.740563 ], [ -73.847949, 40.739953 ], [ -73.848236, 40.73929 ], [ -73.847873, 40.739335 ], [ -73.847656, 40.739221 ], [ -73.847481, 40.739064 ], [ -73.849597, 40.73803 ], [ -73.851828, 40.737263 ], [ -73.852561, 40.737093 ], [ -73.853392, 40.73694 ], [ -73.855271, 40.736595 ], [ -73.858498, 40.73567 ], [ -73.858839, 40.735792 ], [ -73.860986, 40.73521 ], [ -73.862876, 40.734721 ], [ -73.864618, 40.734271 ] ] ], [ [ [ -73.855139, 40.750226 ], [ -73.855479, 40.750891 ], [ -73.855835, 40.751577 ], [ -73.854556, 40.751962 ], [ -73.855385, 40.753571 ], [ -73.855799, 40.75441 ], [ -73.854773, 40.754682 ], [ -73.853831, 40.754958 ], [ -73.853154, 40.755149 ], [ -73.852622, 40.75347 ], [ -73.852219, 40.752689 ], [ -73.850937, 40.749921 ], [ -73.8513, 40.749762 ], [ -73.854421, 40.748805 ], [ -73.855139, 40.750226 ] ] ] ] } },
{ "type": "Feature", "properties": { "nta_code": "QN26", "nta_name": "North Corona", "boro_name": "Queens", "trees_2015": 2264, "trees_2005": 1284, "area_km2": 1.67, "density_2005": 768.9, "density_2015": 1355.7, "tree_change": 980, "pct_change": 76.3, "data_mode": "official", "generated_at": "2026-08-11T04:47:12.996138+00:00", "tree_source_year": 2015, "geography_vintage": 2010, "dataset_geography": "NTA2010", "tree_2005_unassigned_count": 24027, "tree_2005_mapping_coverage_pct": 95.9 }, "geometry": { "type": "Polygon", "coordinates": [ [ [ -73.860262, 40.747069 ], [ -73.86032, 40.747196 ], [ -73.862531, 40.746534 ], [ -73.864072, 40.746074 ], [ -73.866088, 40.745474 ], [ -73.86791, 40.744934 ], [ -73.868086, 40.745601 ], [ -73.868265, 40.746314 ], [ -73.868529, 40.747588 ], [ -73.868914, 40.748369 ], [ -73.869425, 40.749157 ], [ -73.869685, 40.749612 ], [ -73.870892, 40.751444 ], [ -73.871792, 40.753326 ], [ -73.872142, 40.753986 ], [ -73.872692, 40.75503 ], [ -73.873657, 40.756804 ], [ -73.872219, 40.756943 ], [ -73.871324, 40.757036 ], [ -73.870414, 40.757132 ], [ -73.869503, 40.757228 ], [ -73.868484, 40.757335 ], [ -73.867463, 40.757442 ], [ -73.86657, 40.757536 ], [ -73.865674, 40.75763 ], [ -73.86462, 40.757694 ], [ -73.863715, 40.757726 ], [ -73.862807, 40.757759 ], [ -73.861906, 40.757795 ], [ -73.860999, 40.757825 ], [ -73.858561, 40.757912 ], [ -73.857753, 40.758027 ], [ -73.856952, 40.758133 ], [ -73.855398, 40.758097 ], [ -73.85524, 40.758114 ], [ -73.854634, 40.75813 ], [ -73.854413, 40.758066 ], [ -73.853798, 40.757178 ], [ -73.853154, 40.755149 ], [ -73.853831, 40.754958 ], [ -73.854773, 40.754682 ], [ -73.855799, 40.75441 ], [ -73.855385, 40.753571 ], [ -73.854556, 40.751962 ], [ -73.855835, 40.751577 ], [ -73.855479, 40.750891 ], [ -73.855139, 40.750226 ], [ -73.854421, 40.748805 ], [ -73.857323, 40.747922 ], [ -73.860262, 40.747069 ] ] ] } },
{ "type": "Feature", "properties": { "nta_code": "QN27", "nta_name": "East Elmhurst", "boro_name": "Queens", "trees_2015": 2165, "trees_2005": 1568, "area_km2": 1.79, "density_2005": 876.0, "density_2015": 1209.5, "tree_change": 597, "pct_change": 38.1, "data_mode": "official", "generated_at": "2026-08-11T04:47:12.996138+00:00", "tree_source_year": 2015, "geography_vintage": 2010, "dataset_geography": "NTA2010", "tree_2005_unassigned_count": 24027, "tree_2005_mapping_coverage_pct": 95.9 }, "geometry": { "type": "Polygon", "coordinates": [ [ [ -73.855914, 40.759679 ], [ -73.855814, 40.759624 ], [ -73.855251, 40.759148 ], [ -73.855014, 40.758967 ], [ -73.85464, 40.758466 ], [ -73.85458, 40.758388 ], [ -73.854413, 40.758066 ], [ -73.854634, 40.75813 ], [ -73.85524, 40.758114 ], [ -73.855398, 40.758097 ], [ -73.856952, 40.758133 ], [ -73.857753, 40.758027 ], [ -73.858561, 40.757912 ], [ -73.860999, 40.757825 ], [ -73.861906, 40.757795 ], [ -73.862807, 40.757759 ], [ -73.863715, 40.757726 ], [ -73.86462, 40.757694 ], [ -73.865674, 40.75763 ], [ -73.86657, 40.757536 ], [ -73.867463, 40.757442 ], [ -73.868484, 40.757335 ], [ -73.869503, 40.757228 ], [ -73.870414, 40.757132 ], [ -73.871324, 40.757036 ], [ -73.872219, 40.756943 ], [ -73.873657, 40.756804 ], [ -73.874208, 40.756732 ], [ -73.875139, 40.756634 ], [ -73.875807, 40.760308 ], [ -73.876014, 40.761444 ], [ -73.874996, 40.761264 ], [ -73.875313, 40.763008 ], [ -73.875535, 40.764231 ], [ -73.875865, 40.766052 ], [ -73.876356, 40.769109 ], [ -73.876074, 40.770332 ], [ -73.876054, 40.770892 ], [ -73.875284, 40.771768 ], [ -73.873059, 40.771808 ], [ -73.868054, 40.770113 ], [ -73.863593, 40.766099 ], [ -73.860878, 40.763206 ], [ -73.860047, 40.762191 ], [ -73.859799, 40.761923 ], [ -73.855914, 40.759679 ] ] ] } },
{ "type": "Feature", "properties": { "nta_code": "QN28", "nta_name": "Jackson Heights", "boro_name": "Queens", "trees_2015": 6863, "trees_2005": 7119, "area_km2": 4.46, "density_2005": 1596.2, "density_2015": 1538.8, "tree_change": -256, "pct_change": -3.6, "data_mode": "official", "generated_at": "2026-08-11T04:47:12.996138+00:00", "tree_source_year": 2015, "geography_vintage": 2010, "dataset_geography": "NTA2010", "tree_2005_unassigned_count": 24027, "tree_2005_mapping_coverage_pct": 95.9 }, "geometry": { "type": "Polygon", "coordinates": [ [ [ -73.897284, 40.750418 ], [ -73.897481, 40.751494 ], [ -73.897699, 40.752365 ], [ -73.898697, 40.75411 ], [ -73.899078, 40.754698 ], [ -73.899147, 40.75519 ], [ -73.899439, 40.756285 ], [ -73.89946, 40.757814 ], [ -73.899043, 40.759073 ], [ -73.898739, 40.759973 ], [ -73.897447, 40.761986 ], [ -73.894943, 40.764813 ], [ -73.89353, 40.766019 ], [ -73.893221, 40.766226 ], [ -73.890961, 40.766039 ], [ -73.890025, 40.766186 ], [ -73.889528, 40.766305 ], [ -73.88881, 40.766477 ], [ -73.888365, 40.766725 ], [ -73.887671, 40.76672 ], [ -73.878619, 40.770863 ], [ -73.875284, 40.771768 ], [ -73.876054, 40.770892 ], [ -73.876074, 40.770332 ], [ -73.876356, 40.769109 ], [ -73.875865, 40.766052 ], [ -73.875535, 40.764231 ], [ -73.875313, 40.763008 ], [ -73.874996, 40.761264 ], [ -73.876014, 40.761444 ], [ -73.875807, 40.760308 ], [ -73.875139, 40.756634 ], [ -73.874208, 40.756732 ], [ -73.873657, 40.756804 ], [ -73.872692, 40.75503 ], [ -73.872142, 40.753986 ], [ -73.871792, 40.753326 ], [ -73.870892, 40.751444 ], [ -73.869685, 40.749612 ], [ -73.869425, 40.749157 ], [ -73.870379, 40.749064 ], [ -73.871356, 40.748957 ], [ -73.871841, 40.748906 ], [ -73.872373, 40.748852 ], [ -73.872774, 40.748813 ], [ -73.873303, 40.748758 ], [ -73.873701, 40.748717 ], [ -73.876252, 40.748439 ], [ -73.87648, 40.748416 ], [ -73.877416, 40.748319 ], [ -73.878406, 40.748216 ], [ -73.879278, 40.748124 ], [ -73.881137, 40.747927 ], [ -73.882071, 40.74783 ], [ -73.882569, 40.747778 ], [ -73.882999, 40.747734 ], [ -73.883936, 40.74763 ], [ -73.884855, 40.747535 ], [ -73.885787, 40.74744 ], [ -73.886717, 40.747341 ], [ -73.887606, 40.747287 ], [ -73.8878, 40.747167 ], [ -73.888678, 40.747134 ], [ -73.890501, 40.746942 ], [ -73.891457, 40.74687 ], [ -73.892409, 40.747135 ], [ -73.893797, 40.747692 ], [ -73.895255, 40.748308 ], [ -73.895659, 40.748473 ], [ -73.89584, 40.748547 ], [ -73.896168, 40.748701 ], [ -73.897148, 40.750158 ], [ -73.897284, 40.750418 ] ] ] } },
{ "type": "Feature", "properties": { "nta_code": "QN29", "nta_name": "Elmhurst", "boro_name": "Queens", "trees_2015": 3307, "trees_2005": 3730, "area_km2": 3.04, "density_2005": 1227.0, "density_2015": 1087.8, "tree_change": -423, "pct_change": -11.3, "data_mode": "official", "generated_at": "2026-08-11T04:47:12.996138+00:00", "tree_source_year": 2015, "geography_vintage": 2010, "dataset_geography": "NTA2010", "tree_2005_unassigned_count": 24027, "tree_2005_mapping_coverage_pct": 95.9 }, "geometry": { "type": "Polygon", "coordinates": [ [ [ -73.877506, 40.731607 ], [ -73.877251, 40.731794 ], [ -73.878225, 40.732102 ], [ -73.877083, 40.732909 ], [ -73.878954, 40.73438 ], [ -73.879554, 40.734854 ], [ -73.880659, 40.735715 ], [ -73.880515, 40.735752 ], [ -73.880331, 40.737334 ], [ -73.881639, 40.737587 ], [ -73.882139, 40.737678 ], [ -73.882229, 40.737694 ], [ -73.88129, 40.737895 ], [ -73.879271, 40.738258 ], [ -73.877431, 40.738601 ], [ -73.877918, 40.739395 ], [ -73.878487, 40.739934 ], [ -73.878632, 40.74006 ], [ -73.87932, 40.740602 ], [ -73.879991, 40.74107 ], [ -73.880237, 40.741199 ], [ -73.880278, 40.741297 ], [ -73.881004, 40.741841 ], [ -73.881864, 40.741735 ], [ -73.882943, 40.74161 ], [ -73.882829, 40.740992 ], [ -73.884615, 40.740433 ], [ -73.885512, 40.740165 ], [ -73.885726, 40.741289 ], [ -73.887511, 40.741083 ], [ -73.887986, 40.743548 ], [ -73.88887, 40.743399 ], [ -73.890716, 40.743128 ], [ -73.89111, 40.745203 ], [ -73.891457, 40.74687 ], [ -73.890501, 40.746942 ], [ -73.888678, 40.747134 ], [ -73.8878, 40.747167 ], [ -73.887606, 40.747287 ], [ -73.886717, 40.747341 ], [ -73.885787, 40.74744 ], [ -73.884855, 40.747535 ], [ -73.883936, 40.74763 ], [ -73.882999, 40.747734 ], [ -73.882569, 40.747778 ], [ -73.882071, 40.74783 ], [ -73.881137, 40.747927 ], [ -73.879278, 40.748124 ], [ -73.878406, 40.748216 ], [ -73.877416, 40.748319 ], [ -73.87648, 40.748416 ], [ -73.876252, 40.748439 ], [ -73.873701, 40.748717 ], [ -73.873303, 40.748758 ], [ -73.872774, 40.748813 ], [ -73.872373, 40.748852 ], [ -73.871841, 40.748906 ], [ -73.871356, 40.748957 ], [ -73.870379, 40.749064 ], [ -73.869425, 40.749157 ], [ -73.868914, 40.748369 ], [ -73.868529, 40.747588 ], [ -73.868265, 40.746314 ], [ -73.868086, 40.745601 ], [ -73.86791, 40.744934 ], [ -73.867893, 40.744752 ], [ -73.867838, 40.744668 ], [ -73.867491, 40.743302 ], [ -73.867472, 40.742096 ], [ -73.867557, 40.741678 ], [ -73.867563, 40.740942 ], [ -73.867318, 40.740261 ], [ -73.867147, 40.739837 ], [ -73.86704, 40.739572 ], [ -73.86648, 40.738211 ], [ -73.866095, 40.737251 ], [ -73.86583, 40.736643 ], [ -73.865159, 40.735325 ], [ -73.864815, 40.73466 ], [ -73.864618, 40.734271 ], [ -73.864424, 40.733905 ], [ -73.86511, 40.733636 ], [ -73.866808, 40.733291 ], [ -73.86725, 40.733186 ], [ -73.868324, 40.73285 ], [ -73.868674, 40.732774 ], [ -73.869085, 40.732572 ], [ -73.870636, 40.732095 ], [ -73.871344, 40.731837 ], [ -73.871746, 40.731731 ], [ -73.873162, 40.731273 ], [ -73.873981, 40.730999 ], [ -73.8752, 40.730691 ], [ -73.876284, 40.730383 ], [ -73.877943, 40.729641 ], [ -73.878673, 40.729142 ], [ -73.879626, 40.728795 ], [ -73.882103, 40.728652 ], [ -73.883793, 40.728498 ], [ -73.885611, 40.72836 ], [ -73.88724, 40.727834 ], [ -73.887204, 40.728011 ], [ -73.887207, 40.72811 ], [ -73.887198, 40.728184 ], [ -73.887201, 40.728612 ], [ -73.88756, 40.730197 ], [ -73.88806, 40.730087 ], [ -73.88811, 40.730572 ], [ -73.888523, 40.734531 ], [ -73.887702, 40.734291 ], [ -73.887514, 40.734225 ], [ -73.886892, 40.734099 ], [ -73.883811, 40.73356 ], [ -73.883529, 40.733848 ], [ -73.87848, 40.731961 ], [ -73.877506, 40.731607 ] ] ] } },
{ "type": "Feature", "properties": { "nta_code": "QN30", "nta_name": "Maspeth", "boro_name": "Queens", "trees_2015": 3290, "trees_2005": 2770, "area_km2": 3.32, "density_2005": 834.3, "density_2015": 991.0, "tree_change": 520, "pct_change": 18.8, "data_mode": "official", "generated_at": "2026-08-11T04:47:12.996138+00:00", "tree_source_year": 2015, "geography_vintage": 2010, "dataset_geography": "NTA2010", "tree_2005_unassigned_count": 24027, "tree_2005_mapping_coverage_pct": 95.9 }, "geometry": { "type": "Polygon", "coordinates": [ [ [ -73.904895, 40.712857 ], [ -73.905376, 40.712877 ], [ -73.905563, 40.713715 ], [ -73.905868, 40.715069 ], [ -73.906021, 40.715743 ], [ -73.90639, 40.717364 ], [ -73.90966, 40.717793 ], [ -73.909763, 40.717737 ], [ -73.911187, 40.716947 ], [ -73.911636, 40.716407 ], [ -73.912109, 40.715813 ], [ -73.912556, 40.715661 ], [ -73.912831, 40.715413 ], [ -73.911739, 40.714724 ], [ -73.910158, 40.713822 ], [ -73.910735, 40.71323 ], [ -73.913038, 40.713332 ], [ -73.91467, 40.713437 ], [ -73.915663, 40.713469 ], [ -73.92392, 40.714074 ], [ -73.924361, 40.71557 ], [ -73.923734, 40.716245 ], [ -73.921538, 40.716795 ], [ -73.91805, 40.717765 ], [ -73.913398, 40.719051 ], [ -73.911321, 40.719624 ], [ -73.911889, 40.720263 ], [ -73.912984, 40.721601 ], [ -73.913498, 40.722347 ], [ -73.913863, 40.722893 ], [ -73.91317, 40.723082 ], [ -73.912708, 40.723285 ], [ -73.912563, 40.723239 ], [ -73.907468, 40.727177 ], [ -73.9073, 40.727293 ], [ -73.907185, 40.727381 ], [ -73.905684, 40.72855 ], [ -73.904218, 40.730127 ], [ -73.902597, 40.732104 ], [ -73.90108, 40.733908 ], [ -73.900618, 40.734476 ], [ -73.90001, 40.73485 ], [ -73.899022, 40.735149 ], [ -73.897832, 40.73516 ], [ -73.896912, 40.735087 ], [ -73.896511, 40.735097 ], [ -73.896029, 40.735018 ], [ -73.895101, 40.735021 ], [ -73.894765, 40.734986 ], [ -73.893235, 40.734561 ], [ -73.892326, 40.73447 ], [ -73.89175, 40.734485 ], [ -73.891385, 40.734505 ], [ -73.891139, 40.734513 ], [ -73.888523, 40.734531 ], [ -73.88811, 40.730572 ], [ -73.88806, 40.730087 ], [ -73.88756, 40.730197 ], [ -73.887201, 40.728612 ], [ -73.887198, 40.728184 ], [ -73.887207, 40.72811 ], [ -73.887204, 40.728011 ], [ -73.88724, 40.727834 ], [ -73.887099, 40.725319 ], [ -73.887077, 40.724638 ], [ -73.890175, 40.724947 ], [ -73.890303, 40.724924 ], [ -73.892656, 40.723888 ], [ -73.894113, 40.723214 ], [ -73.894265, 40.723143 ], [ -73.894268, 40.723142 ], [ -73.895824, 40.723899 ], [ -73.900106, 40.723296 ], [ -73.899816, 40.721237 ], [ -73.897369, 40.720482 ], [ -73.900626, 40.719764 ], [ -73.900335, 40.718669 ], [ -73.900339, 40.71802 ], [ -73.898348, 40.719198 ], [ -73.897268, 40.718147 ], [ -73.899018, 40.717382 ], [ -73.897818, 40.716712 ], [ -73.897502, 40.716384 ], [ -73.901158, 40.714622 ], [ -73.902854, 40.713793 ], [ -73.904772, 40.712866 ], [ -73.904895, 40.712857 ] ] ] } },
{ "type": "Feature", "properties": { "nta_code": "QN31", "nta_name": "Hunters Point-Sunnyside-West Maspeth", "boro_name": "Queens", "trees_2015": 5242, "trees_2005": 4722, "area_km2": 9.47, "density_2005": 498.6, "density_2015": 553.5, "tree_change": 520, "pct_change": 11.0, "data_mode": "official", "generated_at": "2026-08-11T04:47:12.996138+00:00", "tree_source_year": 2015, "geography_vintage": 2010, "dataset_geography": "NTA2010", "tree_2005_unassigned_count": 24027, "tree_2005_mapping_coverage_pct": 95.9 }, "geometry": { "type": "Polygon", "coordinates": [ [ [ -73.918936, 40.731778 ], [ -73.917445, 40.731181 ], [ -73.917424, 40.731132 ], [ -73.917521, 40.731003 ], [ -73.917967, 40.728501 ], [ -73.91522, 40.728083 ], [ -73.911869, 40.729553 ], [ -73.912008, 40.729945 ], [ -73.910216, 40.729271 ], [ -73.907185, 40.727381 ], [ -73.9073, 40.727293 ], [ -73.907468, 40.727177 ], [ -73.912563, 40.723239 ], [ -73.912708, 40.723285 ], [ -73.91317, 40.723082 ], [ -73.913863, 40.722893 ], [ -73.913498, 40.722347 ], [ -73.912984, 40.721601 ], [ -73.911889, 40.720263 ], [ -73.911321, 40.719624 ], [ -73.913398, 40.719051 ], [ -73.91805, 40.717765 ], [ -73.921538, 40.716795 ], [ -73.923734, 40.716245 ], [ -73.923043, 40.71699 ], [ -73.924036, 40.718764 ], [ -73.923865, 40.720056 ], [ -73.927929, 40.726578 ], [ -73.929223, 40.727849 ], [ -73.929428, 40.727878 ], [ -73.9319, 40.72844 ], [ -73.937339, 40.72992 ], [ -73.940734, 40.733425 ], [ -73.942361, 40.735564 ], [ -73.947064, 40.737516 ], [ -73.952627, 40.739255 ], [ -73.954084, 40.739446 ], [ -73.955164, 40.739145 ], [ -73.961188, 40.737091 ], [ -73.962795, 40.737674 ], [ -73.962703, 40.738303 ], [ -73.962503, 40.739322 ], [ -73.961544, 40.743081 ], [ -73.959941, 40.74439 ], [ -73.9583, 40.745731 ], [ -73.957236, 40.74756 ], [ -73.95492, 40.751509 ], [ -73.951011, 40.755724 ], [ -73.948907, 40.754748 ], [ -73.946406, 40.753598 ], [ -73.945234, 40.75307 ], [ -73.944268, 40.752618 ], [ -73.943963, 40.752396 ], [ -73.942872, 40.751956 ], [ -73.941995, 40.751541 ], [ -73.940531, 40.750812 ], [ -73.939607, 40.750411 ], [ -73.937906, 40.749595 ], [ -73.937366, 40.748892 ], [ -73.936165, 40.749714 ], [ -73.934743, 40.750979 ], [ -73.931959, 40.751974 ], [ -73.928742, 40.752042 ], [ -73.926484, 40.752071 ], [ -73.925987, 40.752092 ], [ -73.925627, 40.752137 ], [ -73.924417, 40.752404 ], [ -73.922966, 40.752729 ], [ -73.921619, 40.753028 ], [ -73.920479, 40.753285 ], [ -73.920277, 40.753338 ], [ -73.918923, 40.753636 ], [ -73.917632, 40.753858 ], [ -73.916505, 40.753892 ], [ -73.915473, 40.753792 ], [ -73.914467, 40.753661 ], [ -73.913542, 40.753469 ], [ -73.910579, 40.752984 ], [ -73.909813, 40.751574 ], [ -73.909556, 40.751037 ], [ -73.909483, 40.750561 ], [ -73.909516, 40.750442 ], [ -73.909711, 40.749755 ], [ -73.9099, 40.749087 ], [ -73.910159, 40.748502 ], [ -73.911642, 40.748685 ], [ -73.91173, 40.748435 ], [ -73.911801, 40.748276 ], [ -73.91193, 40.747988 ], [ -73.91212, 40.747295 ], [ -73.912353, 40.74632 ], [ -73.912449, 40.74592 ], [ -73.912131, 40.745887 ], [ -73.911247, 40.745784 ], [ -73.911509, 40.744471 ], [ -73.911941, 40.742383 ], [ -73.912822, 40.742486 ], [ -73.914029, 40.742491 ], [ -73.914438, 40.74056 ], [ -73.915675, 40.740785 ], [ -73.916301, 40.739069 ], [ -73.916512, 40.738945 ], [ -73.917091, 40.737145 ], [ -73.917177, 40.736898 ], [ -73.916515, 40.736757 ], [ -73.916848, 40.735613 ], [ -73.916892, 40.735463 ], [ -73.917286, 40.735381 ], [ -73.917501, 40.735233 ], [ -73.917724, 40.735043 ], [ -73.918484, 40.731988 ], [ -73.918934, 40.731876 ], [ -73.918936, 40.731778 ] ] ] } },
{ "type": "Feature", "properties": { "nta_code": "QN33", "nta_name": "Cambria Heights", "boro_name": "Queens", "trees_2015": 3324, "trees_2005": 3151, "area_km2": 3.12, "density_2005": 1009.9, "density_2015": 1065.4, "tree_change": 173, "pct_change": 5.5, "data_mode": "official", "generated_at": "2026-08-11T04:47:12.996138+00:00", "tree_source_year": 2015, "geography_vintage": 2010, "dataset_geography": "NTA2010", "tree_2005_unassigned_count": 24027, "tree_2005_mapping_coverage_pct": 95.9 }, "geometry": { "type": "Polygon", "coordinates": [ [ [ -73.737442, 40.686701 ], [ -73.737585, 40.686408 ], [ -73.741229, 40.687493 ], [ -73.747134, 40.689353 ], [ -73.747527, 40.689383 ], [ -73.747286, 40.689737 ], [ -73.746243, 40.691279 ], [ -73.745105, 40.692783 ], [ -73.744823, 40.693171 ], [ -73.744159, 40.69455 ], [ -73.743593, 40.696215 ], [ -73.745237, 40.696375 ], [ -73.74619, 40.696119 ], [ -73.74773, 40.699553 ], [ -73.745888, 40.70003 ], [ -73.745001, 40.700262 ], [ -73.745909, 40.702287 ], [ -73.743862, 40.702811 ], [ -73.743307, 40.70296 ], [ -73.741676, 40.703384 ], [ -73.7405, 40.703435 ], [ -73.740777, 40.70268 ], [ -73.736249, 40.702537 ], [ -73.734304, 40.702478 ], [ -73.734265, 40.70322 ], [ -73.732315, 40.70316 ], [ -73.727768, 40.703021 ], [ -73.727241, 40.703077 ], [ -73.72586, 40.702604 ], [ -73.725755, 40.701992 ], [ -73.72556, 40.701396 ], [ -73.725542, 40.701125 ], [ -73.725465, 40.700403 ], [ -73.726405, 40.696863 ], [ -73.726258, 40.690611 ], [ -73.726259, 40.690269 ], [ -73.726372, 40.689714 ], [ -73.726231, 40.68966 ], [ -73.726385, 40.689571 ], [ -73.726377, 40.689442 ], [ -73.725938, 40.686892 ], [ -73.725956, 40.685682 ], [ -73.725843, 40.685248 ], [ -73.725726, 40.683908 ], [ -73.725792, 40.683574 ], [ -73.725861, 40.683223 ], [ -73.726505, 40.683387 ], [ -73.727183, 40.683597 ], [ -73.728721, 40.684062 ], [ -73.73222, 40.685121 ], [ -73.733646, 40.685542 ], [ -73.73396, 40.685639 ], [ -73.737442, 40.686701 ] ] ] } },
{ "type": "Feature", "properties": { "nta_code": "QN34", "nta_name": "Queens Village", "boro_name": "Queens", "trees_2015": 6856, "trees_2005": 6104, "area_km2": 6.52, "density_2005": 936.2, "density_2015": 1051.5, "tree_change": 752, "pct_change": 12.3, "data_mode": "official", "generated_at": "2026-08-11T04:47:12.996138+00:00", "tree_source_year": 2015, "geography_vintage": 2010, "dataset_geography": "NTA2010", "tree_2005_unassigned_count": 24027, "tree_2005_mapping_coverage_pct": 95.9 }, "geometry": { "type": "Polygon", "coordinates": [ [ [ -73.75246, 40.710317 ], [ -73.753184, 40.712055 ], [ -73.753607, 40.713071 ], [ -73.753708, 40.713325 ], [ -73.754037, 40.71388 ], [ -73.754701, 40.71471 ], [ -73.755889, 40.716299 ], [ -73.757257, 40.718139 ], [ -73.754749, 40.719217 ], [ -73.753931, 40.719572 ], [ -73.752334, 40.720262 ], [ -73.753227, 40.721284 ], [ -73.755771, 40.72364 ], [ -73.754996, 40.724121 ], [ -73.754864, 40.724203 ], [ -73.755156, 40.72483 ], [ -73.7554, 40.725044 ], [ -73.756566, 40.726133 ], [ -73.7517, 40.728407 ], [ -73.747395, 40.732016 ], [ -73.746812, 40.732505 ], [ -73.746641, 40.731763 ], [ -73.746264, 40.731201 ], [ -73.745507, 40.730656 ], [ -73.743764, 40.730227 ], [ -73.742441, 40.729969 ], [ -73.738402, 40.729012 ], [ -73.737155, 40.728732 ], [ -73.735455, 40.728346 ], [ -73.731492, 40.727419 ], [ -73.731219, 40.726698 ], [ -73.729905, 40.723273 ], [ -73.728364, 40.723614 ], [ -73.728162, 40.723084 ], [ -73.730326, 40.722157 ], [ -73.729661, 40.720483 ], [ -73.729176, 40.719167 ], [ -73.728522, 40.716784 ], [ -73.726979, 40.710812 ], [ -73.726905, 40.710017 ], [ -73.725938, 40.706029 ], [ -73.725874, 40.703611 ], [ -73.725867, 40.703205 ], [ -73.725846, 40.703015 ], [ -73.725843, 40.702841 ], [ -73.725867, 40.702741 ], [ -73.72586, 40.702604 ], [ -73.727241, 40.703077 ], [ -73.727768, 40.703021 ], [ -73.732315, 40.70316 ], [ -73.734265, 40.70322 ], [ -73.734304, 40.702478 ], [ -73.736249, 40.702537 ], [ -73.740777, 40.70268 ], [ -73.7405, 40.703435 ], [ -73.741676, 40.703384 ], [ -73.743307, 40.70296 ], [ -73.743862, 40.702811 ], [ -73.745909, 40.702287 ], [ -73.745001, 40.700262 ], [ -73.745888, 40.70003 ], [ -73.74773, 40.699553 ], [ -73.74619, 40.696119 ], [ -73.748633, 40.695445 ], [ -73.750193, 40.698912 ], [ -73.749305, 40.699142 ], [ -73.749621, 40.69983 ], [ -73.750828, 40.702515 ], [ -73.751135, 40.703203 ], [ -73.752051, 40.705228 ], [ -73.750471, 40.70564 ], [ -73.751212, 40.707307 ], [ -73.75246, 40.710317 ] ] ] } },
{ "type": "Feature", "properties": { "nta_code": "QN35", "nta_name": "Briarwood-Jamaica Hills", "boro_name": "Queens", "trees_2015": 3278, "trees_2005": 2884, "area_km2": 2.73, "density_2005": 1056.4, "density_2015": 1200.7, "tree_change": 394, "pct_change": 13.7, "data_mode": "official", "generated_at": "2026-08-11T04:47:12.996138+00:00", "tree_source_year": 2015, "geography_vintage": 2010, "dataset_geography": "NTA2010", "tree_2005_unassigned_count": 24027, "tree_2005_mapping_coverage_pct": 95.9 }, "geometry": { "type": "Polygon", "coordinates": [ [ [ -73.811859, 40.704359 ], [ -73.811737, 40.704146 ], [ -73.811713, 40.703662 ], [ -73.811632, 40.703052 ], [ -73.811529, 40.702273 ], [ -73.811905, 40.702337 ], [ -73.813018, 40.702495 ], [ -73.814294, 40.702531 ], [ -73.81594, 40.702459 ], [ -73.816288, 40.702453 ], [ -73.818383, 40.706729 ], [ -73.81892, 40.707486 ], [ -73.819386, 40.708425 ], [ -73.819615, 40.708863 ], [ -73.820281, 40.709699 ], [ -73.820502, 40.710111 ], [ -73.823867, 40.712952 ], [ -73.824304, 40.713869 ], [ -73.824647, 40.714331 ], [ -73.825721, 40.715486 ], [ -73.825756, 40.715522 ], [ -73.825818, 40.715705 ], [ -73.825956, 40.716022 ], [ -73.825793, 40.716146 ], [ -73.825247, 40.71614 ], [ -73.823789, 40.716455 ], [ -73.823157, 40.716667 ], [ -73.822726, 40.716755 ], [ -73.821948, 40.716828 ], [ -73.820513, 40.716647 ], [ -73.81621, 40.715853 ], [ -73.807833, 40.715876 ], [ -73.803142, 40.716207 ], [ -73.798205, 40.717331 ], [ -73.793456, 40.718863 ], [ -73.79065, 40.71926 ], [ -73.790896, 40.718876 ], [ -73.791236, 40.718689 ], [ -73.791733, 40.71832 ], [ -73.793149, 40.714933 ], [ -73.79346, 40.714419 ], [ -73.793502, 40.713213 ], [ -73.793194, 40.712566 ], [ -73.792998, 40.711581 ], [ -73.793038, 40.710711 ], [ -73.794731, 40.710012 ], [ -73.796394, 40.709532 ], [ -73.797314, 40.70927 ], [ -73.797768, 40.709143 ], [ -73.798701, 40.710663 ], [ -73.801069, 40.709818 ], [ -73.803024, 40.70814 ], [ -73.802787, 40.707716 ], [ -73.802228, 40.706749 ], [ -73.801657, 40.705761 ], [ -73.803572, 40.705233 ], [ -73.805648, 40.704672 ], [ -73.806137, 40.705692 ], [ -73.806589, 40.706634 ], [ -73.806949, 40.707367 ], [ -73.809348, 40.706685 ], [ -73.812012, 40.705945 ], [ -73.811904, 40.705124 ], [ -73.811859, 40.704359 ] ] ] } },
{ "type": "Feature", "properties": { "nta_code": "QN37", "nta_name": "Kew Gardens Hills", "boro_name": "Queens", "trees_2015": 5088, "trees_2005": 4481, "area_km2": 3.54, "density_2005": 1265.8, "density_2015": 1437.3, "tree_change": 607, "pct_change": 13.5, "data_mode": "official", "generated_at": "2026-08-11T04:47:12.996138+00:00", "tree_source_year": 2015, "geography_vintage": 2010, "dataset_geography": "NTA2010", "tree_2005_unassigned_count": 24027, "tree_2005_mapping_coverage_pct": 95.9 }, "geometry": { "type": "Polygon", "coordinates": [ [ [ -73.807833, 40.715876 ], [ -73.81621, 40.715853 ], [ -73.820513, 40.716647 ], [ -73.819305, 40.717136 ], [ -73.81798, 40.717499 ], [ -73.819523, 40.71734 ], [ -73.82062, 40.717321 ], [ -73.821675, 40.717351 ], [ -73.82373, 40.717424 ], [ -73.82458, 40.717345 ], [ -73.825415, 40.717333 ], [ -73.82546, 40.718 ], [ -73.825487, 40.718691 ], [ -73.825859, 40.720463 ], [ -73.826726, 40.723082 ], [ -73.827555, 40.724961 ], [ -73.829951, 40.725968 ], [ -73.831767, 40.728016 ], [ -73.833071, 40.729919 ], [ -73.833701, 40.730682 ], [ -73.829264, 40.731564 ], [ -73.827425, 40.73193 ], [ -73.825665, 40.73228 ], [ -73.825496, 40.734046 ], [ -73.824988, 40.739377 ], [ -73.824812, 40.739631 ], [ -73.814968, 40.73855 ], [ -73.814694, 40.737154 ], [ -73.814769, 40.734764 ], [ -73.8148, 40.733783 ], [ -73.814916, 40.732038 ], [ -73.815035, 40.730464 ], [ -73.815045, 40.730399 ], [ -73.815231, 40.728794 ], [ -73.81444, 40.728094 ], [ -73.812468, 40.727133 ], [ -73.811516, 40.726658 ], [ -73.810744, 40.726265 ], [ -73.810694, 40.726489 ], [ -73.810886, 40.727172 ], [ -73.811124, 40.727833 ], [ -73.808958, 40.728073 ], [ -73.80717, 40.728269 ], [ -73.806785, 40.726232 ], [ -73.806652, 40.725553 ], [ -73.806521, 40.724873 ], [ -73.80488, 40.725056 ], [ -73.804739, 40.723628 ], [ -73.804668, 40.722915 ], [ -73.804529, 40.721466 ], [ -73.80904, 40.719912 ], [ -73.808605, 40.718415 ], [ -73.808099, 40.716802 ], [ -73.807844, 40.716 ], [ -73.807833, 40.715876 ] ] ] } },
{ "type": "Feature", "properties": { "nta_code": "QN38", "nta_name": "Pomonok-Flushing Heights-Hillcrest", "boro_name": "Queens", "trees_2015": 4985, "trees_2005": 4503, "area_km2": 3.62, "density_2005": 1243.9, "density_2015": 1377.1, "tree_change": 482, "pct_change": 10.7, "data_mode": "official", "generated_at": "2026-08-11T04:47:12.996138+00:00", "tree_source_year": 2015, "geography_vintage": 2010, "dataset_geography": "NTA2010", "tree_2005_unassigned_count": 24027, "tree_2005_mapping_coverage_pct": 95.9 }, "geometry": { "type": "Polygon", "coordinates": [ [ [ -73.804529, 40.721466 ], [ -73.804668, 40.722915 ], [ -73.804739, 40.723628 ], [ -73.80488, 40.725056 ], [ -73.806521, 40.724873 ], [ -73.806652, 40.725553 ], [ -73.806785, 40.726232 ], [ -73.80717, 40.728269 ], [ -73.808958, 40.728073 ], [ -73.811124, 40.727833 ], [ -73.810886, 40.727172 ], [ -73.810694, 40.726489 ], [ -73.810744, 40.726265 ], [ -73.811516, 40.726658 ], [ -73.812468, 40.727133 ], [ -73.81444, 40.728094 ], [ -73.815231, 40.728794 ], [ -73.815045, 40.730399 ], [ -73.815035, 40.730464 ], [ -73.814916, 40.732038 ], [ -73.8148, 40.733783 ], [ -73.814769, 40.734764 ], [ -73.814694, 40.737154 ], [ -73.814968, 40.73855 ], [ -73.81477, 40.738878 ], [ -73.809441, 40.738674 ], [ -73.806318, 40.738566 ], [ -73.804695, 40.738484 ], [ -73.796311, 40.738272 ], [ -73.796239, 40.737884 ], [ -73.795125, 40.736411 ], [ -73.794586, 40.735052 ], [ -73.794596, 40.734544 ], [ -73.794626, 40.733596 ], [ -73.794278, 40.732696 ], [ -73.793819, 40.731657 ], [ -73.79385, 40.731247 ], [ -73.793784, 40.730701 ], [ -73.793525, 40.730054 ], [ -73.792837, 40.728423 ], [ -73.7923, 40.727141 ], [ -73.791745, 40.725776 ], [ -73.790325, 40.720197 ], [ -73.790532, 40.719752 ], [ -73.79065, 40.71926 ], [ -73.793456, 40.718863 ], [ -73.798205, 40.717331 ], [ -73.803142, 40.716207 ], [ -73.807833, 40.715876 ], [ -73.807844, 40.716 ], [ -73.808099, 40.716802 ], [ -73.808605, 40.718415 ], [ -73.80904, 40.719912 ], [ -73.804529, 40.721466 ] ] ] } },
{ "type": "Feature", "properties": { "nta_code": "QN41", "nta_name": "Fresh Meadows-Utopia", "boro_name": "Queens", "trees_2015": 2872, "trees_2005": 3289, "area_km2": 2.57, "density_2005": 1279.8, "density_2015": 1117.5, "tree_change": -417, "pct_change": -12.7, "data_mode": "official", "generated_at": "2026-08-11T04:47:12.996138+00:00", "tree_source_year": 2015, "geography_vintage": 2010, "dataset_geography": "NTA2010", "tree_2005_unassigned_count": 24027, "tree_2005_mapping_coverage_pct": 95.9 }, "geometry": { "type": "Polygon", "coordinates": [ [ [ -73.770107, 40.731779 ], [ -73.771527, 40.731522 ], [ -73.774913, 40.730913 ], [ -73.775804, 40.73068 ], [ -73.777575, 40.730193 ], [ -73.779365, 40.729702 ], [ -73.781161, 40.729213 ], [ -73.780485, 40.727752 ], [ -73.782, 40.727237 ], [ -73.782921, 40.726817 ], [ -73.783601, 40.728413 ], [ -73.785685, 40.72773 ], [ -73.78655, 40.727445 ], [ -73.789459, 40.726493 ], [ -73.790845, 40.726036 ], [ -73.791745, 40.725776 ], [ -73.7923, 40.727141 ], [ -73.792837, 40.728423 ], [ -73.793525, 40.730054 ], [ -73.793784, 40.730701 ], [ -73.79385, 40.731247 ], [ -73.793819, 40.731657 ], [ -73.794278, 40.732696 ], [ -73.794626, 40.733596 ], [ -73.794596, 40.734544 ], [ -73.794586, 40.735052 ], [ -73.795125, 40.736411 ], [ -73.796239, 40.737884 ], [ -73.796311, 40.738272 ], [ -73.792954, 40.739182 ], [ -73.787979, 40.740403 ], [ -73.787053, 40.740689 ], [ -73.786664, 40.740809 ], [ -73.783482, 40.741659 ], [ -73.782227, 40.741972 ], [ -73.781069, 40.742299 ], [ -73.780316, 40.742534 ], [ -73.776817, 40.743275 ], [ -73.775697, 40.743337 ], [ -73.772861, 40.736276 ], [ -73.770107, 40.731779 ] ] ] } },
{ "type": "Feature", "properties": { "nta_code": "QN42", "nta_name": "Oakland Gardens", "boro_name": "Queens", "trees_2015": 6059, "trees_2005": 5171, "area_km2": 4.67, "density_2005": 1107.3, "density_2015": 1297.4, "tree_change": 888, "pct_change": 17.2, "data_mode": "official", "generated_at": "2026-08-11T04:47:12.996138+00:00", "tree_source_year": 2015, "geography_vintage": 2010, "dataset_geography": "NTA2010", "tree_2005_unassigned_count": 24027, "tree_2005_mapping_coverage_pct": 95.9 }, "geometry": { "type": "Polygon", "coordinates": [ [ [ -73.756566, 40.726133 ], [ -73.760684, 40.728707 ], [ -73.765558, 40.732535 ], [ -73.764893, 40.732661 ], [ -73.764903, 40.732723 ], [ -73.764268, 40.732767 ], [ -73.7637, 40.732864 ], [ -73.765041, 40.734477 ], [ -73.762673, 40.735015 ], [ -73.762474, 40.736044 ], [ -73.762683, 40.737256 ], [ -73.763609, 40.739175 ], [ -73.764315, 40.740673 ], [ -73.765151, 40.742437 ], [ -73.76776, 40.745806 ], [ -73.767498, 40.745896 ], [ -73.765248, 40.74653 ], [ -73.761393, 40.747695 ], [ -73.756986, 40.749158 ], [ -73.75699, 40.749575 ], [ -73.757827, 40.750758 ], [ -73.759293, 40.752347 ], [ -73.760192, 40.753167 ], [ -73.760802, 40.754548 ], [ -73.761927, 40.755773 ], [ -73.761856, 40.756517 ], [ -73.761767, 40.757279 ], [ -73.761997, 40.758102 ], [ -73.762395, 40.759497 ], [ -73.761255, 40.759715 ], [ -73.760377, 40.75996 ], [ -73.758001, 40.76038 ], [ -73.757237, 40.760161 ], [ -73.755895, 40.757839 ], [ -73.752303, 40.759455 ], [ -73.750048, 40.758405 ], [ -73.747715, 40.754005 ], [ -73.747606, 40.753508 ], [ -73.747122, 40.752381 ], [ -73.746928, 40.752072 ], [ -73.744151, 40.748217 ], [ -73.745807, 40.745721 ], [ -73.744852, 40.743319 ], [ -73.747736, 40.743368 ], [ -73.748877, 40.743288 ], [ -73.750728, 40.742998 ], [ -73.753473, 40.742405 ], [ -73.75139, 40.740194 ], [ -73.749968, 40.739746 ], [ -73.744056, 40.740735 ], [ -73.743751, 40.740135 ], [ -73.743719, 40.739383 ], [ -73.743375, 40.738885 ], [ -73.740021, 40.738712 ], [ -73.741568, 40.736929 ], [ -73.742962, 40.735547 ], [ -73.746812, 40.732505 ], [ -73.747395, 40.732016 ], [ -73.7517, 40.728407 ], [ -73.756566, 40.726133 ] ] ] } },
{ "type": "Feature", "properties": { "nta_code": "QN43", "nta_name": "Bellerose", "boro_name": "Queens", "trees_2015": 6246, "trees_2005": 6634, "area_km2": 5.1, "density_2005": 1300.8, "density_2015": 1224.7, "tree_change": -388, "pct_change": -5.8, "data_mode": "official", "generated_at": "2026-08-11T04:47:12.996138+00:00", "tree_source_year": 2015, "geography_vintage": 2010, "dataset_geography": "NTA2010", "tree_2005_unassigned_count": 24027, "tree_2005_mapping_coverage_pct": 95.9 }, "geometry": { "type": "Polygon", "coordinates": [ [ [ -73.728162, 40.723084 ], [ -73.728364, 40.723614 ], [ -73.729905, 40.723273 ], [ -73.731219, 40.726698 ], [ -73.731492, 40.727419 ], [ -73.735455, 40.728346 ], [ -73.737155, 40.728732 ], [ -73.738402, 40.729012 ], [ -73.742441, 40.729969 ], [ -73.743764, 40.730227 ], [ -73.745507, 40.730656 ], [ -73.746264, 40.731201 ], [ -73.746641, 40.731763 ], [ -73.746812, 40.732505 ], [ -73.742962, 40.735547 ], [ -73.741568, 40.736929 ], [ -73.740021, 40.738712 ], [ -73.73914, 40.739725 ], [ -73.738095, 40.740314 ], [ -73.733603, 40.742678 ], [ -73.730165, 40.745857 ], [ -73.729376, 40.747063 ], [ -73.728291, 40.747459 ], [ -73.727017, 40.74951 ], [ -73.719896, 40.749394 ], [ -73.718968, 40.746998 ], [ -73.718699, 40.746412 ], [ -73.718546, 40.746072 ], [ -73.718329, 40.745517 ], [ -73.717625, 40.744028 ], [ -73.717406, 40.743511 ], [ -73.716568, 40.74165 ], [ -73.715783, 40.739894 ], [ -73.715446, 40.73921 ], [ -73.71477, 40.7379 ], [ -73.71371, 40.736175 ], [ -73.712506, 40.73421 ], [ -73.712085, 40.733524 ], [ -73.711478, 40.732501 ], [ -73.710893, 40.730971 ], [ -73.710607, 40.729453 ], [ -73.710555, 40.728041 ], [ -73.7105, 40.727227 ], [ -73.711882, 40.727047 ], [ -73.712407, 40.726978 ], [ -73.714076, 40.72676 ], [ -73.71588, 40.726542 ], [ -73.720902, 40.725342 ], [ -73.721193, 40.725267 ], [ -73.721786, 40.725089 ], [ -73.722912, 40.724794 ], [ -73.724122, 40.724475 ], [ -73.724731, 40.72431 ], [ -73.725672, 40.724038 ], [ -73.728162, 40.723084 ] ] ] } },
{ "type": "Feature", "properties": { "nta_code": "QN44", "nta_name": "Glen Oaks-Floral Park-New Hyde Park", "boro_name": "Queens", "trees_2015": 6814, "trees_2005": 7067, "area_km2": 4.23, "density_2005": 1670.7, "density_2015": 1610.9, "tree_change": -253, "pct_change": -3.6, "data_mode": "official", "generated_at": "2026-08-11T04:47:12.996138+00:00", "tree_source_year": 2015, "geography_vintage": 2010, "dataset_geography": "NTA2010", "tree_2005_unassigned_count": 24027, "tree_2005_mapping_coverage_pct": 95.9 }, "geometry": { "type": "Polygon", "coordinates": [ [ [ -73.704599, 40.732502 ], [ -73.704869, 40.731997 ], [ -73.705269, 40.731513 ], [ -73.70648, 40.729711 ], [ -73.707662, 40.727831 ], [ -73.709774, 40.727381 ], [ -73.7105, 40.727227 ], [ -73.710555, 40.728041 ], [ -73.710607, 40.729453 ], [ -73.710893, 40.730971 ], [ -73.711478, 40.732501 ], [ -73.712085, 40.733524 ], [ -73.712506, 40.73421 ], [ -73.71371, 40.736175 ], [ -73.71477, 40.7379 ], [ -73.715446, 40.73921 ], [ -73.715783, 40.739894 ], [ -73.716568, 40.74165 ], [ -73.717406, 40.743511 ], [ -73.717625, 40.744028 ], [ -73.718329, 40.745517 ], [ -73.718546, 40.746072 ], [ -73.718699, 40.746412 ], [ -73.718968, 40.746998 ], [ -73.719896, 40.749394 ], [ -73.727017, 40.74951 ], [ -73.728291, 40.747459 ], [ -73.729376, 40.747063 ], [ -73.729067, 40.747391 ], [ -73.728627, 40.748197 ], [ -73.727962, 40.750026 ], [ -73.725656, 40.752045 ], [ -73.723837, 40.753304 ], [ -73.722917, 40.754098 ], [ -73.721178, 40.756871 ], [ -73.716998, 40.759333 ], [ -73.713034, 40.759566 ], [ -73.707825, 40.756216 ], [ -73.70542, 40.754606 ], [ -73.702735, 40.753251 ], [ -73.701744, 40.75253 ], [ -73.701342, 40.750767 ], [ -73.701168, 40.748865 ], [ -73.700901, 40.747129 ], [ -73.700872, 40.746866 ], [ -73.700768, 40.745014 ], [ -73.700582, 40.743184 ], [ -73.700292, 40.74105 ], [ -73.700277, 40.73972 ], [ -73.700272, 40.739242 ], [ -73.700356, 40.739172 ], [ -73.700655, 40.738319 ], [ -73.701239, 40.737427 ], [ -73.702004, 40.736522 ], [ -73.702189, 40.73611 ], [ -73.70259, 40.73551 ], [ -73.703315, 40.734563 ], [ -73.704599, 40.732502 ] ] ] } },
{ "type": "Feature", "properties": { "nta_code": "QN45", "nta_name": "Douglas Manor-Douglaston-Little Neck", "boro_name": "Queens", "trees_2015": 7302, "trees_2005": 6547, "area_km2": 6.46, "density_2005": 1013.5, "density_2015": 1130.3, "tree_change": 755, "pct_change": 11.5, "data_mode": "official", "generated_at": "2026-08-11T04:47:12.996138+00:00", "tree_source_year": 2015, "geography_vintage": 2010, "dataset_geography": "NTA2010", "tree_2005_unassigned_count": 24027, "tree_2005_mapping_coverage_pct": 95.9 }, "geometry": { "type": "Polygon", "coordinates": [ [ [ -73.728627, 40.748197 ], [ -73.729067, 40.747391 ], [ -73.729376, 40.747063 ], [ -73.730165, 40.745857 ], [ -73.733603, 40.742678 ], [ -73.733767, 40.742938 ], [ -73.734362, 40.743628 ], [ -73.735, 40.744575 ], [ -73.734982, 40.745445 ], [ -73.737015, 40.748178 ], [ -73.737557, 40.748535 ], [ -73.738305, 40.749247 ], [ -73.739854, 40.751299 ], [ -73.740867, 40.751961 ], [ -73.741781, 40.753482 ], [ -73.739381, 40.755761 ], [ -73.739179, 40.756718 ], [ -73.739292, 40.756974 ], [ -73.739963, 40.756526 ], [ -73.741294, 40.756137 ], [ -73.742445, 40.758645 ], [ -73.746592, 40.763907 ], [ -73.750786, 40.763619 ], [ -73.748729, 40.764029 ], [ -73.750722, 40.766512 ], [ -73.753274, 40.765551 ], [ -73.753397, 40.765864 ], [ -73.758506, 40.772116 ], [ -73.760295, 40.776921 ], [ -73.760142, 40.780674 ], [ -73.758799, 40.784299 ], [ -73.756187, 40.788703 ], [ -73.750817, 40.782887 ], [ -73.750655, 40.782711 ], [ -73.750304, 40.782532 ], [ -73.749575, 40.781898 ], [ -73.746831, 40.778995 ], [ -73.74676, 40.780382 ], [ -73.74421, 40.778705 ], [ -73.739456, 40.775952 ], [ -73.739361, 40.775868 ], [ -73.738966, 40.775518 ], [ -73.738752, 40.775497 ], [ -73.737853, 40.774879 ], [ -73.73376, 40.772469 ], [ -73.733049, 40.77196 ], [ -73.72959, 40.769985 ], [ -73.728711, 40.769468 ], [ -73.727888, 40.768898 ], [ -73.720942, 40.764794 ], [ -73.720653, 40.764477 ], [ -73.714438, 40.76045 ], [ -73.713432, 40.759761 ], [ -73.713034, 40.759566 ], [ -73.716998, 40.759333 ], [ -73.721178, 40.756871 ], [ -73.722917, 40.754098 ], [ -73.723837, 40.753304 ], [ -73.725656, 40.752045 ], [ -73.727962, 40.750026 ], [ -73.728627, 40.748197 ] ] ] } },
{ "type": "Feature", "properties": { "nta_code": "QN46", "nta_name": "Bayside-Bayside Hills", "boro_name": "Queens", "trees_2015": 9780, "trees_2005": 10839, "area_km2": 7.51, "density_2005": 1443.3, "density_2015": 1302.3, "tree_change": -1059, "pct_change": -9.8, "data_mode": "official", "generated_at": "2026-08-11T04:47:12.996138+00:00", "tree_source_year": 2015, "geography_vintage": 2010, "dataset_geography": "NTA2010", "tree_2005_unassigned_count": 24027, "tree_2005_mapping_coverage_pct": 95.9 }, "geometry": { "type": "Polygon", "coordinates": [ [ [ -73.780088, 40.752494 ], [ -73.780532, 40.753329 ], [ -73.782125, 40.755339 ], [ -73.782481, 40.755997 ], [ -73.782816, 40.756666 ], [ -73.783392, 40.757758 ], [ -73.784471, 40.759864 ], [ -73.785168, 40.761433 ], [ -73.785274, 40.761842 ], [ -73.785263, 40.762264 ], [ -73.785445, 40.762597 ], [ -73.785707, 40.762937 ], [ -73.787454, 40.763945 ], [ -73.787744, 40.764144 ], [ -73.788416, 40.764337 ], [ -73.789636, 40.766142 ], [ -73.790228, 40.766955 ], [ -73.790599, 40.767419 ], [ -73.791423, 40.768349 ], [ -73.791902, 40.768936 ], [ -73.792389, 40.769551 ], [ -73.793179, 40.770403 ], [ -73.793237, 40.770468 ], [ -73.794159, 40.771516 ], [ -73.795611, 40.773042 ], [ -73.793652, 40.77336 ], [ -73.792713, 40.773788 ], [ -73.791635, 40.774239 ], [ -73.79035, 40.774573 ], [ -73.789842, 40.774687 ], [ -73.789026, 40.774872 ], [ -73.78741, 40.775318 ], [ -73.785694, 40.775813 ], [ -73.784483, 40.776168 ], [ -73.782798, 40.776666 ], [ -73.780362, 40.777387 ], [ -73.779477, 40.777664 ], [ -73.778588, 40.777912 ], [ -73.776784, 40.77841 ], [ -73.775839, 40.778613 ], [ -73.775537, 40.777026 ], [ -73.76935, 40.778875 ], [ -73.768822, 40.779123 ], [ -73.76847, 40.779115 ], [ -73.767978, 40.778471 ], [ -73.767058, 40.778529 ], [ -73.760142, 40.780674 ], [ -73.760295, 40.776921 ], [ -73.758506, 40.772116 ], [ -73.753397, 40.765864 ], [ -73.753274, 40.765551 ], [ -73.7537, 40.76529 ], [ -73.759236, 40.764395 ], [ -73.758115, 40.762054 ], [ -73.758481, 40.761995 ], [ -73.758001, 40.76038 ], [ -73.760377, 40.75996 ], [ -73.761255, 40.759715 ], [ -73.762395, 40.759497 ], [ -73.761997, 40.758102 ], [ -73.761767, 40.757279 ], [ -73.761856, 40.756517 ], [ -73.761927, 40.755773 ], [ -73.760802, 40.754548 ], [ -73.760192, 40.753167 ], [ -73.759293, 40.752347 ], [ -73.757827, 40.750758 ], [ -73.75699, 40.749575 ], [ -73.756986, 40.749158 ], [ -73.761393, 40.747695 ], [ -73.765248, 40.74653 ], [ -73.767498, 40.745896 ], [ -73.76776, 40.745806 ], [ -73.771593, 40.744076 ], [ -73.775697, 40.743337 ], [ -73.775852, 40.743556 ], [ -73.775943, 40.743819 ], [ -73.776168, 40.74424 ], [ -73.777551, 40.747144 ], [ -73.778312, 40.748745 ], [ -73.779806, 40.751895 ], [ -73.780088, 40.752494 ] ] ] } },
{ "type": "Feature", "properties": { "nta_code": "QN47", "nta_name": "Ft. Totten-Bay Terrace-Clearview", "boro_name": "Queens", "trees_2015": 2906, "trees_2005": 3377, "area_km2": 4.34, "density_2005": 778.1, "density_2015": 669.6, "tree_change": -471, "pct_change": -13.9, "data_mode": "official", "generated_at": "2026-08-11T04:47:12.996138+00:00", "tree_source_year": 2015, "geography_vintage": 2010, "dataset_geography": "NTA2010", "tree_2005_unassigned_count": 24027, "tree_2005_mapping_coverage_pct": 95.9 }, "geometry": { "type": "Polygon", "coordinates": [ [ [ -73.803423, 40.778338 ], [ -73.803327, 40.778996 ], [ -73.803226, 40.779703 ], [ -73.803135, 40.780416 ], [ -73.803033, 40.780941 ], [ -73.80284, 40.78255 ], [ -73.802742, 40.783254 ], [ -73.802547, 40.784673 ], [ -73.802411, 40.785817 ], [ -73.802384, 40.786039 ], [ -73.79811, 40.785819 ], [ -73.794908, 40.786417 ], [ -73.792524, 40.787311 ], [ -73.790695, 40.788214 ], [ -73.792599, 40.790455 ], [ -73.793234, 40.792278 ], [ -73.793668, 40.79996 ], [ -73.787302, 40.799979 ], [ -73.785963605426389, 40.800861871260395 ], [ -73.782035869045188, 40.7957709558099 ], [ -73.781369257046691, 40.794906930072599 ], [ -73.776031636279697, 40.795275042403098 ], [ -73.775513924008905, 40.795644836933398 ], [ -73.768430859126696, 40.800704169692494 ], [ -73.764765, 40.796844 ], [ -73.756187, 40.788703 ], [ -73.758799, 40.784299 ], [ -73.760142, 40.780674 ], [ -73.767058, 40.778529 ], [ -73.767978, 40.778471 ], [ -73.76847, 40.779115 ], [ -73.768822, 40.779123 ], [ -73.76935, 40.778875 ], [ -73.775537, 40.777026 ], [ -73.775839, 40.778613 ], [ -73.776784, 40.77841 ], [ -73.778588, 40.777912 ], [ -73.779477, 40.777664 ], [ -73.780362, 40.777387 ], [ -73.782798, 40.776666 ], [ -73.784483, 40.776168 ], [ -73.785694, 40.775813 ], [ -73.78741, 40.775318 ], [ -73.789026, 40.774872 ], [ -73.789842, 40.774687 ], [ -73.79035, 40.774573 ], [ -73.791635, 40.774239 ], [ -73.792713, 40.773788 ], [ -73.793652, 40.77336 ], [ -73.795611, 40.773042 ], [ -73.796525, 40.773502 ], [ -73.796727, 40.773609 ], [ -73.797243, 40.773894 ], [ -73.797854, 40.774416 ], [ -73.798233, 40.774848 ], [ -73.79853, 40.775191 ], [ -73.80379, 40.77561 ], [ -73.803596, 40.777031 ], [ -73.803463, 40.778008 ], [ -73.803423, 40.778338 ] ] ] } },
{ "type": "Feature", "properties": { "nta_code": "QN48", "nta_name": "Auburndale", "boro_name": "Queens", "trees_2015": 5332, "trees_2005": 5148, "area_km2": 3.18, "density_2005": 1618.9, "density_2015": 1676.7, "tree_change": 184, "pct_change": 3.6, "data_mode": "official", "generated_at": "2026-08-11T04:47:12.996138+00:00", "tree_source_year": 2015, "geography_vintage": 2010, "dataset_geography": "NTA2010", "tree_2005_unassigned_count": 24027, "tree_2005_mapping_coverage_pct": 95.9 }, "geometry": { "type": "Polygon", "coordinates": [ [ [ -73.775943, 40.743819 ], [ -73.775852, 40.743556 ], [ -73.775697, 40.743337 ], [ -73.776817, 40.743275 ], [ -73.780316, 40.742534 ], [ -73.781069, 40.742299 ], [ -73.782227, 40.741972 ], [ -73.783482, 40.741659 ], [ -73.786664, 40.740809 ], [ -73.787053, 40.740689 ], [ -73.787979, 40.740403 ], [ -73.792954, 40.739182 ], [ -73.796311, 40.738272 ], [ -73.797268, 40.740564 ], [ -73.796707, 40.742028 ], [ -73.794535, 40.744508 ], [ -73.79452, 40.7459 ], [ -73.794676, 40.747212 ], [ -73.798253, 40.746985 ], [ -73.798023, 40.74873 ], [ -73.797295, 40.749435 ], [ -73.795665, 40.750236 ], [ -73.794719, 40.750648 ], [ -73.794577, 40.753563 ], [ -73.794747, 40.755628 ], [ -73.794932, 40.757798 ], [ -73.794025, 40.757736 ], [ -73.792069, 40.757776 ], [ -73.790315, 40.757823 ], [ -73.79076, 40.760986 ], [ -73.792553, 40.76084 ], [ -73.79344, 40.760764 ], [ -73.793443, 40.761185 ], [ -73.793437, 40.761597 ], [ -73.793345, 40.762295 ], [ -73.793225, 40.763142 ], [ -73.793025, 40.764621 ], [ -73.793959, 40.764695 ], [ -73.793613, 40.767223 ], [ -73.793422, 40.7686 ], [ -73.793179, 40.770403 ], [ -73.792389, 40.769551 ], [ -73.791902, 40.768936 ], [ -73.791423, 40.768349 ], [ -73.790599, 40.767419 ], [ -73.790228, 40.766955 ], [ -73.789636, 40.766142 ], [ -73.788416, 40.764337 ], [ -73.787744, 40.764144 ], [ -73.787454, 40.763945 ], [ -73.785707, 40.762937 ], [ -73.785445, 40.762597 ], [ -73.785263, 40.762264 ], [ -73.785274, 40.761842 ], [ -73.785168, 40.761433 ], [ -73.784471, 40.759864 ], [ -73.783392, 40.757758 ], [ -73.782816, 40.756666 ], [ -73.782481, 40.755997 ], [ -73.782125, 40.755339 ], [ -73.780532, 40.753329 ], [ -73.780088, 40.752494 ], [ -73.779806, 40.751895 ], [ -73.778312, 40.748745 ], [ -73.777551, 40.747144 ], [ -73.776168, 40.74424 ], [ -73.775943, 40.743819 ] ] ] } },
{ "type": "Feature", "properties": { "nta_code": "QN49", "nta_name": "Whitestone", "boro_name": "Queens", "trees_2015": 7620, "trees_2005": 7748, "area_km2": 6.42, "density_2005": 1206.9, "density_2015": 1186.9, "tree_change": -128, "pct_change": -1.7, "data_mode": "official", "generated_at": "2026-08-11T04:47:12.996138+00:00", "tree_source_year": 2015, "geography_vintage": 2010, "dataset_geography": "NTA2010", "tree_2005_unassigned_count": 24027, "tree_2005_mapping_coverage_pct": 95.9 }, "geometry": { "type": "Polygon", "coordinates": [ [ [ -73.814663, 40.777905 ], [ -73.81453, 40.778888 ], [ -73.81931, 40.77926 ], [ -73.821323, 40.779409 ], [ -73.823313, 40.779579 ], [ -73.822918, 40.780536 ], [ -73.822241, 40.781694 ], [ -73.823841, 40.781717 ], [ -73.824624, 40.781706 ], [ -73.824998, 40.781732 ], [ -73.825697, 40.781691 ], [ -73.826785, 40.781668 ], [ -73.836694, 40.78165 ], [ -73.838696, 40.78165 ], [ -73.838408, 40.785837 ], [ -73.838244, 40.787786 ], [ -73.840083, 40.787849 ], [ -73.839923, 40.79065 ], [ -73.840761, 40.7925 ], [ -73.840678, 40.793908 ], [ -73.836475, 40.792494 ], [ -73.838434, 40.796787 ], [ -73.839037, 40.797052 ], [ -73.832354, 40.79637 ], [ -73.834903, 40.80188 ], [ -73.831706, 40.802894 ], [ -73.830548, 40.803162 ], [ -73.827093, 40.803084 ], [ -73.82321, 40.804292 ], [ -73.817083, 40.80548 ], [ -73.811234, 40.805098 ], [ -73.8047, 40.803242 ], [ -73.799967, 40.801872 ], [ -73.793668, 40.79996 ], [ -73.793234, 40.792278 ], [ -73.792599, 40.790455 ], [ -73.790695, 40.788214 ], [ -73.792524, 40.787311 ], [ -73.794908, 40.786417 ], [ -73.79811, 40.785819 ], [ -73.802384, 40.786039 ], [ -73.802411, 40.785817 ], [ -73.802547, 40.784673 ], [ -73.802742, 40.783254 ], [ -73.80284, 40.78255 ], [ -73.803033, 40.780941 ], [ -73.803135, 40.780416 ], [ -73.803226, 40.779703 ], [ -73.803327, 40.778996 ], [ -73.803423, 40.778338 ], [ -73.803463, 40.778008 ], [ -73.803596, 40.777031 ], [ -73.80379, 40.77561 ], [ -73.806592, 40.775832 ], [ -73.809452, 40.776058 ], [ -73.814859, 40.776486 ], [ -73.814663, 40.777905 ] ] ] } },
{ "type": "Feature", "properties": { "nta_code": "QN50", "nta_name": "Elmhurst-Maspeth", "boro_name": "Queens", "trees_2015": 1996, "trees_2005": 2125, "area_km2": 2.03, "density_2005": 1046.8, "density_2015": 983.3, "tree_change": -129, "pct_change": -6.1, "data_mode": "official", "generated_at": "2026-08-11T04:47:12.996138+00:00", "tree_source_year": 2015, "geography_vintage": 2010, "dataset_geography": "NTA2010", "tree_2005_unassigned_count": 24027, "tree_2005_mapping_coverage_pct": 95.9 }, "geometry": { "type": "Polygon", "coordinates": [ [ [ -73.878225, 40.732102 ], [ -73.877251, 40.731794 ], [ -73.877506, 40.731607 ], [ -73.87848, 40.731961 ], [ -73.883529, 40.733848 ], [ -73.883811, 40.73356 ], [ -73.886892, 40.734099 ], [ -73.887514, 40.734225 ], [ -73.887702, 40.734291 ], [ -73.888523, 40.734531 ], [ -73.891139, 40.734513 ], [ -73.891385, 40.734505 ], [ -73.89175, 40.734485 ], [ -73.892326, 40.73447 ], [ -73.893235, 40.734561 ], [ -73.894765, 40.734986 ], [ -73.895101, 40.735021 ], [ -73.896029, 40.735018 ], [ -73.896511, 40.735097 ], [ -73.896912, 40.735087 ], [ -73.897832, 40.73516 ], [ -73.899022, 40.735149 ], [ -73.90001, 40.73485 ], [ -73.900618, 40.734476 ], [ -73.90108, 40.733908 ], [ -73.901943, 40.73434 ], [ -73.90517, 40.73586 ], [ -73.906632, 40.732796 ], [ -73.910689, 40.733471 ], [ -73.909242, 40.736334 ], [ -73.90922, 40.736399 ], [ -73.90772, 40.73662 ], [ -73.907413, 40.736721 ], [ -73.906463, 40.737026 ], [ -73.905957, 40.737225 ], [ -73.905673, 40.737371 ], [ -73.905565, 40.737434 ], [ -73.904637, 40.737808 ], [ -73.903648, 40.73812 ], [ -73.902941, 40.738403 ], [ -73.90103, 40.739335 ], [ -73.900686, 40.739537 ], [ -73.900195, 40.739815 ], [ -73.899696, 40.74021 ], [ -73.899241, 40.740599 ], [ -73.898929, 40.740785 ], [ -73.898135, 40.741392 ], [ -73.897434, 40.742086 ], [ -73.897148, 40.742319 ], [ -73.896541, 40.742883 ], [ -73.895005, 40.74428 ], [ -73.894651, 40.744765 ], [ -73.894832, 40.746481 ], [ -73.895441, 40.747592 ], [ -73.896057, 40.748523 ], [ -73.896168, 40.748701 ], [ -73.89584, 40.748547 ], [ -73.895659, 40.748473 ], [ -73.895255, 40.748308 ], [ -73.893797, 40.747692 ], [ -73.892409, 40.747135 ], [ -73.891457, 40.74687 ], [ -73.89111, 40.745203 ], [ -73.890716, 40.743128 ], [ -73.88887, 40.743399 ], [ -73.887986, 40.743548 ], [ -73.887511, 40.741083 ], [ -73.885726, 40.741289 ], [ -73.885512, 40.740165 ], [ -73.884615, 40.740433 ], [ -73.882829, 40.740992 ], [ -73.882943, 40.74161 ], [ -73.881864, 40.741735 ], [ -73.881004, 40.741841 ], [ -73.880278, 40.741297 ], [ -73.880237, 40.741199 ], [ -73.879991, 40.74107 ], [ -73.87932, 40.740602 ], [ -73.878632, 40.74006 ], [ -73.878487, 40.739934 ], [ -73.877918, 40.739395 ], [ -73.877431, 40.738601 ], [ -73.879271, 40.738258 ], [ -73.88129, 40.737895 ], [ -73.882229, 40.737694 ], [ -73.882139, 40.737678 ], [ -73.881639, 40.737587 ], [ -73.880331, 40.737334 ], [ -73.880515, 40.735752 ], [ -73.880659, 40.735715 ], [ -73.879554, 40.734854 ], [ -73.878954, 40.73438 ], [ -73.877083, 40.732909 ], [ -73.878225, 40.732102 ] ] ] } },
{ "type": "Feature", "properties": { "nta_code": "QN51", "nta_name": "Murray Hill", "boro_name": "Queens", "trees_2015": 7133, "trees_2005": 6961, "area_km2": 4.86, "density_2005": 1432.3, "density_2015": 1467.7, "tree_change": 172, "pct_change": 2.5, "data_mode": "official", "generated_at": "2026-08-11T04:47:12.996138+00:00", "tree_source_year": 2015, "geography_vintage": 2010, "dataset_geography": "NTA2010", "tree_2005_unassigned_count": 24027, "tree_2005_mapping_coverage_pct": 95.9 }, "geometry": { "type": "Polygon", "coordinates": [ [ [ -73.821164, 40.759686 ], [ -73.821558, 40.760534 ], [ -73.821767, 40.76098 ], [ -73.822072, 40.761625 ], [ -73.822601, 40.76276 ], [ -73.823482, 40.764652 ], [ -73.823727, 40.765826 ], [ -73.82395, 40.766887 ], [ -73.824212, 40.768169 ], [ -73.824648, 40.77041 ], [ -73.826558, 40.770137 ], [ -73.826566, 40.770642 ], [ -73.826575, 40.772345 ], [ -73.826477, 40.773116 ], [ -73.826253, 40.774521 ], [ -73.825852, 40.77591 ], [ -73.824394, 40.776729 ], [ -73.823547, 40.779036 ], [ -73.823313, 40.779579 ], [ -73.821323, 40.779409 ], [ -73.81931, 40.77926 ], [ -73.81453, 40.778888 ], [ -73.814663, 40.777905 ], [ -73.814859, 40.776486 ], [ -73.809452, 40.776058 ], [ -73.806592, 40.775832 ], [ -73.80379, 40.77561 ], [ -73.79853, 40.775191 ], [ -73.798233, 40.774848 ], [ -73.797854, 40.774416 ], [ -73.797243, 40.773894 ], [ -73.796727, 40.773609 ], [ -73.796525, 40.773502 ], [ -73.795611, 40.773042 ], [ -73.794159, 40.771516 ], [ -73.793237, 40.770468 ], [ -73.793179, 40.770403 ], [ -73.793422, 40.7686 ], [ -73.793613, 40.767223 ], [ -73.793959, 40.764695 ], [ -73.793025, 40.764621 ], [ -73.793225, 40.763142 ], [ -73.793345, 40.762295 ], [ -73.793437, 40.761597 ], [ -73.793443, 40.761185 ], [ -73.79344, 40.760764 ], [ -73.792553, 40.76084 ], [ -73.79076, 40.760986 ], [ -73.790315, 40.757823 ], [ -73.792069, 40.757776 ], [ -73.794025, 40.757736 ], [ -73.794932, 40.757798 ], [ -73.795804, 40.758091 ], [ -73.798502, 40.759071 ], [ -73.8003, 40.759702 ], [ -73.803073, 40.760126 ], [ -73.804, 40.760271 ], [ -73.80584, 40.760615 ], [ -73.80676, 40.760788 ], [ -73.80768, 40.76096 ], [ -73.808595, 40.761132 ], [ -73.809514, 40.7613 ], [ -73.81105, 40.761417 ], [ -73.812268, 40.76113 ], [ -73.815087, 40.760372 ], [ -73.817288, 40.759776 ], [ -73.820636, 40.758872 ], [ -73.820758, 40.758842 ], [ -73.821164, 40.759686 ] ] ] } },
{ "type": "Feature", "properties": { "nta_code": "QN52", "nta_name": "East Flushing", "boro_name": "Queens", "trees_2015": 3247, "trees_2005": 3536, "area_km2": 2.74, "density_2005": 1290.5, "density_2015": 1185.0, "tree_change": -289, "pct_change": -8.2, "data_mode": "official", "generated_at": "2026-08-11T04:47:12.996138+00:00", "tree_source_year": 2015, "geography_vintage": 2010, "dataset_geography": "NTA2010", "tree_2005_unassigned_count": 24027, "tree_2005_mapping_coverage_pct": 95.9 }, "geometry": { "type": "Polygon", "coordinates": [ [ [ -73.816543, 40.74826 ], [ -73.818837, 40.750352 ], [ -73.819116, 40.750621 ], [ -73.819989, 40.751429 ], [ -73.820849, 40.752242 ], [ -73.819778, 40.752937 ], [ -73.819092, 40.753385 ], [ -73.818408, 40.75383 ], [ -73.820301, 40.755515 ], [ -73.818937, 40.75641 ], [ -73.81786, 40.757066 ], [ -73.818605, 40.757542 ], [ -73.819233, 40.757947 ], [ -73.820045, 40.758483 ], [ -73.820636, 40.758872 ], [ -73.817288, 40.759776 ], [ -73.815087, 40.760372 ], [ -73.812268, 40.76113 ], [ -73.81105, 40.761417 ], [ -73.809514, 40.7613 ], [ -73.808595, 40.761132 ], [ -73.80768, 40.76096 ], [ -73.80676, 40.760788 ], [ -73.80584, 40.760615 ], [ -73.804, 40.760271 ], [ -73.803073, 40.760126 ], [ -73.8003, 40.759702 ], [ -73.798502, 40.759071 ], [ -73.795804, 40.758091 ], [ -73.794932, 40.757798 ], [ -73.794747, 40.755628 ], [ -73.794577, 40.753563 ], [ -73.794719, 40.750648 ], [ -73.795665, 40.750236 ], [ -73.797295, 40.749435 ], [ -73.798023, 40.74873 ], [ -73.798253, 40.746985 ], [ -73.799217, 40.746856 ], [ -73.803352, 40.746432 ], [ -73.803036, 40.74718 ], [ -73.802878, 40.749783 ], [ -73.806333, 40.750048 ], [ -73.807506, 40.750137 ], [ -73.811618, 40.747665 ], [ -73.814162, 40.746139 ], [ -73.814772, 40.746682 ], [ -73.815373, 40.747218 ], [ -73.816543, 40.74826 ] ] ] } },
{ "type": "Feature", "properties": { "nta_code": "QN53", "nta_name": "Woodhaven", "boro_name": "Queens", "trees_2015": 4260, "trees_2005": 4524, "area_km2": 3.45, "density_2005": 1311.3, "density_2015": 1234.8, "tree_change": -264, "pct_change": -5.8, "data_mode": "official", "generated_at": "2026-08-11T04:47:12.996138+00:00", "tree_source_year": 2015, "geography_vintage": 2010, "dataset_geography": "NTA2010", "tree_2005_unassigned_count": 24027, "tree_2005_mapping_coverage_pct": 95.9 }, "geometry": { "type": "Polygon", "coordinates": [ [ [ -73.860603, 40.680115 ], [ -73.863349, 40.679352 ], [ -73.863787, 40.681114 ], [ -73.864101, 40.682373 ], [ -73.866027, 40.681918 ], [ -73.866295, 40.683189 ], [ -73.866504, 40.684474 ], [ -73.866598, 40.68527 ], [ -73.867018, 40.68683 ], [ -73.867277, 40.687745 ], [ -73.867461, 40.688415 ], [ -73.868059, 40.691184 ], [ -73.868724, 40.694756 ], [ -73.866814, 40.695065 ], [ -73.864557, 40.69552 ], [ -73.863687, 40.695691 ], [ -73.862452, 40.695996 ], [ -73.860164, 40.696385 ], [ -73.859285, 40.696554 ], [ -73.858331, 40.696744 ], [ -73.856572, 40.697065 ], [ -73.852772, 40.697557 ], [ -73.853908, 40.699994 ], [ -73.854414, 40.700443 ], [ -73.854566, 40.700594 ], [ -73.850463, 40.700181 ], [ -73.84908, 40.698351 ], [ -73.849478, 40.698196 ], [ -73.848941, 40.697557 ], [ -73.847733, 40.694775 ], [ -73.845967, 40.691166 ], [ -73.845026, 40.689238 ], [ -73.844307, 40.689442 ], [ -73.844191, 40.689474 ], [ -73.843003, 40.687038 ], [ -73.842175, 40.685354 ], [ -73.841196, 40.683351 ], [ -73.841252, 40.683336 ], [ -73.844943, 40.68231 ], [ -73.845832, 40.682106 ], [ -73.847868, 40.681487 ], [ -73.848634, 40.681684 ], [ -73.851979, 40.682564 ], [ -73.850991, 40.680568 ], [ -73.853924, 40.679686 ], [ -73.854393, 40.67966 ], [ -73.856972, 40.6795 ], [ -73.857793, 40.679456 ], [ -73.858198, 40.679431 ], [ -73.858786, 40.68063 ], [ -73.860603, 40.680115 ] ] ] } },
{ "type": "Feature", "properties": { "nta_code": "QN54", "nta_name": "Richmond Hill", "boro_name": "Queens", "trees_2015": 5101, "trees_2005": 4324, "area_km2": 4.74, "density_2005": 912.2, "density_2015": 1076.2, "tree_change": 777, "pct_change": 18.0, "data_mode": "official", "generated_at": "2026-08-11T04:47:12.996138+00:00", "tree_source_year": 2015, "geography_vintage": 2010, "dataset_geography": "NTA2010", "tree_2005_unassigned_count": 24027, "tree_2005_mapping_coverage_pct": 95.9 }, "geometry": { "type": "Polygon", "coordinates": [ [ [ -73.840188, 40.681136 ], [ -73.840218, 40.681129 ], [ -73.841196, 40.683351 ], [ -73.842175, 40.685354 ], [ -73.843003, 40.687038 ], [ -73.844191, 40.689474 ], [ -73.844307, 40.689442 ], [ -73.845026, 40.689238 ], [ -73.845967, 40.691166 ], [ -73.847733, 40.694775 ], [ -73.848941, 40.697557 ], [ -73.849478, 40.698196 ], [ -73.84908, 40.698351 ], [ -73.848221, 40.698545 ], [ -73.847911, 40.698647 ], [ -73.847017, 40.698842 ], [ -73.846266, 40.699119 ], [ -73.845025, 40.699359 ], [ -73.842938, 40.700554 ], [ -73.841996, 40.700949 ], [ -73.841736, 40.701239 ], [ -73.839478, 40.70269 ], [ -73.83843, 40.703386 ], [ -73.836962, 40.704212 ], [ -73.836619, 40.70342 ], [ -73.835483, 40.703701 ], [ -73.834602, 40.703927 ], [ -73.833917, 40.702347 ], [ -73.833021, 40.70257 ], [ -73.832132, 40.702794 ], [ -73.831521, 40.70139 ], [ -73.827953, 40.70229 ], [ -73.826072, 40.702772 ], [ -73.825176, 40.702992 ], [ -73.82427, 40.703219 ], [ -73.823298, 40.703353 ], [ -73.822664, 40.703585 ], [ -73.822459, 40.703656 ], [ -73.81686, 40.702444 ], [ -73.816288, 40.702453 ], [ -73.814454, 40.698615 ], [ -73.814358, 40.698336 ], [ -73.814144, 40.697931 ], [ -73.813659, 40.697133 ], [ -73.812301, 40.694821 ], [ -73.811812, 40.694018 ], [ -73.811712, 40.693847 ], [ -73.811428, 40.693313 ], [ -73.810703, 40.691929 ], [ -73.810988, 40.691855 ], [ -73.812718, 40.691408 ], [ -73.813514, 40.691192 ], [ -73.814384, 40.690972 ], [ -73.815228, 40.690733 ], [ -73.816926, 40.69025 ], [ -73.819061, 40.689642 ], [ -73.820853, 40.689134 ], [ -73.822932, 40.688543 ], [ -73.825011, 40.687952 ], [ -73.825988, 40.689946 ], [ -73.826855, 40.68971 ], [ -73.828511, 40.689239 ], [ -73.82753, 40.687239 ], [ -73.828356, 40.687003 ], [ -73.829182, 40.686771 ], [ -73.831723, 40.686051 ], [ -73.832577, 40.685806 ], [ -73.834265, 40.685327 ], [ -73.835951, 40.684844 ], [ -73.837176, 40.684495 ], [ -73.838078, 40.684239 ], [ -73.836975, 40.681988 ], [ -73.837797, 40.681671 ], [ -73.838651, 40.681438 ], [ -73.840129, 40.681147 ], [ -73.840188, 40.681136 ] ] ] } },
{ "type": "Feature", "properties": { "nta_code": "QN55", "nta_name": "South Ozone Park", "boro_name": "Queens", "trees_2015": 7321, "trees_2005": 7951, "area_km2": 7.6, "density_2005": 1046.2, "density_2015": 963.3, "tree_change": -630, "pct_change": -7.9, "data_mode": "official", "generated_at": "2026-08-11T04:47:12.996138+00:00", "tree_source_year": 2015, "geography_vintage": 2010, "dataset_geography": "NTA2010", "tree_2005_unassigned_count": 24027, "tree_2005_mapping_coverage_pct": 95.9 }, "geometry": { "type": "Polygon", "coordinates": [ [ [ -73.836981, 40.674678 ], [ -73.838035, 40.676636 ], [ -73.839521, 40.679962 ], [ -73.840129, 40.681147 ], [ -73.838651, 40.681438 ], [ -73.837797, 40.681671 ], [ -73.836975, 40.681988 ], [ -73.838078, 40.684239 ], [ -73.837176, 40.684495 ], [ -73.835951, 40.684844 ], [ -73.834265, 40.685327 ], [ -73.832577, 40.685806 ], [ -73.831723, 40.686051 ], [ -73.829182, 40.686771 ], [ -73.828356, 40.687003 ], [ -73.82753, 40.687239 ], [ -73.828511, 40.689239 ], [ -73.826855, 40.68971 ], [ -73.825988, 40.689946 ], [ -73.825011, 40.687952 ], [ -73.822932, 40.688543 ], [ -73.820853, 40.689134 ], [ -73.819061, 40.689642 ], [ -73.816926, 40.69025 ], [ -73.815228, 40.690733 ], [ -73.814384, 40.690972 ], [ -73.813514, 40.691192 ], [ -73.812718, 40.691408 ], [ -73.810988, 40.691855 ], [ -73.810703, 40.691929 ], [ -73.807858, 40.687123 ], [ -73.806703, 40.684693 ], [ -73.80669, 40.684664 ], [ -73.805768, 40.682932 ], [ -73.804948, 40.68117 ], [ -73.804102, 40.679425 ], [ -73.80323, 40.677681 ], [ -73.801643, 40.674347 ], [ -73.801268, 40.672142 ], [ -73.801255, 40.67126 ], [ -73.80123, 40.66852 ], [ -73.801663, 40.666889 ], [ -73.801401, 40.666288 ], [ -73.801898, 40.665249 ], [ -73.804548, 40.665259 ], [ -73.806144, 40.664913 ], [ -73.812103, 40.663083 ], [ -73.813367, 40.662939 ], [ -73.814945, 40.662759 ], [ -73.823103, 40.663654 ], [ -73.82818, 40.664079 ], [ -73.831742, 40.665182 ], [ -73.832644, 40.665184 ], [ -73.832717, 40.665693 ], [ -73.833216, 40.666092 ], [ -73.832906, 40.666651 ], [ -73.836981, 40.674678 ] ] ] } },
{ "type": "Feature", "properties": { "nta_code": "QN56", "nta_name": "Ozone Park", "boro_name": "Queens", "trees_2015": 3244, "trees_2005": 3100, "area_km2": 2.33, "density_2005": 1330.5, "density_2015": 1392.3, "tree_change": 144, "pct_change": 4.6, "data_mode": "official", "generated_at": "2026-08-11T04:47:12.996138+00:00", "tree_source_year": 2015, "geography_vintage": 2010, "dataset_geography": "NTA2010", "tree_2005_unassigned_count": 24027, "tree_2005_mapping_coverage_pct": 95.9 }, "geometry": { "type": "Polygon", "coordinates": [ [ [ -73.832906, 40.666651 ], [ -73.83465, 40.667115 ], [ -73.839279, 40.668202 ], [ -73.842434, 40.66929 ], [ -73.847414, 40.67063 ], [ -73.848478, 40.670917 ], [ -73.850965, 40.67172 ], [ -73.851635, 40.67193 ], [ -73.852838, 40.672279 ], [ -73.856487, 40.673377 ], [ -73.856933, 40.673399 ], [ -73.858252, 40.674136 ], [ -73.860296, 40.674772 ], [ -73.861318, 40.675021 ], [ -73.861712, 40.676611 ], [ -73.862028, 40.677886 ], [ -73.863349, 40.679352 ], [ -73.860603, 40.680115 ], [ -73.858786, 40.68063 ], [ -73.858198, 40.679431 ], [ -73.857793, 40.679456 ], [ -73.856972, 40.6795 ], [ -73.854393, 40.67966 ], [ -73.853924, 40.679686 ], [ -73.850991, 40.680568 ], [ -73.851979, 40.682564 ], [ -73.848634, 40.681684 ], [ -73.847868, 40.681487 ], [ -73.845832, 40.682106 ], [ -73.844943, 40.68231 ], [ -73.841252, 40.683336 ], [ -73.841196, 40.683351 ], [ -73.840218, 40.681129 ], [ -73.840188, 40.681136 ], [ -73.840129, 40.681147 ], [ -73.839521, 40.679962 ], [ -73.838035, 40.676636 ], [ -73.836981, 40.674678 ], [ -73.832906, 40.666651 ] ] ] } },
{ "type": "Feature", "properties": { "nta_code": "QN57", "nta_name": "Lindenwood-Howard Beach", "boro_name": "Queens", "trees_2015": 4627, "trees_2005": 4378, "area_km2": 5.95, "density_2005": 735.8, "density_2015": 777.6, "tree_change": 249, "pct_change": 5.7, "data_mode": "official", "generated_at": "2026-08-11T04:47:12.996138+00:00", "tree_source_year": 2015, "geography_vintage": 2010, "dataset_geography": "NTA2010", "tree_2005_unassigned_count": 24027, "tree_2005_mapping_coverage_pct": 95.9 }, "geometry": { "type": "Polygon", "coordinates": [ [ [ -73.848338, 40.643521 ], [ -73.854938, 40.64265 ], [ -73.855021, 40.643098 ], [ -73.856148, 40.649198 ], [ -73.856652, 40.650129 ], [ -73.858386, 40.652671 ], [ -73.86049, 40.654655 ], [ -73.860594, 40.65478 ], [ -73.860676, 40.654868 ], [ -73.862193, 40.656829 ], [ -73.863171, 40.658277 ], [ -73.857482, 40.659977 ], [ -73.857879, 40.661564 ], [ -73.858359, 40.663237 ], [ -73.85566, 40.663802 ], [ -73.856063, 40.665511 ], [ -73.856115, 40.665729 ], [ -73.856425, 40.667033 ], [ -73.856847, 40.668603 ], [ -73.857267, 40.670255 ], [ -73.857633, 40.671656 ], [ -73.860389, 40.671269 ], [ -73.861024, 40.674005 ], [ -73.861064, 40.674343 ], [ -73.861318, 40.675021 ], [ -73.860296, 40.674772 ], [ -73.858252, 40.674136 ], [ -73.856933, 40.673399 ], [ -73.856487, 40.673377 ], [ -73.852838, 40.672279 ], [ -73.851635, 40.67193 ], [ -73.850965, 40.67172 ], [ -73.848478, 40.670917 ], [ -73.847414, 40.67063 ], [ -73.842434, 40.66929 ], [ -73.839279, 40.668202 ], [ -73.83465, 40.667115 ], [ -73.832906, 40.666651 ], [ -73.833216, 40.666092 ], [ -73.832717, 40.665693 ], [ -73.832644, 40.665184 ], [ -73.832246, 40.664982 ], [ -73.831781, 40.663674 ], [ -73.830222, 40.660526 ], [ -73.82987, 40.659967 ], [ -73.829757, 40.659786 ], [ -73.828493, 40.657253 ], [ -73.82641, 40.648261 ], [ -73.825337, 40.644248 ], [ -73.835664, 40.644058 ], [ -73.839999, 40.644143 ], [ -73.848338, 40.643521 ] ] ] } },
{ "type": "Feature", "properties": { "nta_code": "QN60", "nta_name": "Kew Gardens", "boro_name": "Queens", "trees_2015": 2024, "trees_2005": 1788, "area_km2": 1.9, "density_2005": 941.1, "density_2015": 1065.3, "tree_change": 236, "pct_change": 13.2, "data_mode": "official", "generated_at": "2026-08-11T04:47:12.996138+00:00", "tree_source_year": 2015, "geography_vintage": 2010, "dataset_geography": "NTA2010", "tree_2005_unassigned_count": 24027, "tree_2005_mapping_coverage_pct": 95.9 }, "geometry": { "type": "Polygon", "coordinates": [ [ [ -73.822664, 40.703585 ], [ -73.823298, 40.703353 ], [ -73.82427, 40.703219 ], [ -73.825176, 40.702992 ], [ -73.826072, 40.702772 ], [ -73.827953, 40.70229 ], [ -73.831521, 40.70139 ], [ -73.832132, 40.702794 ], [ -73.833021, 40.70257 ], [ -73.833917, 40.702347 ], [ -73.834602, 40.703927 ], [ -73.835483, 40.703701 ], [ -73.836619, 40.70342 ], [ -73.836962, 40.704212 ], [ -73.837846, 40.70563 ], [ -73.837147, 40.707957 ], [ -73.839011, 40.708555 ], [ -73.843016, 40.709176 ], [ -73.840692, 40.710153 ], [ -73.839732, 40.7104 ], [ -73.838058, 40.710921 ], [ -73.836115, 40.711825 ], [ -73.83602, 40.711652 ], [ -73.835002, 40.712212 ], [ -73.834234, 40.712658 ], [ -73.833553, 40.713044 ], [ -73.830627, 40.714341 ], [ -73.829086, 40.714814 ], [ -73.826389, 40.715753 ], [ -73.825956, 40.716022 ], [ -73.825818, 40.715705 ], [ -73.825756, 40.715522 ], [ -73.825721, 40.715486 ], [ -73.824647, 40.714331 ], [ -73.824304, 40.713869 ], [ -73.823867, 40.712952 ], [ -73.820502, 40.710111 ], [ -73.820281, 40.709699 ], [ -73.819615, 40.708863 ], [ -73.819386, 40.708425 ], [ -73.81892, 40.707486 ], [ -73.818383, 40.706729 ], [ -73.816288, 40.702453 ], [ -73.81686, 40.702444 ], [ -73.822459, 40.703656 ], [ -73.822664, 40.703585 ] ] ] } },
{ "type": "Feature", "properties": { "nta_code": "QN61", "nta_name": "Jamaica", "boro_name": "Queens", "trees_2015": 4252, "trees_2005": 2781, "area_km2": 4.39, "density_2005": 633.5, "density_2015": 968.6, "tree_change": 1471, "pct_change": 52.9, "data_mode": "official", "generated_at": "2026-08-11T04:47:12.996138+00:00", "tree_source_year": 2015, "geography_vintage": 2010, "dataset_geography": "NTA2010", "tree_2005_unassigned_count": 24027, "tree_2005_mapping_coverage_pct": 95.9 }, "geometry": { "type": "Polygon", "coordinates": [ [ [ -73.811712, 40.693847 ], [ -73.811812, 40.694018 ], [ -73.812301, 40.694821 ], [ -73.813659, 40.697133 ], [ -73.814144, 40.697931 ], [ -73.814358, 40.698336 ], [ -73.814454, 40.698615 ], [ -73.816288, 40.702453 ], [ -73.81594, 40.702459 ], [ -73.814294, 40.702531 ], [ -73.813018, 40.702495 ], [ -73.811905, 40.702337 ], [ -73.811529, 40.702273 ], [ -73.811632, 40.703052 ], [ -73.811713, 40.703662 ], [ -73.811737, 40.704146 ], [ -73.811859, 40.704359 ], [ -73.811904, 40.705124 ], [ -73.812012, 40.705945 ], [ -73.809348, 40.706685 ], [ -73.806949, 40.707367 ], [ -73.806589, 40.706634 ], [ -73.806137, 40.705692 ], [ -73.805648, 40.704672 ], [ -73.803572, 40.705233 ], [ -73.801657, 40.705761 ], [ -73.802228, 40.706749 ], [ -73.802787, 40.707716 ], [ -73.803024, 40.70814 ], [ -73.801069, 40.709818 ], [ -73.798701, 40.710663 ], [ -73.797768, 40.709143 ], [ -73.797314, 40.70927 ], [ -73.796394, 40.709532 ], [ -73.794731, 40.710012 ], [ -73.793038, 40.710711 ], [ -73.792029, 40.711069 ], [ -73.791014, 40.711433 ], [ -73.790215, 40.711717 ], [ -73.789321, 40.71203 ], [ -73.787718, 40.711865 ], [ -73.785353, 40.712284 ], [ -73.781783, 40.71314 ], [ -73.780589, 40.713428 ], [ -73.778001, 40.714051 ], [ -73.777306, 40.714209 ], [ -73.777123, 40.714262 ], [ -73.775715, 40.714598 ], [ -73.773571, 40.71512 ], [ -73.771921, 40.715685 ], [ -73.770395, 40.7134 ], [ -73.76944, 40.711977 ], [ -73.770045, 40.711373 ], [ -73.770651, 40.710826 ], [ -73.771736, 40.710313 ], [ -73.768616, 40.709826 ], [ -73.774708, 40.707333 ], [ -73.775465, 40.705319 ], [ -73.774858, 40.705128 ], [ -73.774348, 40.703986 ], [ -73.772308, 40.700572 ], [ -73.772979, 40.700381 ], [ -73.773957, 40.699806 ], [ -73.77691, 40.702525 ], [ -73.777842, 40.703217 ], [ -73.77916, 40.704389 ], [ -73.779818, 40.704928 ], [ -73.780345, 40.705412 ], [ -73.782566, 40.705425 ], [ -73.78442, 40.704762 ], [ -73.784849, 40.704586 ], [ -73.78598, 40.704187 ], [ -73.789664, 40.70304 ], [ -73.790556, 40.702568 ], [ -73.791156, 40.702294 ], [ -73.79217, 40.702198 ], [ -73.792368, 40.702121 ], [ -73.791869, 40.701366 ], [ -73.792605, 40.700432 ], [ -73.793577, 40.699756 ], [ -73.794633, 40.699557 ], [ -73.795722, 40.699015 ], [ -73.796704, 40.698749 ], [ -73.797295, 40.698458 ], [ -73.797757, 40.698262 ], [ -73.797862, 40.697993 ], [ -73.798546, 40.697467 ], [ -73.799182, 40.696871 ], [ -73.800532, 40.695857 ], [ -73.801196, 40.695337 ], [ -73.803818, 40.69308 ], [ -73.804688, 40.692346 ], [ -73.806425, 40.690874 ], [ -73.808902, 40.692564 ], [ -73.80971, 40.692199 ], [ -73.810703, 40.691929 ], [ -73.811428, 40.693313 ], [ -73.811712, 40.693847 ] ] ] } },
{ "type": "Feature", "properties": { "nta_code": "QN62", "nta_name": "Queensboro Hill", "boro_name": "Queens", "trees_2015": 3020, "trees_2005": 2692, "area_km2": 2.45, "density_2005": 1098.8, "density_2015": 1232.7, "tree_change": 328, "pct_change": 12.2, "data_mode": "official", "generated_at": "2026-08-11T04:47:12.996138+00:00", "tree_source_year": 2015, "geography_vintage": 2010, "dataset_geography": "NTA2010", "tree_2005_unassigned_count": 24027, "tree_2005_mapping_coverage_pct": 95.9 }, "geometry": { "type": "Polygon", "coordinates": [ [ [ -73.831085, 40.742337 ], [ -73.832265, 40.742496 ], [ -73.835883, 40.743127 ], [ -73.835902, 40.743327 ], [ -73.835947, 40.743747 ], [ -73.835438, 40.745524 ], [ -73.83469, 40.746903 ], [ -73.83413, 40.747426 ], [ -73.833003, 40.747834 ], [ -73.830609, 40.749026 ], [ -73.829652, 40.749172 ], [ -73.827656, 40.749861 ], [ -73.826737, 40.749677 ], [ -73.825844, 40.749348 ], [ -73.825697, 40.750998 ], [ -73.824233, 40.751855 ], [ -73.823213, 40.750708 ], [ -73.822396, 40.749864 ], [ -73.821319, 40.748758 ], [ -73.820523, 40.748357 ], [ -73.81962, 40.748042 ], [ -73.815373, 40.747218 ], [ -73.814772, 40.746682 ], [ -73.814162, 40.746139 ], [ -73.814309, 40.742974 ], [ -73.810133, 40.742295 ], [ -73.808238, 40.742011 ], [ -73.807298, 40.741994 ], [ -73.804432, 40.74217 ], [ -73.800163, 40.742248 ], [ -73.796707, 40.742028 ], [ -73.797268, 40.740564 ], [ -73.796311, 40.738272 ], [ -73.804695, 40.738484 ], [ -73.806318, 40.738566 ], [ -73.809441, 40.738674 ], [ -73.81477, 40.738878 ], [ -73.814968, 40.73855 ], [ -73.824812, 40.739631 ], [ -73.824988, 40.739377 ], [ -73.828053, 40.738556 ], [ -73.828092, 40.737083 ], [ -73.830536, 40.73752 ], [ -73.83122, 40.740953 ], [ -73.831173, 40.741638 ], [ -73.831085, 40.742337 ] ] ] } },
{ "type": "Feature", "properties": { "nta_code": "QN63", "nta_name": "Woodside", "boro_name": "Queens", "trees_2015": 2739, "trees_2005": 2699, "area_km2": 2.63, "density_2005": 1026.2, "density_2015": 1041.4, "tree_change": 40, "pct_change": 1.5, "data_mode": "official", "generated_at": "2026-08-11T04:47:12.996138+00:00", "tree_source_year": 2015, "geography_vintage": 2010, "dataset_geography": "NTA2010", "tree_2005_unassigned_count": 24027, "tree_2005_mapping_coverage_pct": 95.9 }, "geometry": { "type": "Polygon", "coordinates": [ [ [ -73.903648, 40.73812 ], [ -73.904637, 40.737808 ], [ -73.905565, 40.737434 ], [ -73.905673, 40.737371 ], [ -73.905957, 40.737225 ], [ -73.906463, 40.737026 ], [ -73.907413, 40.736721 ], [ -73.90772, 40.73662 ], [ -73.90922, 40.736399 ], [ -73.908555, 40.73793 ], [ -73.908323, 40.738631 ], [ -73.907506, 40.741862 ], [ -73.909247, 40.742066 ], [ -73.911941, 40.742383 ], [ -73.911509, 40.744471 ], [ -73.911247, 40.745784 ], [ -73.912131, 40.745887 ], [ -73.912449, 40.74592 ], [ -73.912353, 40.74632 ], [ -73.91212, 40.747295 ], [ -73.91193, 40.747988 ], [ -73.911801, 40.748276 ], [ -73.91173, 40.748435 ], [ -73.911642, 40.748685 ], [ -73.910159, 40.748502 ], [ -73.9099, 40.749087 ], [ -73.909711, 40.749755 ], [ -73.909516, 40.750442 ], [ -73.909483, 40.750561 ], [ -73.909556, 40.751037 ], [ -73.909813, 40.751574 ], [ -73.910579, 40.752984 ], [ -73.910231, 40.752977 ], [ -73.909013, 40.75428 ], [ -73.908465, 40.755292 ], [ -73.907828, 40.756999 ], [ -73.907426, 40.7581 ], [ -73.906315, 40.759844 ], [ -73.907794, 40.760518 ], [ -73.90651, 40.762109 ], [ -73.904512, 40.764589 ], [ -73.903708, 40.765597 ], [ -73.903569, 40.765782 ], [ -73.902768, 40.763879 ], [ -73.901441, 40.759664 ], [ -73.898739, 40.759973 ], [ -73.899043, 40.759073 ], [ -73.89946, 40.757814 ], [ -73.899439, 40.756285 ], [ -73.899147, 40.75519 ], [ -73.899078, 40.754698 ], [ -73.898697, 40.75411 ], [ -73.897699, 40.752365 ], [ -73.897481, 40.751494 ], [ -73.897284, 40.750418 ], [ -73.897148, 40.750158 ], [ -73.896168, 40.748701 ], [ -73.896057, 40.748523 ], [ -73.895441, 40.747592 ], [ -73.894832, 40.746481 ], [ -73.894651, 40.744765 ], [ -73.895005, 40.74428 ], [ -73.896541, 40.742883 ], [ -73.897148, 40.742319 ], [ -73.897434, 40.742086 ], [ -73.898135, 40.741392 ], [ -73.898929, 40.740785 ], [ -73.899241, 40.740599 ], [ -73.899696, 40.74021 ], [ -73.900195, 40.739815 ], [ -73.900686, 40.739537 ], [ -73.90103, 40.739335 ], [ -73.902941, 40.738403 ], [ -73.903648, 40.73812 ] ] ] } },
{ "type": "Feature", "properties": { "nta_code": "QN66", "nta_name": "Laurelton", "boro_name": "Queens", "trees_2015": 4623, "trees_2005": 3515, "area_km2": 3.68, "density_2005": 955.2, "density_2015": 1256.2, "tree_change": 1108, "pct_change": 31.5, "data_mode": "official", "generated_at": "2026-08-11T04:47:12.996138+00:00", "tree_source_year": 2015, "geography_vintage": 2010, "dataset_geography": "NTA2010", "tree_2005_unassigned_count": 24027, "tree_2005_mapping_coverage_pct": 95.9 }, "geometry": { "type": "Polygon", "coordinates": [ [ [ -73.755262, 40.666395 ], [ -73.755925, 40.666388 ], [ -73.757631, 40.666451 ], [ -73.757317, 40.66704 ], [ -73.756406, 40.670373 ], [ -73.756461, 40.671094 ], [ -73.756464, 40.671684 ], [ -73.756362, 40.672429 ], [ -73.758148, 40.672707 ], [ -73.758572, 40.672637 ], [ -73.758697, 40.672985 ], [ -73.760315, 40.67511 ], [ -73.75797, 40.676097 ], [ -73.756919, 40.676529 ], [ -73.756108, 40.675955 ], [ -73.755762, 40.675886 ], [ -73.755657, 40.676157 ], [ -73.755494, 40.67663 ], [ -73.755235, 40.677288 ], [ -73.754179, 40.678844 ], [ -73.753419, 40.679879 ], [ -73.753238, 40.680117 ], [ -73.752258, 40.681491 ], [ -73.751804, 40.682403 ], [ -73.751542, 40.683046 ], [ -73.751258, 40.683734 ], [ -73.75103, 40.684223 ], [ -73.750236, 40.685649 ], [ -73.750042, 40.6859 ], [ -73.745846, 40.684781 ], [ -73.743268, 40.68392 ], [ -73.739737, 40.683531 ], [ -73.735822, 40.682255 ], [ -73.735132, 40.683557 ], [ -73.734213, 40.685321 ], [ -73.73396, 40.685639 ], [ -73.733646, 40.685542 ], [ -73.73222, 40.685121 ], [ -73.728721, 40.684062 ], [ -73.727183, 40.683597 ], [ -73.728102, 40.681766 ], [ -73.729247, 40.680431 ], [ -73.729506, 40.680056 ], [ -73.730527, 40.679364 ], [ -73.731874, 40.677569 ], [ -73.733283, 40.676145 ], [ -73.733842, 40.675463 ], [ -73.733873, 40.67542 ], [ -73.735059, 40.67399 ], [ -73.736011, 40.67261 ], [ -73.736249, 40.672631 ], [ -73.736464, 40.671359 ], [ -73.737242, 40.670956 ], [ -73.738501, 40.669285 ], [ -73.738699, 40.669068 ], [ -73.738823, 40.668971 ], [ -73.739113, 40.668628 ], [ -73.739933, 40.667764 ], [ -73.740804, 40.666844 ], [ -73.741178, 40.666403 ], [ -73.745366, 40.666404 ], [ -73.746086, 40.6664 ], [ -73.751759, 40.666395 ], [ -73.755262, 40.666395 ] ] ] } },
{ "type": "Feature", "properties": { "nta_code": "QN68", "nta_name": "Queensbridge-Ravenswood-Long Island City", "boro_name": "Queens", "trees_2015": 1366, "trees_2005": 876, "area_km2": 2.19, "density_2005": 400.0, "density_2015": 623.7, "tree_change": 490, "pct_change": 55.9, "data_mode": "official", "generated_at": "2026-08-11T04:47:12.996138+00:00", "tree_source_year": 2015, "geography_vintage": 2010, "dataset_geography": "NTA2010", "tree_2005_unassigned_count": 24027, "tree_2005_mapping_coverage_pct": 95.9 }, "geometry": { "type": "Polygon", "coordinates": [ [ [ -73.928154, 40.755836 ], [ -73.926554, 40.755086 ], [ -73.924157, 40.753961 ], [ -73.925627, 40.752137 ], [ -73.925987, 40.752092 ], [ -73.926484, 40.752071 ], [ -73.928742, 40.752042 ], [ -73.931959, 40.751974 ], [ -73.934743, 40.750979 ], [ -73.936165, 40.749714 ], [ -73.937366, 40.748892 ], [ -73.937906, 40.749595 ], [ -73.939607, 40.750411 ], [ -73.940531, 40.750812 ], [ -73.941995, 40.751541 ], [ -73.942872, 40.751956 ], [ -73.943963, 40.752396 ], [ -73.944268, 40.752618 ], [ -73.945234, 40.75307 ], [ -73.946406, 40.753598 ], [ -73.948907, 40.754748 ], [ -73.951011, 40.755724 ], [ -73.945111, 40.763086 ], [ -73.943951, 40.764434 ], [ -73.940844, 40.767399 ], [ -73.935741, 40.770548 ], [ -73.93519, 40.771745 ], [ -73.935151, 40.771233 ], [ -73.935111, 40.771329 ], [ -73.934456, 40.771151 ], [ -73.934246, 40.771029 ], [ -73.936184, 40.767692 ], [ -73.938361, 40.766911 ], [ -73.93859, 40.766817 ], [ -73.937635, 40.766475 ], [ -73.936005, 40.765885 ], [ -73.937005, 40.76424 ], [ -73.935414, 40.763497 ], [ -73.933981, 40.762826 ], [ -73.935387, 40.761355 ], [ -73.936791, 40.759883 ], [ -73.93425, 40.758695 ], [ -73.933353, 40.758274 ], [ -73.932152, 40.75771 ], [ -73.928956, 40.756213 ], [ -73.928154, 40.755836 ] ] ] } },
{ "type": "Feature", "properties": { "nta_code": "QN70", "nta_name": "Astoria", "boro_name": "Queens", "trees_2015": 4393, "trees_2005": 3209, "area_km2": 3.65, "density_2005": 879.2, "density_2015": 1203.6, "tree_change": 1184, "pct_change": 36.9, "data_mode": "official", "generated_at": "2026-08-11T04:47:12.996138+00:00", "tree_source_year": 2015, "geography_vintage": 2010, "dataset_geography": "NTA2010", "tree_2005_unassigned_count": 24027, "tree_2005_mapping_coverage_pct": 95.9 }, "geometry": { "type": "Polygon", "coordinates": [ [ [ -73.924157, 40.753961 ], [ -73.926554, 40.755086 ], [ -73.928154, 40.755836 ], [ -73.928956, 40.756213 ], [ -73.932152, 40.75771 ], [ -73.933353, 40.758274 ], [ -73.93425, 40.758695 ], [ -73.936791, 40.759883 ], [ -73.935387, 40.761355 ], [ -73.933981, 40.762826 ], [ -73.935414, 40.763497 ], [ -73.937005, 40.76424 ], [ -73.936005, 40.765885 ], [ -73.937635, 40.766475 ], [ -73.93859, 40.766817 ], [ -73.938361, 40.766911 ], [ -73.936184, 40.767692 ], [ -73.935949, 40.767578 ], [ -73.934935, 40.767013 ], [ -73.933445, 40.768818 ], [ -73.932024, 40.768257 ], [ -73.929856, 40.767327 ], [ -73.928556, 40.766714 ], [ -73.926438, 40.765733 ], [ -73.925061, 40.765097 ], [ -73.924253, 40.764725 ], [ -73.923539, 40.765604 ], [ -73.922189, 40.767267 ], [ -73.920587, 40.766521 ], [ -73.919778, 40.766152 ], [ -73.918493, 40.767735 ], [ -73.919112, 40.768025 ], [ -73.919956, 40.76844 ], [ -73.918116, 40.770029 ], [ -73.917591, 40.769901 ], [ -73.91693, 40.769847 ], [ -73.915849, 40.769634 ], [ -73.914874, 40.76947 ], [ -73.913888, 40.769324 ], [ -73.91194, 40.76901 ], [ -73.910929, 40.768848 ], [ -73.909009, 40.768548 ], [ -73.908031, 40.768385 ], [ -73.907087, 40.768236 ], [ -73.906113, 40.768068 ], [ -73.905239, 40.767776 ], [ -73.902025, 40.767417 ], [ -73.903417, 40.765963 ], [ -73.903569, 40.765782 ], [ -73.903708, 40.765597 ], [ -73.904512, 40.764589 ], [ -73.90651, 40.762109 ], [ -73.907794, 40.760518 ], [ -73.906315, 40.759844 ], [ -73.907426, 40.7581 ], [ -73.907828, 40.756999 ], [ -73.908465, 40.755292 ], [ -73.909013, 40.75428 ], [ -73.910231, 40.752977 ], [ -73.910579, 40.752984 ], [ -73.913542, 40.753469 ], [ -73.914467, 40.753661 ], [ -73.915473, 40.753792 ], [ -73.916505, 40.753892 ], [ -73.917632, 40.753858 ], [ -73.918923, 40.753636 ], [ -73.920277, 40.753338 ], [ -73.920479, 40.753285 ], [ -73.921619, 40.753028 ], [ -73.922966, 40.752729 ], [ -73.924417, 40.752404 ], [ -73.925627, 40.752137 ], [ -73.924157, 40.753961 ] ] ] } },
{ "type": "Feature", "properties": { "nta_code": "QN71", "nta_name": "Old Astoria", "boro_name": "Queens", "trees_2015": 1341, "trees_2005": 915, "area_km2": 1.47, "density_2005": 622.4, "density_2015": 912.2, "tree_change": 426, "pct_change": 46.6, "data_mode": "official", "generated_at": "2026-08-11T04:47:12.996138+00:00", "tree_source_year": 2015, "geography_vintage": 2010, "dataset_geography": "NTA2010", "tree_2005_unassigned_count": 24027, "tree_2005_mapping_coverage_pct": 95.9 }, "geometry": { "type": "Polygon", "coordinates": [ [ [ -73.924253, 40.764725 ], [ -73.925061, 40.765097 ], [ -73.926438, 40.765733 ], [ -73.928556, 40.766714 ], [ -73.929856, 40.767327 ], [ -73.932024, 40.768257 ], [ -73.933445, 40.768818 ], [ -73.934935, 40.767013 ], [ -73.935949, 40.767578 ], [ -73.936184, 40.767692 ], [ -73.934246, 40.771029 ], [ -73.934456, 40.771151 ], [ -73.935111, 40.771329 ], [ -73.935151, 40.771233 ], [ -73.93519, 40.771745 ], [ -73.938076, 40.772551 ], [ -73.938447, 40.773551 ], [ -73.938399, 40.774606 ], [ -73.935739, 40.777157 ], [ -73.934972, 40.778439 ], [ -73.93508, 40.779218 ], [ -73.934114, 40.777576 ], [ -73.931857, 40.778263 ], [ -73.929555, 40.776868 ], [ -73.92797, 40.776762 ], [ -73.927831, 40.776702 ], [ -73.927376, 40.776467 ], [ -73.926581, 40.776039 ], [ -73.923981, 40.774615 ], [ -73.922793, 40.773962 ], [ -73.922167, 40.773547 ], [ -73.921469, 40.773051 ], [ -73.920763, 40.772553 ], [ -73.920076, 40.772067 ], [ -73.917702, 40.770392 ], [ -73.918116, 40.770029 ], [ -73.919956, 40.76844 ], [ -73.919112, 40.768025 ], [ -73.918493, 40.767735 ], [ -73.919778, 40.766152 ], [ -73.920587, 40.766521 ], [ -73.922189, 40.767267 ], [ -73.923539, 40.765604 ], [ -73.924253, 40.764725 ] ] ] } },
{ "type": "Feature", "properties": { "nta_code": "QN72", "nta_name": "Steinway", "boro_name": "Queens", "trees_2015": 5436, "trees_2005": 4460, "area_km2": 5.22, "density_2005": 854.4, "density_2015": 1041.4, "tree_change": 976, "pct_change": 21.9, "data_mode": "official", "generated_at": "2026-08-11T04:47:12.996138+00:00", "tree_source_year": 2015, "geography_vintage": 2010, "dataset_geography": "NTA2010", "tree_2005_unassigned_count": 24027, "tree_2005_mapping_coverage_pct": 95.9 }, "geometry": { "type": "Polygon", "coordinates": [ [ [ -73.920076, 40.772067 ], [ -73.920763, 40.772553 ], [ -73.921469, 40.773051 ], [ -73.922167, 40.773547 ], [ -73.922793, 40.773962 ], [ -73.923981, 40.774615 ], [ -73.922649, 40.777423 ], [ -73.921395, 40.778454 ], [ -73.920127, 40.779489 ], [ -73.918618, 40.780733 ], [ -73.917966, 40.781256 ], [ -73.91976, 40.782514 ], [ -73.920425, 40.782874 ], [ -73.917817, 40.784976 ], [ -73.916316, 40.786601 ], [ -73.915358, 40.788096 ], [ -73.910551, 40.790988 ], [ -73.912506, 40.79618 ], [ -73.899809, 40.792524 ], [ -73.892866, 40.790567 ], [ -73.890586, 40.790145 ], [ -73.889918, 40.787398 ], [ -73.884867, 40.786621 ], [ -73.889347, 40.780468 ], [ -73.891871, 40.776656 ], [ -73.892348, 40.775847 ], [ -73.890316, 40.773232 ], [ -73.889486, 40.773639 ], [ -73.889068, 40.773682 ], [ -73.889424, 40.773046 ], [ -73.88904, 40.770916 ], [ -73.888726, 40.768916 ], [ -73.888178, 40.768428 ], [ -73.887601, 40.767296 ], [ -73.887671, 40.76672 ], [ -73.888365, 40.766725 ], [ -73.88881, 40.766477 ], [ -73.889528, 40.766305 ], [ -73.890025, 40.766186 ], [ -73.890961, 40.766039 ], [ -73.893221, 40.766226 ], [ -73.89353, 40.766019 ], [ -73.895851, 40.766424 ], [ -73.900659, 40.767211 ], [ -73.902025, 40.767417 ], [ -73.905239, 40.767776 ], [ -73.906113, 40.768068 ], [ -73.907087, 40.768236 ], [ -73.908031, 40.768385 ], [ -73.909009, 40.768548 ], [ -73.910929, 40.768848 ], [ -73.91194, 40.76901 ], [ -73.913888, 40.769324 ], [ -73.914874, 40.76947 ], [ -73.915849, 40.769634 ], [ -73.91693, 40.769847 ], [ -73.917591, 40.769901 ], [ -73.918116, 40.770029 ], [ -73.917702, 40.770392 ], [ -73.920076, 40.772067 ] ] ] } },
{ "type": "Feature", "properties": { "nta_code": "QN76", "nta_name": "Baisley Park", "boro_name": "Queens", "trees_2015": 4815, "trees_2005": 4328, "area_km2": 3.92, "density_2005": 1104.1, "density_2015": 1228.3, "tree_change": 487, "pct_change": 11.3, "data_mode": "official", "generated_at": "2026-08-11T04:47:12.996138+00:00", "tree_source_year": 2015, "geography_vintage": 2010, "dataset_geography": "NTA2010", "tree_2005_unassigned_count": 24027, "tree_2005_mapping_coverage_pct": 95.9 }, "geometry": { "type": "Polygon", "coordinates": [ [ [ -73.79323, 40.667074 ], [ -73.793934, 40.667001 ], [ -73.797111, 40.666946 ], [ -73.798204, 40.66668 ], [ -73.798596, 40.666645 ], [ -73.800073, 40.666797 ], [ -73.801663, 40.666889 ], [ -73.80123, 40.66852 ], [ -73.801255, 40.67126 ], [ -73.801268, 40.672142 ], [ -73.801643, 40.674347 ], [ -73.80323, 40.677681 ], [ -73.804102, 40.679425 ], [ -73.804948, 40.68117 ], [ -73.805768, 40.682932 ], [ -73.802564, 40.683842 ], [ -73.800774, 40.68435 ], [ -73.798982, 40.684859 ], [ -73.79995, 40.686828 ], [ -73.799135, 40.687182 ], [ -73.798286, 40.687524 ], [ -73.797461, 40.687872 ], [ -73.796629, 40.688221 ], [ -73.795615, 40.688657 ], [ -73.795211, 40.688095 ], [ -73.794778, 40.687471 ], [ -73.793908, 40.686305 ], [ -73.792107, 40.687048 ], [ -73.790385, 40.687754 ], [ -73.789626, 40.687939 ], [ -73.789205, 40.688053 ], [ -73.787642, 40.688435 ], [ -73.787005, 40.688568 ], [ -73.786439, 40.688782 ], [ -73.785805, 40.688997 ], [ -73.784099, 40.689648 ], [ -73.783266, 40.689994 ], [ -73.782345, 40.688407 ], [ -73.781487, 40.688697 ], [ -73.780516, 40.687037 ], [ -73.779668, 40.685377 ], [ -73.778708, 40.6857 ], [ -73.776998, 40.686283 ], [ -73.776324, 40.685217 ], [ -73.775012, 40.684276 ], [ -73.772254, 40.681559 ], [ -73.772995, 40.681209 ], [ -73.773565, 40.680964 ], [ -73.774081, 40.68076 ], [ -73.7747, 40.680487 ], [ -73.777231, 40.679654 ], [ -73.778422, 40.679032 ], [ -73.779478, 40.678365 ], [ -73.780259, 40.677841 ], [ -73.781572, 40.676901 ], [ -73.782218, 40.676438 ], [ -73.783042, 40.675844 ], [ -73.784345, 40.674696 ], [ -73.785737, 40.672384 ], [ -73.786868, 40.672824 ], [ -73.788085, 40.67301 ], [ -73.788831, 40.669823 ], [ -73.78941, 40.666841 ], [ -73.791244, 40.666899 ], [ -73.791299, 40.66697 ], [ -73.792174, 40.66704 ], [ -73.793062, 40.667087 ], [ -73.79323, 40.667074 ] ] ] } },
{ "type": "Feature", "properties": { "nta_code": "QN98", "nta_name": "Airport", "boro_name": "Queens", "trees_2015": 0, "trees_2005": 12, "area_km2": 20.85, "density_2005": 0.6, "density_2015": 0.0, "tree_change": -12, "pct_change": -100.0, "data_mode": "official", "generated_at": "2026-08-11T04:47:12.996138+00:00", "tree_source_year": 2015, "geography_vintage": 2010, "dataset_geography": "NTA2010", "tree_2005_unassigned_count": 24027, "tree_2005_mapping_coverage_pct": 95.9 }, "geometry": { "type": "MultiPolygon", "coordinates": [ [ [ [ -73.772245, 40.624772 ], [ -73.773233, 40.625844 ], [ -73.78388, 40.630029 ], [ -73.787168, 40.631682 ], [ -73.792142, 40.635003 ], [ -73.813028, 40.644143 ], [ -73.816295, 40.645964 ], [ -73.825337, 40.644248 ], [ -73.82641, 40.648261 ], [ -73.828493, 40.657253 ], [ -73.829757, 40.659786 ], [ -73.82987, 40.659967 ], [ -73.830222, 40.660526 ], [ -73.831781, 40.663674 ], [ -73.832246, 40.664982 ], [ -73.832644, 40.665184 ], [ -73.831742, 40.665182 ], [ -73.82818, 40.664079 ], [ -73.823103, 40.663654 ], [ -73.814945, 40.662759 ], [ -73.813367, 40.662939 ], [ -73.812103, 40.663083 ], [ -73.806144, 40.664913 ], [ -73.804548, 40.665259 ], [ -73.801898, 40.665249 ], [ -73.790099, 40.664316 ], [ -73.780737, 40.662447 ], [ -73.77383, 40.659651 ], [ -73.767779, 40.656451 ], [ -73.764465, 40.654507 ], [ -73.755024, 40.649219 ], [ -73.753214, 40.648278 ], [ -73.753827, 40.647268 ], [ -73.748617, 40.644209 ], [ -73.746108, 40.640624 ], [ -73.746737, 40.637716 ], [ -73.747122, 40.636979 ], [ -73.746702, 40.633387 ], [ -73.766487, 40.625687 ], [ -73.766954, 40.623172 ], [ -73.768088, 40.62294 ], [ -73.770077, 40.621136 ], [ -73.775428, 40.616184 ], [ -73.773552, 40.619786 ], [ -73.773218, 40.62098 ], [ -73.772245, 40.624772 ] ] ], [ [ [ -73.860505, 40.778984 ], [ -73.852897, 40.775457 ], [ -73.852642, 40.77208 ], [ -73.853702, 40.76948 ], [ -73.854969, 40.767467 ], [ -73.860274, 40.763444 ], [ -73.860878, 40.763206 ], [ -73.863593, 40.766099 ], [ -73.868054, 40.770113 ], [ -73.873059, 40.771808 ], [ -73.875284, 40.771768 ], [ -73.878619, 40.770863 ], [ -73.887671, 40.76672 ], [ -73.887601, 40.767296 ], [ -73.888178, 40.768428 ], [ -73.888726, 40.768916 ], [ -73.88904, 40.770916 ], [ -73.889424, 40.773046 ], [ -73.889068, 40.773682 ], [ -73.889486, 40.773639 ], [ -73.890316, 40.773232 ], [ -73.892348, 40.775847 ], [ -73.891871, 40.776656 ], [ -73.889347, 40.780468 ], [ -73.884867, 40.786621 ], [ -73.878964, 40.785743 ], [ -73.873688, 40.78616 ], [ -73.870992, 40.786979 ], [ -73.868314, 40.784398 ], [ -73.860505, 40.778984 ] ] ] ] } },
{ "type": "Feature", "properties": { "nta_code": "QN99", "nta_name": "park-cemetery-etc-Queens", "boro_name": "Queens", "trees_2015": 0, "trees_2005": 462, "area_km2": 28.84, "density_2005": 16.0, "density_2015": 0.0, "tree_change": -462, "pct_change": -100.0, "data_mode": "official", "generated_at": "2026-08-11T04:47:12.996138+00:00", "tree_source_year": 2015, "geography_vintage": 2010, "dataset_geography": "NTA2010", "tree_2005_unassigned_count": 24027, "tree_2005_mapping_coverage_pct": 95.9 }, "geometry": { "type": "MultiPolygon", "coordinates": [ [ [ [ -73.940422629524491, 40.548622750627793 ], [ -73.938718, 40.545828 ], [ -73.921075268021298, 40.548588113017296 ], [ -73.940591070287397, 40.542895764690805 ], [ -73.940422629524491, 40.548622750627793 ] ] ], [ [ [ -73.90104, 40.556514 ], [ -73.9016, 40.559537 ], [ -73.902306, 40.562128 ], [ -73.882708, 40.567548 ], [ -73.883203, 40.568537 ], [ -73.886292, 40.573505 ], [ -73.885069, 40.573749 ], [ -73.879222, 40.574656 ], [ -73.871418, 40.578535 ], [ -73.869232, 40.579342 ], [ -73.86751, 40.580229 ], [ -73.866005, 40.581001 ], [ -73.86298, 40.576215 ], [ -73.862739, 40.575842 ], [ -73.863379, 40.575309 ], [ -73.863201, 40.574127 ], [ -73.866685, 40.57319 ], [ -73.86533, 40.57066 ], [ -73.864685, 40.569301 ], [ -73.864103, 40.569355 ], [ -73.863088, 40.567598 ], [ -73.86277910109871, 40.566800133169501 ], [ -73.863148592579591, 40.566664677316894 ], [ -73.878273653208595, 40.561119818805501 ], [ -73.878906, 40.560888 ], [ -73.899821889138707, 40.554787275832297 ], [ -73.90104, 40.556514 ] ] ], [ [ [ -73.935686100801888, 40.564913660332095 ], [ -73.938597688839295, 40.566161483008997 ], [ -73.92807, 40.567786 ], [ -73.92984, 40.563825 ], [ -73.934494694430697, 40.563041450555701 ], [ -73.935686100801888, 40.564913660332095 ] ] ], [ [ [ -73.876398, 40.702294 ], [ -73.875431, 40.702374 ], [ -73.872562, 40.702612 ], [ -73.871648, 40.702687 ], [ -73.870733, 40.702762 ], [ -73.869819, 40.702838 ], [ -73.869156, 40.702893 ], [ -73.866538, 40.70311 ], [ -73.86564, 40.703183 ], [ -73.863794, 40.703334 ], [ -73.863254, 40.703392 ], [ -73.861423, 40.70327 ], [ -73.858287, 40.702968 ], [ -73.858703, 40.701096 ], [ -73.855292, 40.701844 ], [ -73.855293, 40.702596 ], [ -73.852145, 40.702375 ], [ -73.852679, 40.703022 ], [ -73.853688, 40.704342 ], [ -73.854709, 40.705222 ], [ -73.854734, 40.705245 ], [ -73.854747, 40.70683 ], [ -73.852766, 40.707442 ], [ -73.851099, 40.707901 ], [ -73.843016, 40.709176 ], [ -73.839011, 40.708555 ], [ -73.837147, 40.707957 ], [ -73.837846, 40.70563 ], [ -73.836962, 40.704212 ], [ -73.83843, 40.703386 ], [ -73.839478, 40.70269 ], [ -73.841736, 40.701239 ], [ -73.841996, 40.700949 ], [ -73.842938, 40.700554 ], [ -73.845025, 40.699359 ], [ -73.846266, 40.699119 ], [ -73.847017, 40.698842 ], [ -73.847911, 40.698647 ], [ -73.848221, 40.698545 ], [ -73.84908, 40.698351 ], [ -73.850463, 40.700181 ], [ -73.854566, 40.700594 ], [ -73.854414, 40.700443 ], [ -73.853908, 40.699994 ], [ -73.852772, 40.697557 ], [ -73.856572, 40.697065 ], [ -73.858331, 40.696744 ], [ -73.859285, 40.696554 ], [ -73.860164, 40.696385 ], [ -73.862452, 40.695996 ], [ -73.863687, 40.695691 ], [ -73.864557, 40.69552 ], [ -73.866814, 40.695065 ], [ -73.868724, 40.694756 ], [ -73.868917, 40.69515 ], [ -73.874021, 40.694191 ], [ -73.879456, 40.691231 ], [ -73.883777, 40.687863 ], [ -73.887625, 40.686002 ], [ -73.889575, 40.68418 ], [ -73.890082, 40.684712 ], [ -73.892523, 40.683424 ], [ -73.894033, 40.685139 ], [ -73.896497, 40.682447 ], [ -73.900988, 40.687616 ], [ -73.901731, 40.690822 ], [ -73.901241, 40.691438 ], [ -73.901291, 40.692303 ], [ -73.900965, 40.692811 ], [ -73.900387, 40.69314 ], [ -73.90003, 40.693437 ], [ -73.897366, 40.694119 ], [ -73.896955, 40.69192 ], [ -73.893981, 40.693076 ], [ -73.895426, 40.694171 ], [ -73.891957, 40.694411 ], [ -73.886488, 40.696439 ], [ -73.886811, 40.696668 ], [ -73.887882, 40.698008 ], [ -73.888271, 40.698945 ], [ -73.887713, 40.699678 ], [ -73.885842, 40.699965 ], [ -73.884922, 40.700104 ], [ -73.884402, 40.700255 ], [ -73.881254, 40.699983 ], [ -73.876398, 40.702294 ] ] ], [ [ [ -73.901943, 40.73434 ], [ -73.90108, 40.733908 ], [ -73.902597, 40.732104 ], [ -73.904218, 40.730127 ], [ -73.905684, 40.72855 ], [ -73.907185, 40.727381 ], [ -73.910216, 40.729271 ], [ -73.912008, 40.729945 ], [ -73.911869, 40.729553 ], [ -73.91522, 40.728083 ], [ -73.917967, 40.728501 ], [ -73.917521, 40.731003 ], [ -73.917424, 40.731132 ], [ -73.917445, 40.731181 ], [ -73.918936, 40.731778 ], [ -73.918934, 40.731876 ], [ -73.918484, 40.731988 ], [ -73.917724, 40.735043 ], [ -73.917501, 40.735233 ], [ -73.917286, 40.735381 ], [ -73.916892, 40.735463 ], [ -73.916848, 40.735613 ], [ -73.916515, 40.736757 ], [ -73.917177, 40.736898 ], [ -73.917091, 40.737145 ], [ -73.916512, 40.738945 ], [ -73.916301, 40.739069 ], [ -73.915675, 40.740785 ], [ -73.914438, 40.74056 ], [ -73.914029, 40.742491 ], [ -73.912822, 40.742486 ], [ -73.911941, 40.742383 ], [ -73.909247, 40.742066 ], [ -73.907506, 40.741862 ], [ -73.908323, 40.738631 ], [ -73.908555, 40.73793 ], [ -73.90922, 40.736399 ], [ -73.909242, 40.736334 ], [ -73.910689, 40.733471 ], [ -73.906632, 40.732796 ], [ -73.90517, 40.73586 ], [ -73.901943, 40.73434 ] ] ], [ [ [ -73.903417, 40.765963 ], [ -73.902025, 40.767417 ], [ -73.900659, 40.767211 ], [ -73.895851, 40.766424 ], [ -73.89353, 40.766019 ], [ -73.894943, 40.764813 ], [ -73.897447, 40.761986 ], [ -73.898739, 40.759973 ], [ -73.901441, 40.759664 ], [ -73.902768, 40.763879 ], [ -73.903569, 40.765782 ], [ -73.903417, 40.765963 ] ] ], [ [ [ -73.92797, 40.776762 ], [ -73.926006, 40.77888 ], [ -73.924605, 40.779434 ], [ -73.920425, 40.782874 ], [ -73.91976, 40.782514 ], [ -73.917966, 40.781256 ], [ -73.918618, 40.780733 ], [ -73.920127, 40.779489 ], [ -73.921395, 40.778454 ], [ -73.922649, 40.777423 ], [ -73.923981, 40.774615 ], [ -73.926581, 40.776039 ], [ -73.927376, 40.776467 ], [ -73.927831, 40.776702 ], [ -73.92797, 40.776762 ] ] ], [ [ [ -73.787168, 40.631682 ], [ -73.78388, 40.630029 ], [ -73.773233, 40.625844 ], [ -73.772245, 40.624772 ], [ -73.773218, 40.62098 ], [ -73.773552, 40.619786 ], [ -73.775428, 40.616184 ], [ -73.770077, 40.621136 ], [ -73.768088, 40.62294 ], [ -73.766954, 40.623172 ], [ -73.766814, 40.621082 ], [ -73.766755, 40.620435 ], [ -73.765969, 40.614927 ], [ -73.763476, 40.613706 ], [ -73.765931, 40.614153 ], [ -73.772519, 40.614772 ], [ -73.777321, 40.613078 ], [ -73.789058, 40.605621 ], [ -73.793652, 40.602623 ], [ -73.802469, 40.600967 ], [ -73.807512, 40.597862 ], [ -73.810195, 40.595135 ], [ -73.819696, 40.591973 ], [ -73.82733, 40.587801 ], [ -73.833507, 40.586706 ], [ -73.840704, 40.586087 ], [ -73.854937, 40.585974 ], [ -73.849852, 40.588669 ], [ -73.84668, 40.593209 ], [ -73.844437, 40.595855 ], [ -73.835876, 40.605637 ], [ -73.834463, 40.607193 ], [ -73.834283, 40.609186 ], [ -73.834054, 40.613455 ], [ -73.833422, 40.626782 ], [ -73.833365, 40.628461 ], [ -73.836238, 40.631111 ], [ -73.837652, 40.63284 ], [ -73.848338, 40.643521 ], [ -73.839999, 40.644143 ], [ -73.835664, 40.644058 ], [ -73.825337, 40.644248 ], [ -73.816295, 40.645964 ], [ -73.813028, 40.644143 ], [ -73.792142, 40.635003 ], [ -73.787168, 40.631682 ] ], [ [ -73.820627, 40.611855 ], [ -73.81947, 40.609727 ], [ -73.820971, 40.607324 ], [ -73.823253, 40.605812 ], [ -73.822433, 40.605362 ], [ -73.823424, 40.601924 ], [ -73.82442, 40.600403 ], [ -73.823574, 40.599814 ], [ -73.824596, 40.598584 ], [ -73.826079, 40.600104 ], [ -73.830713, 40.598462 ], [ -73.83247, 40.598561 ], [ -73.834577, 40.596973 ], [ -73.834207, 40.595495 ], [ -73.832611, 40.595093 ], [ -73.829006, 40.595661 ], [ -73.824745, 40.594667 ], [ -73.820926, 40.596584 ], [ -73.819281, 40.59753 ], [ -73.817254, 40.60394 ], [ -73.815105, 40.606908 ], [ -73.816015, 40.609157 ], [ -73.815404, 40.610385 ], [ -73.815989, 40.612925 ], [ -73.813925, 40.61238 ], [ -73.81421, 40.614471 ], [ -73.816461, 40.613677 ], [ -73.817164, 40.614828 ], [ -73.821658, 40.614909 ], [ -73.824152, 40.612064 ], [ -73.824241, 40.610516 ], [ -73.822693, 40.608978 ], [ -73.821128, 40.609672 ], [ -73.821582, 40.611948 ], [ -73.820627, 40.611855 ] ] ], [ [ [ -73.735822, 40.682255 ], [ -73.739737, 40.683531 ], [ -73.743268, 40.68392 ], [ -73.745846, 40.684781 ], [ -73.750042, 40.6859 ], [ -73.748846, 40.687448 ], [ -73.747527, 40.689383 ], [ -73.747134, 40.689353 ], [ -73.741229, 40.687493 ], [ -73.737585, 40.686408 ], [ -73.737442, 40.686701 ], [ -73.73396, 40.685639 ], [ -73.734213, 40.685321 ], [ -73.735132, 40.683557 ], [ -73.735822, 40.682255 ] ] ], [ [ [ -73.767273, 40.726221 ], [ -73.768575, 40.725996 ], [ -73.772743, 40.725035 ], [ -73.777236, 40.722284 ], [ -73.777411, 40.722534 ], [ -73.777579, 40.722642 ], [ -73.777749, 40.722842 ], [ -73.778038, 40.723284 ], [ -73.775234, 40.725238 ], [ -73.777575, 40.730193 ], [ -73.775804, 40.73068 ], [ -73.774913, 40.730913 ], [ -73.771527, 40.731522 ], [ -73.770107, 40.731779 ], [ -73.772861, 40.736276 ], [ -73.775697, 40.743337 ], [ -73.771593, 40.744076 ], [ -73.76776, 40.745806 ], [ -73.765151, 40.742437 ], [ -73.764315, 40.740673 ], [ -73.763609, 40.739175 ], [ -73.762683, 40.737256 ], [ -73.762474, 40.736044 ], [ -73.762673, 40.735015 ], [ -73.765041, 40.734477 ], [ -73.7637, 40.732864 ], [ -73.764268, 40.732767 ], [ -73.764903, 40.732723 ], [ -73.764893, 40.732661 ], [ -73.765558, 40.732535 ], [ -73.760684, 40.728707 ], [ -73.756566, 40.726133 ], [ -73.760919, 40.726045 ], [ -73.763785, 40.726313 ], [ -73.765722, 40.726398 ], [ -73.76631, 40.726375 ], [ -73.767273, 40.726221 ] ] ], [ [ [ -73.83122, 40.740953 ], [ -73.830536, 40.73752 ], [ -73.828092, 40.737083 ], [ -73.828053, 40.738556 ], [ -73.824988, 40.739377 ], [ -73.825496, 40.734046 ], [ -73.825665, 40.73228 ], [ -73.827425, 40.73193 ], [ -73.829264, 40.731564 ], [ -73.833701, 40.730682 ], [ -73.833071, 40.729919 ], [ -73.831767, 40.728016 ], [ -73.829951, 40.725968 ], [ -73.827555, 40.724961 ], [ -73.826726, 40.723082 ], [ -73.825859, 40.720463 ], [ -73.825487, 40.718691 ], [ -73.82546, 40.718 ], [ -73.825415, 40.717333 ], [ -73.82458, 40.717345 ], [ -73.82373, 40.717424 ], [ -73.821675, 40.717351 ], [ -73.82062, 40.717321 ], [ -73.819523, 40.71734 ], [ -73.81798, 40.717499 ], [ -73.819305, 40.717136 ], [ -73.820513, 40.716647 ], [ -73.821948, 40.716828 ], [ -73.822726, 40.716755 ], [ -73.823157, 40.716667 ], [ -73.823789, 40.716455 ], [ -73.825247, 40.71614 ], [ -73.825793, 40.716146 ], [ -73.825956, 40.716022 ], [ -73.826389, 40.715753 ], [ -73.829086, 40.714814 ], [ -73.830627, 40.714341 ], [ -73.830775, 40.714486 ], [ -73.831459, 40.714554 ], [ -73.829851, 40.715541 ], [ -73.833481, 40.718333 ], [ -73.835057, 40.719644 ], [ -73.83538, 40.720722 ], [ -73.835963, 40.721677 ], [ -73.836486, 40.722376 ], [ -73.838281, 40.725482 ], [ -73.838715, 40.726221 ], [ -73.839064, 40.72688 ], [ -73.839445, 40.727537 ], [ -73.839854, 40.728178 ], [ -73.840327, 40.728807 ], [ -73.841468, 40.729998 ], [ -73.842859, 40.731099 ], [ -73.843505, 40.731814 ], [ -73.844347, 40.732979 ], [ -73.844753, 40.73362 ], [ -73.845047, 40.734175 ], [ -73.845115, 40.734277 ], [ -73.845426, 40.73495 ], [ -73.847027, 40.738788 ], [ -73.847306, 40.738962 ], [ -73.847481, 40.739064 ], [ -73.847656, 40.739221 ], [ -73.847873, 40.739335 ], [ -73.848236, 40.73929 ], [ -73.847949, 40.739953 ], [ -73.85001, 40.740563 ], [ -73.850225, 40.740776 ], [ -73.850525, 40.741514 ], [ -73.852241, 40.744841 ], [ -73.852577, 40.745506 ], [ -73.852918, 40.746171 ], [ -73.85326, 40.746834 ], [ -73.853602, 40.747492 ], [ -73.854021, 40.748156 ], [ -73.854369, 40.748739 ], [ -73.854421, 40.748805 ], [ -73.8513, 40.749762 ], [ -73.850937, 40.749921 ], [ -73.852219, 40.752689 ], [ -73.852622, 40.75347 ], [ -73.853154, 40.755149 ], [ -73.853798, 40.757178 ], [ -73.854413, 40.758066 ], [ -73.85458, 40.758388 ], [ -73.85464, 40.758466 ], [ -73.855014, 40.758967 ], [ -73.855251, 40.759148 ], [ -73.855814, 40.759624 ], [ -73.855914, 40.759679 ], [ -73.859799, 40.761923 ], [ -73.860047, 40.762191 ], [ -73.860878, 40.763206 ], [ -73.860274, 40.763444 ], [ -73.854969, 40.767467 ], [ -73.853702, 40.76948 ], [ -73.848515, 40.763822 ], [ -73.847052, 40.763825 ], [ -73.84075, 40.765819 ], [ -73.839167, 40.765357 ], [ -73.838804, 40.76497 ], [ -73.837326, 40.76268 ], [ -73.838008, 40.758927 ], [ -73.838694, 40.756963 ], [ -73.838002, 40.754438 ], [ -73.837807, 40.754132 ], [ -73.835538, 40.751411 ], [ -73.832295, 40.751942 ], [ -73.832276, 40.751458 ], [ -73.832714, 40.749671 ], [ -73.833003, 40.747834 ], [ -73.83413, 40.747426 ], [ -73.83469, 40.746903 ], [ -73.835438, 40.745524 ], [ -73.835947, 40.743747 ], [ -73.835902, 40.743327 ], [ -73.835883, 40.743127 ], [ -73.832265, 40.742496 ], [ -73.831085, 40.742337 ], [ -73.831173, 40.741638 ], [ -73.83122, 40.740953 ] ] ], [ [ [ -73.794676, 40.747212 ], [ -73.79452, 40.7459 ], [ -73.794535, 40.744508 ], [ -73.796707, 40.742028 ], [ -73.800163, 40.742248 ], [ -73.804432, 40.74217 ], [ -73.807298, 40.741994 ], [ -73.808238, 40.742011 ], [ -73.810133, 40.742295 ], [ -73.814309, 40.742974 ], [ -73.814162, 40.746139 ], [ -73.811618, 40.747665 ], [ -73.807506, 40.750137 ], [ -73.806333, 40.750048 ], [ -73.802878, 40.749783 ], [ -73.803036, 40.74718 ], [ -73.803352, 40.746432 ], [ -73.799217, 40.746856 ], [ -73.798253, 40.746985 ], [ -73.794676, 40.747212 ] ] ], [ [ [ -73.759236, 40.764395 ], [ -73.7537, 40.76529 ], [ -73.753274, 40.765551 ], [ -73.750722, 40.766512 ], [ -73.748729, 40.764029 ], [ -73.750786, 40.763619 ], [ -73.746592, 40.763907 ], [ -73.742445, 40.758645 ], [ -73.741294, 40.756137 ], [ -73.739963, 40.756526 ], [ -73.739292, 40.756974 ], [ -73.739179, 40.756718 ], [ -73.739381, 40.755761 ], [ -73.741781, 40.753482 ], [ -73.740867, 40.751961 ], [ -73.739854, 40.751299 ], [ -73.738305, 40.749247 ], [ -73.737557, 40.748535 ], [ -73.737015, 40.748178 ], [ -73.734982, 40.745445 ], [ -73.735, 40.744575 ], [ -73.734362, 40.743628 ], [ -73.733767, 40.742938 ], [ -73.733603, 40.742678 ], [ -73.738095, 40.740314 ], [ -73.73914, 40.739725 ], [ -73.740021, 40.738712 ], [ -73.743375, 40.738885 ], [ -73.743719, 40.739383 ], [ -73.743751, 40.740135 ], [ -73.744056, 40.740735 ], [ -73.749968, 40.739746 ], [ -73.75139, 40.740194 ], [ -73.753473, 40.742405 ], [ -73.750728, 40.742998 ], [ -73.748877, 40.743288 ], [ -73.747736, 40.743368 ], [ -73.744852, 40.743319 ], [ -73.745807, 40.745721 ], [ -73.744151, 40.748217 ], [ -73.746928, 40.752072 ], [ -73.747122, 40.752381 ], [ -73.747606, 40.753508 ], [ -73.747715, 40.754005 ], [ -73.750048, 40.758405 ], [ -73.752303, 40.759455 ], [ -73.755895, 40.757839 ], [ -73.757237, 40.760161 ], [ -73.758001, 40.76038 ], [ -73.758481, 40.761995 ], [ -73.758115, 40.762054 ], [ -73.759236, 40.764395 ] ] ] ] } },
{ "type": "Feature", "properties": { "nta_code": "SI01", "nta_name": "Annadale-Huguenot-Prince's Bay-Eltingville", "boro_name": "Staten Island", "trees_2015": 12969, "trees_2005": 13709, "area_km2": 13.33, "density_2005": 1028.4, "density_2015": 972.9, "tree_change": -740, "pct_change": -5.4, "data_mode": "official", "generated_at": "2026-08-11T04:47:12.996138+00:00", "tree_source_year": 2015, "geography_vintage": 2010, "dataset_geography": "NTA2010", "tree_2005_unassigned_count": 24027, "tree_2005_mapping_coverage_pct": 95.9 }, "geometry": { "type": "Polygon", "coordinates": [ [ [ -74.209658249047592, 40.509624355598696 ], [ -74.210297995816902, 40.509486049999197 ], [ -74.210474, 40.509448 ], [ -74.219787, 40.502603 ], [ -74.221909414850501, 40.502397274216491 ], [ -74.223215, 40.508659 ], [ -74.226634, 40.517251 ], [ -74.22691, 40.519172 ], [ -74.223735, 40.518203 ], [ -74.217606, 40.520872 ], [ -74.213546, 40.521235 ], [ -74.213909, 40.523015 ], [ -74.214098, 40.524098 ], [ -74.211734, 40.524356 ], [ -74.210282, 40.524721 ], [ -74.207302, 40.525282 ], [ -74.206681, 40.525352 ], [ -74.205461, 40.525544 ], [ -74.20526, 40.525576 ], [ -74.202769, 40.525907 ], [ -74.201527, 40.526265 ], [ -74.201171, 40.526754 ], [ -74.200886, 40.527071 ], [ -74.200528, 40.527365 ], [ -74.199843, 40.527858 ], [ -74.196084, 40.529912 ], [ -74.194979, 40.530437 ], [ -74.193133, 40.531195 ], [ -74.191744, 40.531917 ], [ -74.192374, 40.533041 ], [ -74.193009, 40.534326 ], [ -74.193418, 40.535127 ], [ -74.193771, 40.535834 ], [ -74.192516, 40.536222 ], [ -74.191369, 40.536691 ], [ -74.189055, 40.53814 ], [ -74.185627, 40.541924 ], [ -74.183579, 40.544304 ], [ -74.181285, 40.546958 ], [ -74.180185, 40.548379 ], [ -74.179334, 40.549888 ], [ -74.178745, 40.550996 ], [ -74.177463, 40.553411 ], [ -74.176116, 40.555937 ], [ -74.174373, 40.558708 ], [ -74.171837, 40.561515 ], [ -74.171463, 40.561375 ], [ -74.169827, 40.561078 ], [ -74.169736, 40.56025 ], [ -74.169477, 40.559126 ], [ -74.168524, 40.554852 ], [ -74.168367, 40.554131 ], [ -74.168052, 40.552718 ], [ -74.167572, 40.550575 ], [ -74.167418, 40.549881 ], [ -74.167099, 40.548448 ], [ -74.166832, 40.547779 ], [ -74.166233, 40.547343 ], [ -74.166197, 40.547111 ], [ -74.165743, 40.545398 ], [ -74.165401, 40.544433 ], [ -74.165296, 40.544273 ], [ -74.164231, 40.543301 ], [ -74.161024, 40.539898 ], [ -74.159141, 40.537899 ], [ -74.15852, 40.537237 ], [ -74.153975, 40.534268 ], [ -74.158511, 40.530566 ], [ -74.161349, 40.529374 ], [ -74.160425, 40.528119 ], [ -74.160058, 40.527635 ], [ -74.159902464311301, 40.527395522797796 ], [ -74.159960361335592, 40.527358871820198 ], [ -74.160859, 40.52679 ], [ -74.164837680164098, 40.525120427141999 ], [ -74.168292535340996, 40.523670666871297 ], [ -74.170933282050598, 40.5225625307936 ], [ -74.176242871297504, 40.520334468791098 ], [ -74.177975167513011, 40.519607545634599 ], [ -74.177986, 40.519603 ], [ -74.179730320856095, 40.520034166339599 ], [ -74.1799812330527, 40.520096187551495 ], [ -74.182157, 40.520634 ], [ -74.193728534530393, 40.514833903467697 ], [ -74.196819297486897, 40.513284694634699 ], [ -74.199740868103589, 40.511820291485897 ], [ -74.199923, 40.511729 ], [ -74.209658249047592, 40.509624355598696 ] ] ] } },
{ "type": "Feature", "properties": { "nta_code": "SI05", "nta_name": "New Springville-Bloomfield-Travis", "boro_name": "Staten Island", "trees_2015": 8446, "trees_2005": 6416, "area_km2": 28.67, "density_2005": 223.8, "density_2015": 294.6, "tree_change": 2030, "pct_change": 31.6, "data_mode": "official", "generated_at": "2026-08-11T04:47:12.996138+00:00", "tree_source_year": 2015, "geography_vintage": 2010, "dataset_geography": "NTA2010", "tree_2005_unassigned_count": 24027, "tree_2005_mapping_coverage_pct": 95.9 }, "geometry": { "type": "Polygon", "coordinates": [ [ [ -74.210887, 40.560902 ], [ -74.208097356718099, 40.572510476083501 ], [ -74.2064130996187, 40.579519134998201 ], [ -74.204339037514686, 40.588149880185398 ], [ -74.204054, 40.589336 ], [ -74.19682, 40.597037 ], [ -74.195407, 40.601806 ], [ -74.195417778224396, 40.602030684524202 ], [ -74.196096, 40.616169 ], [ -74.200523505646387, 40.616835204912498 ], [ -74.200994, 40.616906 ], [ -74.201812, 40.619507 ], [ -74.201495790244493, 40.622571821989602 ], [ -74.2006105846162, 40.631151562580001 ], [ -74.20058, 40.631448 ], [ -74.200352393418498, 40.631665284887696 ], [ -74.198847308337704, 40.633102116110202 ], [ -74.196438192873899, 40.635401980988902 ], [ -74.186462, 40.63025 ], [ -74.178845, 40.626106 ], [ -74.176073, 40.623533 ], [ -74.173095, 40.621884 ], [ -74.168725, 40.621209 ], [ -74.164704, 40.619632 ], [ -74.160501, 40.617416 ], [ -74.157312, 40.615155 ], [ -74.153674, 40.612351 ], [ -74.150506, 40.609906 ], [ -74.149969, 40.60954 ], [ -74.148936, 40.609752 ], [ -74.148783, 40.6092 ], [ -74.147196, 40.608563 ], [ -74.140925, 40.60809 ], [ -74.139974, 40.608147 ], [ -74.138106, 40.608242 ], [ -74.135905, 40.60836 ], [ -74.133117, 40.608506 ], [ -74.132151, 40.608552 ], [ -74.132123, 40.608275 ], [ -74.128792, 40.608516 ], [ -74.127429, 40.608615 ], [ -74.121384, 40.609899 ], [ -74.12117, 40.608834 ], [ -74.118345, 40.609144 ], [ -74.115791, 40.606862 ], [ -74.115377, 40.603984 ], [ -74.114871, 40.602137 ], [ -74.116844, 40.601895 ], [ -74.120596, 40.60181 ], [ -74.120772, 40.600672 ], [ -74.122294, 40.599687 ], [ -74.122643, 40.599419 ], [ -74.125453, 40.598137 ], [ -74.12983, 40.598671 ], [ -74.13092, 40.598856 ], [ -74.131239, 40.59831 ], [ -74.132813, 40.597241 ], [ -74.134377, 40.595539 ], [ -74.138667, 40.58902 ], [ -74.145834, 40.588564 ], [ -74.146304, 40.588549 ], [ -74.146873, 40.588573 ], [ -74.15097, 40.590176 ], [ -74.152352, 40.590937 ], [ -74.155373, 40.592597 ], [ -74.156103, 40.593047 ], [ -74.156366, 40.593197 ], [ -74.159892, 40.59517 ], [ -74.160355, 40.595342 ], [ -74.1619, 40.595299 ], [ -74.161899, 40.595142 ], [ -74.163627, 40.592308 ], [ -74.165787, 40.590708 ], [ -74.167614, 40.588927 ], [ -74.168385, 40.586111 ], [ -74.169472, 40.579373 ], [ -74.169731, 40.576965 ], [ -74.169835, 40.570879 ], [ -74.169611, 40.566443 ], [ -74.169827, 40.561078 ], [ -74.171463, 40.561375 ], [ -74.171837, 40.561515 ], [ -74.177618, 40.563804 ], [ -74.177945, 40.563983 ], [ -74.181395, 40.565238 ], [ -74.182397, 40.565486 ], [ -74.183403, 40.565405 ], [ -74.187269, 40.564042 ], [ -74.194076, 40.562079 ], [ -74.197695, 40.558887 ], [ -74.199771, 40.55687 ], [ -74.203343, 40.556133 ], [ -74.206672, 40.557935 ], [ -74.21199, 40.557633 ], [ -74.212995, 40.558325 ], [ -74.21336130505729, 40.558508281965096 ], [ -74.211773721464496, 40.560044158661796 ], [ -74.210887, 40.560902 ] ] ] } },
{ "type": "Feature", "properties": { "nta_code": "SI07", "nta_name": "Westerleigh", "boro_name": "Staten Island", "trees_2015": 4954, "trees_2005": 5069, "area_km2": 5.87, "density_2005": 863.5, "density_2015": 844.0, "tree_change": -115, "pct_change": -2.3, "data_mode": "official", "generated_at": "2026-08-11T04:47:12.996138+00:00", "tree_source_year": 2015, "geography_vintage": 2010, "dataset_geography": "NTA2010", "tree_2005_unassigned_count": 24027, "tree_2005_mapping_coverage_pct": 95.9 }, "geometry": { "type": "Polygon", "coordinates": [ [ [ -74.132123, 40.608275 ], [ -74.132151, 40.608552 ], [ -74.133117, 40.608506 ], [ -74.135905, 40.60836 ], [ -74.138106, 40.608242 ], [ -74.139974, 40.608147 ], [ -74.140925, 40.60809 ], [ -74.147196, 40.608563 ], [ -74.148783, 40.6092 ], [ -74.148936, 40.609752 ], [ -74.147741, 40.609999 ], [ -74.147005, 40.609853 ], [ -74.146969, 40.610151 ], [ -74.146035, 40.617013 ], [ -74.145124, 40.616966 ], [ -74.144195, 40.616871 ], [ -74.143262, 40.616741 ], [ -74.142337, 40.616608 ], [ -74.139822, 40.6163 ], [ -74.139238, 40.61852 ], [ -74.138737, 40.620374 ], [ -74.138613, 40.621773 ], [ -74.138266, 40.624248 ], [ -74.137227, 40.624296 ], [ -74.136182, 40.624838 ], [ -74.13581, 40.625064 ], [ -74.138351, 40.62732 ], [ -74.138064, 40.627568 ], [ -74.137858, 40.627691 ], [ -74.137307, 40.62819 ], [ -74.136742, 40.628662 ], [ -74.135861, 40.628061 ], [ -74.134087, 40.629542 ], [ -74.133437, 40.629075 ], [ -74.131618, 40.630583 ], [ -74.131074, 40.631148 ], [ -74.130611, 40.630903 ], [ -74.130461, 40.630897 ], [ -74.130247, 40.629609 ], [ -74.13131, 40.626328 ], [ -74.129202, 40.626541 ], [ -74.126664, 40.62689 ], [ -74.125133, 40.627102 ], [ -74.124248, 40.627212 ], [ -74.122162, 40.627477 ], [ -74.121257, 40.627823 ], [ -74.120568, 40.626988 ], [ -74.120129, 40.626536 ], [ -74.118459, 40.625269 ], [ -74.116972, 40.624627 ], [ -74.113309, 40.623042 ], [ -74.110944, 40.621195 ], [ -74.110015, 40.620688 ], [ -74.1058, 40.618829 ], [ -74.105187, 40.618282 ], [ -74.103511, 40.616414 ], [ -74.102094, 40.6146 ], [ -74.099351, 40.612419 ], [ -74.097658, 40.610503 ], [ -74.102148, 40.610318 ], [ -74.104142, 40.610254 ], [ -74.105349, 40.610215 ], [ -74.10667, 40.610418 ], [ -74.109783, 40.610254 ], [ -74.11438, 40.611193 ], [ -74.121384, 40.609899 ], [ -74.127429, 40.608615 ], [ -74.128792, 40.608516 ], [ -74.132123, 40.608275 ] ] ] } },
{ "type": "Feature", "properties": { "nta_code": "SI08", "nta_name": "Grymes Hill-Clifton-Fox Hills", "boro_name": "Staten Island", "trees_2015": 2505, "trees_2005": 2416, "area_km2": 3.52, "density_2005": 686.4, "density_2015": 711.6, "tree_change": 89, "pct_change": 3.7, "data_mode": "official", "generated_at": "2026-08-11T04:47:12.996138+00:00", "tree_source_year": 2015, "geography_vintage": 2010, "dataset_geography": "NTA2010", "tree_2005_unassigned_count": 24027, "tree_2005_mapping_coverage_pct": 95.9 }, "geometry": { "type": "Polygon", "coordinates": [ [ [ -74.090568, 40.609002 ], [ -74.094123, 40.61031 ], [ -74.097658, 40.610503 ], [ -74.099351, 40.612419 ], [ -74.102094, 40.6146 ], [ -74.103511, 40.616414 ], [ -74.102549, 40.616853 ], [ -74.101898, 40.617453 ], [ -74.10135, 40.618024 ], [ -74.099685, 40.619653 ], [ -74.093954, 40.624334 ], [ -74.092239, 40.625743 ], [ -74.091581, 40.626546 ], [ -74.088904, 40.630292 ], [ -74.088077, 40.631081 ], [ -74.087618, 40.631648 ], [ -74.085749, 40.633955 ], [ -74.084913, 40.63364 ], [ -74.083442, 40.632275 ], [ -74.081407, 40.630301 ], [ -74.081731, 40.630012 ], [ -74.079725, 40.628951 ], [ -74.080379, 40.628262 ], [ -74.080832, 40.6274 ], [ -74.083062, 40.627313 ], [ -74.084154, 40.626267 ], [ -74.084962, 40.624625 ], [ -74.08525, 40.622801 ], [ -74.085899, 40.619909 ], [ -74.086007, 40.619094 ], [ -74.08608, 40.618515 ], [ -74.086267, 40.617832 ], [ -74.086571, 40.61717 ], [ -74.086985, 40.616533 ], [ -74.087414, 40.61593 ], [ -74.08721, 40.613307 ], [ -74.084649, 40.615205 ], [ -74.082744, 40.616581 ], [ -74.081103, 40.617789 ], [ -74.080001, 40.618553 ], [ -74.077691, 40.619776 ], [ -74.076955, 40.620161 ], [ -74.072535, 40.622464 ], [ -74.070954, 40.620431 ], [ -74.071309, 40.619639 ], [ -74.074547, 40.616943 ], [ -74.076204, 40.614419 ], [ -74.077557, 40.612137 ], [ -74.08011, 40.608136 ], [ -74.080695, 40.607389 ], [ -74.081644, 40.606178 ], [ -74.082909, 40.606307 ], [ -74.083508, 40.606405 ], [ -74.083965, 40.606493 ], [ -74.088835, 40.608281 ], [ -74.090568, 40.609002 ] ] ] } },
{ "type": "Feature", "properties": { "nta_code": "SI11", "nta_name": "Charleston-Richmond Valley-Tottenville", "boro_name": "Staten Island", "trees_2015": 8216, "trees_2005": 7225, "area_km2": 13.89, "density_2005": 520.2, "density_2015": 591.5, "tree_change": 991, "pct_change": 13.7, "data_mode": "official", "generated_at": "2026-08-11T04:47:12.996138+00:00", "tree_source_year": 2015, "geography_vintage": 2010, "dataset_geography": "NTA2010", "tree_2005_unassigned_count": 24027, "tree_2005_mapping_coverage_pct": 95.9 }, "geometry": { "type": "Polygon", "coordinates": [ [ [ -74.236518147282283, 40.5000323987746 ], [ -74.242134528252393, 40.497862357465799 ], [ -74.246688, 40.496103 ], [ -74.250115054837693, 40.496690495115004 ], [ -74.250188, 40.496703 ], [ -74.250335933629088, 40.496891279164295 ], [ -74.251763897598892, 40.498708687853103 ], [ -74.254588, 40.502303 ], [ -74.255255107231889, 40.504793533665797 ], [ -74.255345044917192, 40.505129301024198 ], [ -74.256042357871593, 40.507732602720594 ], [ -74.256088, 40.507903 ], [ -74.252702, 40.513895 ], [ -74.242934099135795, 40.520870081440393 ], [ -74.242888, 40.520903 ], [ -74.242433766351297, 40.524977743025005 ], [ -74.241732, 40.531273 ], [ -74.241880734744299, 40.531569759596003 ], [ -74.243975650767695, 40.535749592866495 ], [ -74.245234216047194, 40.538260716448299 ], [ -74.247460845253997, 40.542703347434895 ], [ -74.247808, 40.543396 ], [ -74.236975677579608, 40.550103561128701 ], [ -74.236444529739003, 40.550432457045005 ], [ -74.229002, 40.555041 ], [ -74.217383172566699, 40.5549926083822 ], [ -74.216997, 40.554991 ], [ -74.216268119803601, 40.555696140890497 ], [ -74.21336130505729, 40.558508281965096 ], [ -74.212995, 40.558325 ], [ -74.21199, 40.557633 ], [ -74.206672, 40.557935 ], [ -74.213502, 40.555668 ], [ -74.21485, 40.55556 ], [ -74.217209, 40.554715 ], [ -74.217772, 40.553245 ], [ -74.221315, 40.550253 ], [ -74.220544, 40.548324 ], [ -74.220066, 40.547098 ], [ -74.219297, 40.545053 ], [ -74.218994, 40.54431 ], [ -74.217769, 40.541126 ], [ -74.217678, 40.540131 ], [ -74.21771, 40.538312 ], [ -74.2178, 40.53775 ], [ -74.218315, 40.535312 ], [ -74.217756, 40.531449 ], [ -74.21661, 40.528178 ], [ -74.215663, 40.523959 ], [ -74.214098, 40.524098 ], [ -74.213909, 40.523015 ], [ -74.213546, 40.521235 ], [ -74.217606, 40.520872 ], [ -74.223735, 40.518203 ], [ -74.22691, 40.519172 ], [ -74.226634, 40.517251 ], [ -74.223215, 40.508659 ], [ -74.221909414850501, 40.502397274216491 ], [ -74.228006630454388, 40.501806270786297 ], [ -74.23324, 40.501299 ], [ -74.236518147282283, 40.5000323987746 ] ] ] } },
{ "type": "Feature", "properties": { "nta_code": "SI12", "nta_name": "Mariner's Harbor-Arlington-Port Ivory-Graniteville", "boro_name": "Staten Island", "trees_2015": 3776, "trees_2005": 2320, "area_km2": 8.46, "density_2005": 274.2, "density_2015": 446.3, "tree_change": 1456, "pct_change": 62.8, "data_mode": "official", "generated_at": "2026-08-11T04:47:12.996138+00:00", "tree_source_year": 2015, "geography_vintage": 2010, "dataset_geography": "NTA2010", "tree_2005_unassigned_count": 24027, "tree_2005_mapping_coverage_pct": 95.9 }, "geometry": { "type": "Polygon", "coordinates": [ [ [ -74.151945, 40.617529 ], [ -74.152428, 40.616555 ], [ -74.15305, 40.614692 ], [ -74.153674, 40.612351 ], [ -74.157312, 40.615155 ], [ -74.160501, 40.617416 ], [ -74.164704, 40.619632 ], [ -74.168725, 40.621209 ], [ -74.173095, 40.621884 ], [ -74.176073, 40.623533 ], [ -74.178845, 40.626106 ], [ -74.186462, 40.63025 ], [ -74.196438192873899, 40.635401980988902 ], [ -74.194808962518891, 40.636957327641795 ], [ -74.191802543462501, 40.639827409089897 ], [ -74.1894, 40.642121 ], [ -74.1868204209173, 40.643073391017602 ], [ -74.184440478590489, 40.643952075338497 ], [ -74.183776222960191, 40.644197321200501 ], [ -74.1824082385683, 40.644702386563999 ], [ -74.180191, 40.645521 ], [ -74.174085, 40.645109 ], [ -74.173989374267691, 40.645037660946798 ], [ -74.172293089195691, 40.643772192247496 ], [ -74.171424551288595, 40.643124242469803 ], [ -74.171091907432697, 40.642876082302202 ], [ -74.170187, 40.642201 ], [ -74.169874418900193, 40.642140804441397 ], [ -74.168698171182697, 40.641914287584001 ], [ -74.167587280852501, 40.641700356978397 ], [ -74.164564139908094, 40.641118173161097 ], [ -74.161040760904896, 40.640439655594299 ], [ -74.160242435191591, 40.640285917373099 ], [ -74.157792588607904, 40.639814136181904 ], [ -74.156471553275097, 40.639559736732096 ], [ -74.15459224553689, 40.639197827521492 ], [ -74.154499440501908, 40.639179955516695 ], [ -74.152973, 40.638886 ], [ -74.143034206659905, 40.639890883030503 ], [ -74.143086, 40.639784 ], [ -74.144783, 40.637953 ], [ -74.145631, 40.635246 ], [ -74.14691, 40.631156 ], [ -74.147536, 40.629371 ], [ -74.146133, 40.629075 ], [ -74.145936, 40.627824 ], [ -74.145706, 40.627176 ], [ -74.14612, 40.62493 ], [ -74.147814, 40.622028 ], [ -74.151945, 40.617529 ] ] ] } },
{ "type": "Feature", "properties": { "nta_code": "SI14", "nta_name": "Grasmere-Arrochar-Ft. Wadsworth", "boro_name": "Staten Island", "trees_2015": 2133, "trees_2005": 2823, "area_km2": 3.99, "density_2005": 707.5, "density_2015": 534.6, "tree_change": -690, "pct_change": -24.4, "data_mode": "official", "generated_at": "2026-08-11T04:47:12.996138+00:00", "tree_source_year": 2015, "geography_vintage": 2010, "dataset_geography": "NTA2010", "tree_2005_unassigned_count": 24027, "tree_2005_mapping_coverage_pct": 95.9 }, "geometry": { "type": "Polygon", "coordinates": [ [ [ -74.059184, 40.593502 ], [ -74.063387435160493, 40.589111745499004 ], [ -74.064078482058292, 40.588389985405797 ], [ -74.064317, 40.588578 ], [ -74.066626, 40.590342 ], [ -74.067292, 40.590988 ], [ -74.067952, 40.592083 ], [ -74.07044, 40.596735 ], [ -74.072817, 40.595952 ], [ -74.074538, 40.595387 ], [ -74.075399, 40.595104 ], [ -74.076263, 40.594823 ], [ -74.07715, 40.594534 ], [ -74.078022, 40.594255 ], [ -74.078882, 40.593943 ], [ -74.078467, 40.5933 ], [ -74.081649, 40.59221 ], [ -74.08241, 40.593207 ], [ -74.083107, 40.594335 ], [ -74.083752, 40.595491 ], [ -74.08407, 40.595496 ], [ -74.084914, 40.595692 ], [ -74.085875, 40.59589 ], [ -74.083608, 40.597912 ], [ -74.082288, 40.598402 ], [ -74.081304, 40.599387 ], [ -74.082188, 40.601941 ], [ -74.082815, 40.601974 ], [ -74.083842, 40.601922 ], [ -74.084328, 40.601872 ], [ -74.084571, 40.601823 ], [ -74.085152, 40.601677 ], [ -74.085838, 40.601428 ], [ -74.086185, 40.601345 ], [ -74.089476, 40.600904 ], [ -74.090833, 40.599988 ], [ -74.091779, 40.599239 ], [ -74.09272, 40.602498 ], [ -74.092652, 40.605658 ], [ -74.092683, 40.605912 ], [ -74.0924, 40.607072 ], [ -74.09203, 40.607426 ], [ -74.09096, 40.60863 ], [ -74.090801, 40.608779 ], [ -74.090568, 40.609002 ], [ -74.088835, 40.608281 ], [ -74.083965, 40.606493 ], [ -74.083508, 40.606405 ], [ -74.082909, 40.606307 ], [ -74.081644, 40.606178 ], [ -74.077805, 40.606064 ], [ -74.07659, 40.606005 ], [ -74.072936, 40.605561 ], [ -74.069201, 40.604169 ], [ -74.069104, 40.604126 ], [ -74.06544, 40.602829 ], [ -74.064002, 40.602223 ], [ -74.063684, 40.602208 ], [ -74.065163, 40.604201 ], [ -74.06043, 40.606354 ], [ -74.057787, 40.607449 ], [ -74.056887720015098, 40.608014508759794 ], [ -74.053125, 40.603678 ], [ -74.059179037400796, 40.593510334611295 ], [ -74.059184, 40.593502 ] ] ] } },
{ "type": "Feature", "properties": { "nta_code": "SI22", "nta_name": "West New Brighton-New Brighton-St. George", "boro_name": "Staten Island", "trees_2015": 3970, "trees_2005": 2833, "area_km2": 5.68, "density_2005": 498.8, "density_2015": 698.9, "tree_change": 1137, "pct_change": 40.1, "data_mode": "official", "generated_at": "2026-08-11T04:47:12.996138+00:00", "tree_source_year": 2015, "geography_vintage": 2010, "dataset_geography": "NTA2010", "tree_2005_unassigned_count": 24027, "tree_2005_mapping_coverage_pct": 95.9 }, "geometry": { "type": "Polygon", "coordinates": [ [ [ -74.113309, 40.623042 ], [ -74.116972, 40.624627 ], [ -74.118459, 40.625269 ], [ -74.120129, 40.626536 ], [ -74.120568, 40.626988 ], [ -74.121257, 40.627823 ], [ -74.122162, 40.627477 ], [ -74.124248, 40.627212 ], [ -74.125133, 40.627102 ], [ -74.126664, 40.62689 ], [ -74.129202, 40.626541 ], [ -74.13131, 40.626328 ], [ -74.130247, 40.629609 ], [ -74.130461, 40.630897 ], [ -74.130609, 40.63132 ], [ -74.13047, 40.631676 ], [ -74.130166, 40.632371 ], [ -74.129446, 40.63366 ], [ -74.129001, 40.634334 ], [ -74.127847, 40.637277 ], [ -74.126888, 40.63721 ], [ -74.127032, 40.638377 ], [ -74.127015, 40.639319 ], [ -74.126962, 40.640181 ], [ -74.123744, 40.640202 ], [ -74.120659, 40.641196 ], [ -74.120928, 40.641813 ], [ -74.121039164354499, 40.642114738986898 ], [ -74.120568259557189, 40.6421623508271 ], [ -74.120186, 40.642201 ], [ -74.112294089414192, 40.643699715994998 ], [ -74.110690550933697, 40.644004236521894 ], [ -74.107421808649406, 40.644624988150007 ], [ -74.104733628089591, 40.645135488004094 ], [ -74.103535259074391, 40.645363064684297 ], [ -74.101469556071692, 40.645755352723704 ], [ -74.100071872149002, 40.646020780369902 ], [ -74.089930718142696, 40.647946639710597 ], [ -74.08730452241511, 40.648445368313794 ], [ -74.086485, 40.648601 ], [ -74.075884, 40.648101 ], [ -74.075308255438799, 40.647459990733495 ], [ -74.0748212817183, 40.646917815108495 ], [ -74.073510958179199, 40.6454589571578 ], [ -74.071505521590396, 40.643226190192401 ], [ -74.0697, 40.641216 ], [ -74.069354369506286, 40.638362986348 ], [ -74.069322048393005, 40.638096191088394 ], [ -74.069353, 40.638096 ], [ -74.071417, 40.638088 ], [ -74.076983, 40.637796 ], [ -74.077899, 40.638094 ], [ -74.078132, 40.638172 ], [ -74.078788, 40.638269 ], [ -74.080552, 40.63732 ], [ -74.08178, 40.636623 ], [ -74.083021, 40.636025 ], [ -74.083734, 40.635737 ], [ -74.085134, 40.636359 ], [ -74.085879, 40.636692 ], [ -74.086877, 40.635877 ], [ -74.088706, 40.636845 ], [ -74.088917, 40.636528 ], [ -74.089703, 40.635683 ], [ -74.090907, 40.635485 ], [ -74.092449, 40.635619 ], [ -74.094094, 40.639267 ], [ -74.097673, 40.638961 ], [ -74.09788, 40.640358 ], [ -74.099289, 40.640205 ], [ -74.099904, 40.640163 ], [ -74.104371, 40.639084 ], [ -74.105422, 40.638899 ], [ -74.107091, 40.6387 ], [ -74.107337, 40.63854 ], [ -74.107464, 40.638439 ], [ -74.109043, 40.638187 ], [ -74.109542, 40.637987 ], [ -74.110808, 40.637746 ], [ -74.111748, 40.637643 ], [ -74.112794, 40.637531 ], [ -74.114995, 40.637292 ], [ -74.115191, 40.638347 ], [ -74.115786, 40.638275 ], [ -74.116414, 40.638203 ], [ -74.117657, 40.638062 ], [ -74.117549, 40.636954 ], [ -74.117384, 40.635396 ], [ -74.117199, 40.634568 ], [ -74.116836, 40.632675 ], [ -74.116505, 40.630756 ], [ -74.11619, 40.628941 ], [ -74.116143, 40.628702 ], [ -74.115952, 40.62823 ], [ -74.11526, 40.62686 ], [ -74.113934, 40.62433 ], [ -74.113585, 40.623698 ], [ -74.113309, 40.623042 ] ] ] } },
{ "type": "Feature", "properties": { "nta_code": "SI24", "nta_name": "Todt Hill-Emerson Hill-Heartland Village-Lighthouse Hill", "boro_name": "Staten Island", "trees_2015": 4823, "trees_2005": 4893, "area_km2": 16.95, "density_2005": 288.7, "density_2015": 284.5, "tree_change": -70, "pct_change": -1.4, "data_mode": "official", "generated_at": "2026-08-11T04:47:12.996138+00:00", "tree_source_year": 2015, "geography_vintage": 2010, "dataset_geography": "NTA2010", "tree_2005_unassigned_count": 24027, "tree_2005_mapping_coverage_pct": 95.9 }, "geometry": { "type": "Polygon", "coordinates": [ [ [ -74.161532, 40.561269 ], [ -74.162721, 40.560775 ], [ -74.165894, 40.560283 ], [ -74.169827, 40.561078 ], [ -74.169611, 40.566443 ], [ -74.169835, 40.570879 ], [ -74.169731, 40.576965 ], [ -74.169472, 40.579373 ], [ -74.168385, 40.586111 ], [ -74.167614, 40.588927 ], [ -74.165787, 40.590708 ], [ -74.163627, 40.592308 ], [ -74.161899, 40.595142 ], [ -74.1619, 40.595299 ], [ -74.160355, 40.595342 ], [ -74.159892, 40.59517 ], [ -74.156366, 40.593197 ], [ -74.156103, 40.593047 ], [ -74.155373, 40.592597 ], [ -74.152352, 40.590937 ], [ -74.15097, 40.590176 ], [ -74.146873, 40.588573 ], [ -74.146304, 40.588549 ], [ -74.145834, 40.588564 ], [ -74.138667, 40.58902 ], [ -74.134377, 40.595539 ], [ -74.132813, 40.597241 ], [ -74.131239, 40.59831 ], [ -74.13092, 40.598856 ], [ -74.12983, 40.598671 ], [ -74.125453, 40.598137 ], [ -74.122643, 40.599419 ], [ -74.122294, 40.599687 ], [ -74.120772, 40.600672 ], [ -74.120596, 40.60181 ], [ -74.116844, 40.601895 ], [ -74.114871, 40.602137 ], [ -74.115377, 40.603984 ], [ -74.115791, 40.606862 ], [ -74.118345, 40.609144 ], [ -74.12117, 40.608834 ], [ -74.121384, 40.609899 ], [ -74.11438, 40.611193 ], [ -74.109783, 40.610254 ], [ -74.10667, 40.610418 ], [ -74.105349, 40.610215 ], [ -74.104142, 40.610254 ], [ -74.102148, 40.610318 ], [ -74.097658, 40.610503 ], [ -74.094123, 40.61031 ], [ -74.090568, 40.609002 ], [ -74.090801, 40.608779 ], [ -74.09096, 40.60863 ], [ -74.09203, 40.607426 ], [ -74.0924, 40.607072 ], [ -74.092683, 40.605912 ], [ -74.092652, 40.605658 ], [ -74.09272, 40.602498 ], [ -74.091779, 40.599239 ], [ -74.091783, 40.598719 ], [ -74.092286, 40.598082 ], [ -74.092724, 40.597464 ], [ -74.093364, 40.597033 ], [ -74.093755, 40.596745 ], [ -74.094276, 40.596449 ], [ -74.094903, 40.596296 ], [ -74.097221, 40.595365 ], [ -74.098738, 40.594488 ], [ -74.100817, 40.592668 ], [ -74.10083, 40.592632 ], [ -74.100976, 40.591832 ], [ -74.100905, 40.59102 ], [ -74.100883, 40.590179 ], [ -74.101494, 40.589344 ], [ -74.102079, 40.588741 ], [ -74.103926, 40.587076 ], [ -74.104549, 40.5865 ], [ -74.105259, 40.585923 ], [ -74.107909, 40.583685 ], [ -74.109248, 40.582679 ], [ -74.111276, 40.581792 ], [ -74.11221, 40.581267 ], [ -74.112987, 40.580819 ], [ -74.113673, 40.580314 ], [ -74.114818, 40.579177 ], [ -74.117587, 40.577581 ], [ -74.119786, 40.575815 ], [ -74.12177, 40.575054 ], [ -74.123019, 40.575698 ], [ -74.124084, 40.575834 ], [ -74.127089, 40.576369 ], [ -74.129144, 40.57473 ], [ -74.130941, 40.574106 ], [ -74.137042, 40.572909 ], [ -74.141107, 40.572423 ], [ -74.144186, 40.572038 ], [ -74.143874, 40.570606 ], [ -74.144388, 40.569707 ], [ -74.147897, 40.570888 ], [ -74.1517, 40.567857 ], [ -74.152281, 40.567393 ], [ -74.152956, 40.566776 ], [ -74.155851, 40.563774 ], [ -74.159158, 40.561936 ], [ -74.160968, 40.56146 ], [ -74.161532, 40.561269 ] ] ] } },
{ "type": "Feature", "properties": { "nta_code": "SI25", "nta_name": "Oakwood-Oakwood Beach", "boro_name": "Staten Island", "trees_2015": 5675, "trees_2005": 3968, "area_km2": 5.25, "density_2005": 755.8, "density_2015": 1081.0, "tree_change": 1707, "pct_change": 43.0, "data_mode": "official", "generated_at": "2026-08-11T04:47:12.996138+00:00", "tree_source_year": 2015, "geography_vintage": 2010, "dataset_geography": "NTA2010", "tree_2005_unassigned_count": 24027, "tree_2005_mapping_coverage_pct": 95.9 }, "geometry": { "type": "Polygon", "coordinates": [ [ [ -74.112545086335601, 40.5475780987462 ], [ -74.112585, 40.547603 ], [ -74.112828868387396, 40.547471176348701 ], [ -74.116024, 40.549361 ], [ -74.127301, 40.557295 ], [ -74.128117, 40.556535 ], [ -74.130459, 40.554417 ], [ -74.131117, 40.553953 ], [ -74.132453, 40.55294 ], [ -74.133184, 40.552344 ], [ -74.134988, 40.553811 ], [ -74.137431, 40.555818 ], [ -74.138851, 40.556951 ], [ -74.138439, 40.557376 ], [ -74.138036, 40.557691 ], [ -74.135749, 40.55885 ], [ -74.1317, 40.564536 ], [ -74.132402, 40.564761 ], [ -74.137622, 40.566687 ], [ -74.1389, 40.567293 ], [ -74.139764, 40.567712 ], [ -74.141311, 40.568433 ], [ -74.144388, 40.569707 ], [ -74.143874, 40.570606 ], [ -74.144186, 40.572038 ], [ -74.141107, 40.572423 ], [ -74.137042, 40.572909 ], [ -74.130941, 40.574106 ], [ -74.129144, 40.57473 ], [ -74.127089, 40.576369 ], [ -74.124084, 40.575834 ], [ -74.123019, 40.575698 ], [ -74.12177, 40.575054 ], [ -74.121853, 40.574652 ], [ -74.121831, 40.574217 ], [ -74.1217, 40.573833 ], [ -74.121394, 40.572975 ], [ -74.121286, 40.572107 ], [ -74.121625, 40.571502 ], [ -74.122169, 40.57094 ], [ -74.123427, 40.569908 ], [ -74.124899, 40.568949 ], [ -74.123093, 40.567967 ], [ -74.12024, 40.566228 ], [ -74.116362, 40.563915 ], [ -74.113762, 40.566497 ], [ -74.11014, 40.564311 ], [ -74.107869, 40.563146 ], [ -74.106172, 40.562296 ], [ -74.105576, 40.56199 ], [ -74.104845, 40.561596 ], [ -74.104132, 40.561173 ], [ -74.101733, 40.559901 ], [ -74.100337, 40.55908 ], [ -74.099217663786291, 40.558498112685399 ], [ -74.10389629455949, 40.554072717272298 ], [ -74.105272695198195, 40.552770815633096 ], [ -74.107061229483108, 40.551079087475003 ], [ -74.111471, 40.546908 ], [ -74.112545086335601, 40.5475780987462 ] ] ] } },
{ "type": "Feature", "properties": { "nta_code": "SI28", "nta_name": "Port Richmond", "boro_name": "Staten Island", "trees_2015": 3084, "trees_2005": 2078, "area_km2": 3.4, "density_2005": 611.2, "density_2015": 907.1, "tree_change": 1006, "pct_change": 48.4, "data_mode": "official", "generated_at": "2026-08-11T04:47:12.996138+00:00", "tree_source_year": 2015, "geography_vintage": 2010, "dataset_geography": "NTA2010", "tree_2005_unassigned_count": 24027, "tree_2005_mapping_coverage_pct": 95.9 }, "geometry": { "type": "Polygon", "coordinates": [ [ [ -74.148936, 40.609752 ], [ -74.149969, 40.60954 ], [ -74.150506, 40.609906 ], [ -74.153674, 40.612351 ], [ -74.15305, 40.614692 ], [ -74.152428, 40.616555 ], [ -74.151945, 40.617529 ], [ -74.147814, 40.622028 ], [ -74.14612, 40.62493 ], [ -74.145706, 40.627176 ], [ -74.145936, 40.627824 ], [ -74.146133, 40.629075 ], [ -74.147536, 40.629371 ], [ -74.14691, 40.631156 ], [ -74.145631, 40.635246 ], [ -74.144783, 40.637953 ], [ -74.143086, 40.639784 ], [ -74.143034206659905, 40.639890883030503 ], [ -74.142600922132701, 40.639934691192593 ], [ -74.140891963771097, 40.640107479095299 ], [ -74.140053824461191, 40.640192220969006 ], [ -74.138963547630595, 40.640302455747801 ], [ -74.130922960762703, 40.641115416539201 ], [ -74.129277009453304, 40.641281833978802 ], [ -74.121039164354499, 40.642114738986898 ], [ -74.120928, 40.641813 ], [ -74.120659, 40.641196 ], [ -74.123744, 40.640202 ], [ -74.126962, 40.640181 ], [ -74.127015, 40.639319 ], [ -74.127032, 40.638377 ], [ -74.126888, 40.63721 ], [ -74.127847, 40.637277 ], [ -74.129001, 40.634334 ], [ -74.129446, 40.63366 ], [ -74.130166, 40.632371 ], [ -74.13047, 40.631676 ], [ -74.130609, 40.63132 ], [ -74.130461, 40.630897 ], [ -74.130611, 40.630903 ], [ -74.131074, 40.631148 ], [ -74.131618, 40.630583 ], [ -74.133437, 40.629075 ], [ -74.134087, 40.629542 ], [ -74.135861, 40.628061 ], [ -74.136742, 40.628662 ], [ -74.137307, 40.62819 ], [ -74.137858, 40.627691 ], [ -74.138064, 40.627568 ], [ -74.138351, 40.62732 ], [ -74.13581, 40.625064 ], [ -74.136182, 40.624838 ], [ -74.137227, 40.624296 ], [ -74.138266, 40.624248 ], [ -74.138613, 40.621773 ], [ -74.138737, 40.620374 ], [ -74.139238, 40.61852 ], [ -74.139822, 40.6163 ], [ -74.142337, 40.616608 ], [ -74.143262, 40.616741 ], [ -74.144195, 40.616871 ], [ -74.145124, 40.616966 ], [ -74.146035, 40.617013 ], [ -74.146969, 40.610151 ], [ -74.147005, 40.609853 ], [ -74.147741, 40.609999 ], [ -74.148936, 40.609752 ] ] ] } },
{ "type": "Feature", "properties": { "nta_code": "SI32", "nta_name": "Rossville-Woodrow", "boro_name": "Staten Island", "trees_2015": 9251, "trees_2005": 8530, "area_km2": 6.02, "density_2005": 1416.9, "density_2015": 1536.7, "tree_change": 721, "pct_change": 8.5, "data_mode": "official", "generated_at": "2026-08-11T04:47:12.996138+00:00", "tree_source_year": 2015, "geography_vintage": 2010, "dataset_geography": "NTA2010", "tree_2005_unassigned_count": 24027, "tree_2005_mapping_coverage_pct": 95.9 }, "geometry": { "type": "Polygon", "coordinates": [ [ [ -74.206681, 40.525352 ], [ -74.207302, 40.525282 ], [ -74.210282, 40.524721 ], [ -74.211734, 40.524356 ], [ -74.214098, 40.524098 ], [ -74.215663, 40.523959 ], [ -74.21661, 40.528178 ], [ -74.217756, 40.531449 ], [ -74.218315, 40.535312 ], [ -74.2178, 40.53775 ], [ -74.21771, 40.538312 ], [ -74.217678, 40.540131 ], [ -74.217769, 40.541126 ], [ -74.218994, 40.54431 ], [ -74.219297, 40.545053 ], [ -74.220066, 40.547098 ], [ -74.220544, 40.548324 ], [ -74.221315, 40.550253 ], [ -74.217772, 40.553245 ], [ -74.217209, 40.554715 ], [ -74.21485, 40.55556 ], [ -74.213502, 40.555668 ], [ -74.206672, 40.557935 ], [ -74.203343, 40.556133 ], [ -74.200144, 40.548801 ], [ -74.19985, 40.548132 ], [ -74.199121, 40.546709 ], [ -74.197308, 40.543262 ], [ -74.197022, 40.542527 ], [ -74.196713, 40.541847 ], [ -74.196092, 40.540497 ], [ -74.195764, 40.539839 ], [ -74.193771, 40.535834 ], [ -74.193418, 40.535127 ], [ -74.193009, 40.534326 ], [ -74.192374, 40.533041 ], [ -74.191744, 40.531917 ], [ -74.193133, 40.531195 ], [ -74.194979, 40.530437 ], [ -74.196084, 40.529912 ], [ -74.199843, 40.527858 ], [ -74.200528, 40.527365 ], [ -74.200886, 40.527071 ], [ -74.201171, 40.526754 ], [ -74.201527, 40.526265 ], [ -74.202769, 40.525907 ], [ -74.20526, 40.525576 ], [ -74.205461, 40.525544 ], [ -74.206681, 40.525352 ] ] ] } },
{ "type": "Feature", "properties": { "nta_code": "SI35", "nta_name": "New Brighton-Silver Lake", "boro_name": "Staten Island", "trees_2015": 3539, "trees_2005": 3842, "area_km2": 4.37, "density_2005": 879.2, "density_2015": 809.8, "tree_change": -303, "pct_change": -7.9, "data_mode": "official", "generated_at": "2026-08-11T04:47:12.996138+00:00", "tree_source_year": 2015, "geography_vintage": 2010, "dataset_geography": "NTA2010", "tree_2005_unassigned_count": 24027, "tree_2005_mapping_coverage_pct": 95.9 }, "geometry": { "type": "Polygon", "coordinates": [ [ [ -74.091581, 40.626546 ], [ -74.092239, 40.625743 ], [ -74.093954, 40.624334 ], [ -74.099685, 40.619653 ], [ -74.10135, 40.618024 ], [ -74.101898, 40.617453 ], [ -74.102549, 40.616853 ], [ -74.103511, 40.616414 ], [ -74.105187, 40.618282 ], [ -74.1058, 40.618829 ], [ -74.110015, 40.620688 ], [ -74.110944, 40.621195 ], [ -74.113309, 40.623042 ], [ -74.113585, 40.623698 ], [ -74.113934, 40.62433 ], [ -74.11526, 40.62686 ], [ -74.115952, 40.62823 ], [ -74.116143, 40.628702 ], [ -74.11619, 40.628941 ], [ -74.116505, 40.630756 ], [ -74.116836, 40.632675 ], [ -74.117199, 40.634568 ], [ -74.117384, 40.635396 ], [ -74.117549, 40.636954 ], [ -74.117657, 40.638062 ], [ -74.116414, 40.638203 ], [ -74.115786, 40.638275 ], [ -74.115191, 40.638347 ], [ -74.114995, 40.637292 ], [ -74.112794, 40.637531 ], [ -74.111748, 40.637643 ], [ -74.110808, 40.637746 ], [ -74.109542, 40.637987 ], [ -74.109043, 40.638187 ], [ -74.107464, 40.638439 ], [ -74.107337, 40.63854 ], [ -74.107091, 40.6387 ], [ -74.105422, 40.638899 ], [ -74.104371, 40.639084 ], [ -74.099904, 40.640163 ], [ -74.099289, 40.640205 ], [ -74.09788, 40.640358 ], [ -74.097673, 40.638961 ], [ -74.094094, 40.639267 ], [ -74.092449, 40.635619 ], [ -74.090907, 40.635485 ], [ -74.089703, 40.635683 ], [ -74.088917, 40.636528 ], [ -74.088706, 40.636845 ], [ -74.086877, 40.635877 ], [ -74.085879, 40.636692 ], [ -74.085134, 40.636359 ], [ -74.083734, 40.635737 ], [ -74.083947, 40.635654 ], [ -74.084437, 40.635405 ], [ -74.085749, 40.633955 ], [ -74.087618, 40.631648 ], [ -74.088077, 40.631081 ], [ -74.088904, 40.630292 ], [ -74.091581, 40.626546 ] ] ] } },
{ "type": "Feature", "properties": { "nta_code": "SI36", "nta_name": "Old Town-Dongan Hills-South Beach", "boro_name": "Staten Island", "trees_2015": 4952, "trees_2005": 4552, "area_km2": 6.25, "density_2005": 728.3, "density_2015": 792.3, "tree_change": 400, "pct_change": 8.8, "data_mode": "official", "generated_at": "2026-08-11T04:47:12.996138+00:00", "tree_source_year": 2015, "geography_vintage": 2010, "dataset_geography": "NTA2010", "tree_2005_unassigned_count": 24027, "tree_2005_mapping_coverage_pct": 95.9 }, "geometry": { "type": "Polygon", "coordinates": [ [ [ -74.084394609739903, 40.571457107893593 ], [ -74.085007, 40.571758 ], [ -74.087678, 40.573071 ], [ -74.091822, 40.575275 ], [ -74.094087, 40.576419 ], [ -74.094837, 40.576806 ], [ -74.095212, 40.577045 ], [ -74.096132, 40.577526 ], [ -74.100391, 40.579689 ], [ -74.09844, 40.581242 ], [ -74.102497, 40.584016 ], [ -74.102789, 40.584225 ], [ -74.105259, 40.585923 ], [ -74.104549, 40.5865 ], [ -74.103926, 40.587076 ], [ -74.102079, 40.588741 ], [ -74.101494, 40.589344 ], [ -74.100883, 40.590179 ], [ -74.100905, 40.59102 ], [ -74.100976, 40.591832 ], [ -74.10083, 40.592632 ], [ -74.100817, 40.592668 ], [ -74.098738, 40.594488 ], [ -74.097221, 40.595365 ], [ -74.094903, 40.596296 ], [ -74.094276, 40.596449 ], [ -74.093755, 40.596745 ], [ -74.093364, 40.597033 ], [ -74.092724, 40.597464 ], [ -74.092286, 40.598082 ], [ -74.091783, 40.598719 ], [ -74.091779, 40.599239 ], [ -74.090833, 40.599988 ], [ -74.089476, 40.600904 ], [ -74.086185, 40.601345 ], [ -74.085838, 40.601428 ], [ -74.085152, 40.601677 ], [ -74.084571, 40.601823 ], [ -74.084328, 40.601872 ], [ -74.083842, 40.601922 ], [ -74.082815, 40.601974 ], [ -74.082188, 40.601941 ], [ -74.081304, 40.599387 ], [ -74.082288, 40.598402 ], [ -74.083608, 40.597912 ], [ -74.085875, 40.59589 ], [ -74.084914, 40.595692 ], [ -74.08407, 40.595496 ], [ -74.083752, 40.595491 ], [ -74.083107, 40.594335 ], [ -74.08241, 40.593207 ], [ -74.081649, 40.59221 ], [ -74.078467, 40.5933 ], [ -74.078882, 40.593943 ], [ -74.078022, 40.594255 ], [ -74.07715, 40.594534 ], [ -74.076263, 40.594823 ], [ -74.075399, 40.595104 ], [ -74.074538, 40.595387 ], [ -74.072817, 40.595952 ], [ -74.07044, 40.596735 ], [ -74.067952, 40.592083 ], [ -74.067292, 40.590988 ], [ -74.066626, 40.590342 ], [ -74.064317, 40.588578 ], [ -74.064078482058292, 40.588389985405797 ], [ -74.068184, 40.584102 ], [ -74.075790912859503, 40.578168318669398 ], [ -74.084394609739903, 40.571457107893593 ] ] ] } },
{ "type": "Feature", "properties": { "nta_code": "SI37", "nta_name": "Stapleton-Rosebank", "boro_name": "Staten Island", "trees_2015": 3840, "trees_2005": 2717, "area_km2": 5.07, "density_2005": 535.9, "density_2015": 757.4, "tree_change": 1123, "pct_change": 41.3, "data_mode": "official", "generated_at": "2026-08-11T04:47:12.996138+00:00", "tree_source_year": 2015, "geography_vintage": 2010, "dataset_geography": "NTA2010", "tree_2005_unassigned_count": 24027, "tree_2005_mapping_coverage_pct": 95.9 }, "geometry": { "type": "Polygon", "coordinates": [ [ [ -74.064002, 40.602223 ], [ -74.06544, 40.602829 ], [ -74.069104, 40.604126 ], [ -74.069201, 40.604169 ], [ -74.072936, 40.605561 ], [ -74.07659, 40.606005 ], [ -74.077805, 40.606064 ], [ -74.081644, 40.606178 ], [ -74.080695, 40.607389 ], [ -74.08011, 40.608136 ], [ -74.077557, 40.612137 ], [ -74.076204, 40.614419 ], [ -74.074547, 40.616943 ], [ -74.071309, 40.619639 ], [ -74.070954, 40.620431 ], [ -74.072535, 40.622464 ], [ -74.076955, 40.620161 ], [ -74.077691, 40.619776 ], [ -74.080001, 40.618553 ], [ -74.081103, 40.617789 ], [ -74.082744, 40.616581 ], [ -74.084649, 40.615205 ], [ -74.08721, 40.613307 ], [ -74.087414, 40.61593 ], [ -74.086985, 40.616533 ], [ -74.086571, 40.61717 ], [ -74.086267, 40.617832 ], [ -74.08608, 40.618515 ], [ -74.086007, 40.619094 ], [ -74.085899, 40.619909 ], [ -74.08525, 40.622801 ], [ -74.084962, 40.624625 ], [ -74.084154, 40.626267 ], [ -74.083062, 40.627313 ], [ -74.080832, 40.6274 ], [ -74.080379, 40.628262 ], [ -74.079725, 40.628951 ], [ -74.081731, 40.630012 ], [ -74.081407, 40.630301 ], [ -74.083442, 40.632275 ], [ -74.084913, 40.63364 ], [ -74.085749, 40.633955 ], [ -74.084437, 40.635405 ], [ -74.083947, 40.635654 ], [ -74.083734, 40.635737 ], [ -74.083021, 40.636025 ], [ -74.08178, 40.636623 ], [ -74.080552, 40.63732 ], [ -74.078788, 40.638269 ], [ -74.078132, 40.638172 ], [ -74.077899, 40.638094 ], [ -74.076983, 40.637796 ], [ -74.071417, 40.638088 ], [ -74.069353, 40.638096 ], [ -74.069322048393005, 40.638096191088394 ], [ -74.067753032005996, 40.625144714717102 ], [ -74.06773603158419, 40.625004384404399 ], [ -74.067598, 40.623865 ], [ -74.065301274661095, 40.620107528212898 ], [ -74.064782457208295, 40.619258736279193 ], [ -74.063517919695784, 40.617189936868897 ], [ -74.06314475518829, 40.616579435001299 ], [ -74.062560681036686, 40.615623882280701 ], [ -74.060345, 40.611999 ], [ -74.060278988197894, 40.611922921855196 ], [ -74.059614282371399, 40.611156852993304 ], [ -74.056887720015098, 40.608014508759794 ], [ -74.057787, 40.607449 ], [ -74.06043, 40.606354 ], [ -74.065163, 40.604201 ], [ -74.063684, 40.602208 ], [ -74.064002, 40.602223 ] ] ] } },
{ "type": "Feature", "properties": { "nta_code": "SI45", "nta_name": "New Dorp-Midland Beach", "boro_name": "Staten Island", "trees_2015": 5452, "trees_2005": 5037, "area_km2": 5.14, "density_2005": 980.0, "density_2015": 1060.7, "tree_change": 415, "pct_change": 8.2, "data_mode": "official", "generated_at": "2026-08-11T04:47:12.996138+00:00", "tree_source_year": 2015, "geography_vintage": 2010, "dataset_geography": "NTA2010", "tree_2005_unassigned_count": 24027, "tree_2005_mapping_coverage_pct": 95.9 }, "geometry": { "type": "Polygon", "coordinates": [ [ [ -74.100337, 40.55908 ], [ -74.101733, 40.559901 ], [ -74.104132, 40.561173 ], [ -74.104845, 40.561596 ], [ -74.105576, 40.56199 ], [ -74.106172, 40.562296 ], [ -74.107869, 40.563146 ], [ -74.11014, 40.564311 ], [ -74.113762, 40.566497 ], [ -74.116362, 40.563915 ], [ -74.12024, 40.566228 ], [ -74.123093, 40.567967 ], [ -74.124899, 40.568949 ], [ -74.123427, 40.569908 ], [ -74.122169, 40.57094 ], [ -74.121625, 40.571502 ], [ -74.121286, 40.572107 ], [ -74.121394, 40.572975 ], [ -74.1217, 40.573833 ], [ -74.121831, 40.574217 ], [ -74.121853, 40.574652 ], [ -74.12177, 40.575054 ], [ -74.119786, 40.575815 ], [ -74.117587, 40.577581 ], [ -74.114818, 40.579177 ], [ -74.113673, 40.580314 ], [ -74.112987, 40.580819 ], [ -74.11221, 40.581267 ], [ -74.111276, 40.581792 ], [ -74.109248, 40.582679 ], [ -74.107909, 40.583685 ], [ -74.105259, 40.585923 ], [ -74.102789, 40.584225 ], [ -74.102497, 40.584016 ], [ -74.09844, 40.581242 ], [ -74.100391, 40.579689 ], [ -74.096132, 40.577526 ], [ -74.095212, 40.577045 ], [ -74.094837, 40.576806 ], [ -74.094087, 40.576419 ], [ -74.091822, 40.575275 ], [ -74.087678, 40.573071 ], [ -74.085007, 40.571758 ], [ -74.084394609739903, 40.571457107893593 ], [ -74.090797, 40.566463 ], [ -74.090869636333892, 40.566394295177005 ], [ -74.093292854649889, 40.564102235867395 ], [ -74.094457846097001, 40.563000300695194 ], [ -74.094636058497201, 40.562831734211393 ], [ -74.096863206134103, 40.560725133068004 ], [ -74.098421395487406, 40.559251282202005 ], [ -74.099217663786291, 40.558498112685399 ], [ -74.100337, 40.55908 ] ] ] } },
{ "type": "Feature", "properties": { "nta_code": "SI48", "nta_name": "Arden Heights", "boro_name": "Staten Island", "trees_2015": 6999, "trees_2005": 7139, "area_km2": 4.68, "density_2005": 1525.4, "density_2015": 1495.5, "tree_change": -140, "pct_change": -2.0, "data_mode": "official", "generated_at": "2026-08-11T04:47:12.996138+00:00", "tree_source_year": 2015, "geography_vintage": 2010, "dataset_geography": "NTA2010", "tree_2005_unassigned_count": 24027, "tree_2005_mapping_coverage_pct": 95.9 }, "geometry": { "type": "Polygon", "coordinates": [ [ [ -74.183579, 40.544304 ], [ -74.185627, 40.541924 ], [ -74.189055, 40.53814 ], [ -74.191369, 40.536691 ], [ -74.192516, 40.536222 ], [ -74.193771, 40.535834 ], [ -74.195764, 40.539839 ], [ -74.196092, 40.540497 ], [ -74.196713, 40.541847 ], [ -74.197022, 40.542527 ], [ -74.197308, 40.543262 ], [ -74.199121, 40.546709 ], [ -74.19985, 40.548132 ], [ -74.200144, 40.548801 ], [ -74.203343, 40.556133 ], [ -74.199771, 40.55687 ], [ -74.197695, 40.558887 ], [ -74.194076, 40.562079 ], [ -74.187269, 40.564042 ], [ -74.183403, 40.565405 ], [ -74.182397, 40.565486 ], [ -74.181395, 40.565238 ], [ -74.177945, 40.563983 ], [ -74.177618, 40.563804 ], [ -74.171837, 40.561515 ], [ -74.174373, 40.558708 ], [ -74.176116, 40.555937 ], [ -74.177463, 40.553411 ], [ -74.178745, 40.550996 ], [ -74.179334, 40.549888 ], [ -74.180185, 40.548379 ], [ -74.181285, 40.546958 ], [ -74.183579, 40.544304 ] ] ] } },
{ "type": "Feature", "properties": { "nta_code": "SI54", "nta_name": "Great Kills", "boro_name": "Staten Island", "trees_2015": 10734, "trees_2005": 9852, "area_km2": 8.4, "density_2005": 1172.9, "density_2015": 1277.9, "tree_change": 882, "pct_change": 9.0, "data_mode": "official", "generated_at": "2026-08-11T04:47:12.996138+00:00", "tree_source_year": 2015, "geography_vintage": 2010, "dataset_geography": "NTA2010", "tree_2005_unassigned_count": 24027, "tree_2005_mapping_coverage_pct": 95.9 }, "geometry": { "type": "Polygon", "coordinates": [ [ [ -74.148398458636706, 40.534535924632195 ], [ -74.148697, 40.534489 ], [ -74.149759524750905, 40.533816382169299 ], [ -74.156997736587584, 40.529234323878697 ], [ -74.159902464311301, 40.527395522797796 ], [ -74.160058, 40.527635 ], [ -74.160425, 40.528119 ], [ -74.161349, 40.529374 ], [ -74.158511, 40.530566 ], [ -74.153975, 40.534268 ], [ -74.15852, 40.537237 ], [ -74.159141, 40.537899 ], [ -74.161024, 40.539898 ], [ -74.164231, 40.543301 ], [ -74.165296, 40.544273 ], [ -74.165401, 40.544433 ], [ -74.165743, 40.545398 ], [ -74.166197, 40.547111 ], [ -74.166233, 40.547343 ], [ -74.166832, 40.547779 ], [ -74.167099, 40.548448 ], [ -74.167418, 40.549881 ], [ -74.167572, 40.550575 ], [ -74.168052, 40.552718 ], [ -74.168367, 40.554131 ], [ -74.168524, 40.554852 ], [ -74.169477, 40.559126 ], [ -74.169736, 40.56025 ], [ -74.169827, 40.561078 ], [ -74.165894, 40.560283 ], [ -74.162721, 40.560775 ], [ -74.161532, 40.561269 ], [ -74.160968, 40.56146 ], [ -74.159158, 40.561936 ], [ -74.155851, 40.563774 ], [ -74.152956, 40.566776 ], [ -74.152281, 40.567393 ], [ -74.1517, 40.567857 ], [ -74.147897, 40.570888 ], [ -74.144388, 40.569707 ], [ -74.141311, 40.568433 ], [ -74.139764, 40.567712 ], [ -74.1389, 40.567293 ], [ -74.137622, 40.566687 ], [ -74.132402, 40.564761 ], [ -74.1317, 40.564536 ], [ -74.135749, 40.55885 ], [ -74.138036, 40.557691 ], [ -74.138439, 40.557376 ], [ -74.138851, 40.556951 ], [ -74.137431, 40.555818 ], [ -74.134988, 40.553811 ], [ -74.133184, 40.552344 ], [ -74.134558, 40.551255 ], [ -74.138641, 40.548475 ], [ -74.135683, 40.546373 ], [ -74.133078, 40.543631 ], [ -74.142425090829605, 40.534481549109003 ], [ -74.144428, 40.53516 ], [ -74.145092058376292, 40.535055623525302 ], [ -74.145218347156003, 40.535035773496901 ], [ -74.148336213231303, 40.534545708344304 ], [ -74.148398458636706, 40.534535924632195 ] ] ] } },
{ "type": "Feature", "properties": { "nta_code": "SI99", "nta_name": "park-cemetery-etc-Staten Island", "boro_name": "Staten Island", "trees_2015": 0, "trees_2005": 0, "area_km2": 2.22, "density_2005": 0.0, "density_2015": 0.0, "tree_change": 0, "pct_change": null, "data_mode": "official", "generated_at": "2026-08-11T04:47:12.996138+00:00", "tree_source_year": 2015, "geography_vintage": 2010, "dataset_geography": "NTA2010", "tree_2005_unassigned_count": 24027, "tree_2005_mapping_coverage_pct": 95.9 }, "geometry": { "type": "Polygon", "coordinates": [ [ [ -74.140162703241202, 40.533655550775897 ], [ -74.14023, 40.533738 ], [ -74.142425090829605, 40.534481549109003 ], [ -74.133078, 40.543631 ], [ -74.135683, 40.546373 ], [ -74.138641, 40.548475 ], [ -74.134558, 40.551255 ], [ -74.133184, 40.552344 ], [ -74.132453, 40.55294 ], [ -74.131117, 40.553953 ], [ -74.130459, 40.554417 ], [ -74.128117, 40.556535 ], [ -74.127301, 40.557295 ], [ -74.116024, 40.549361 ], [ -74.112828868387396, 40.547471176348701 ], [ -74.112901977236788, 40.547431657182003 ], [ -74.121672, 40.542691 ], [ -74.129336299842592, 40.536480893858695 ], [ -74.137241, 40.530076 ], [ -74.140162703241202, 40.533655550775897 ] ] ] } }
]
}
